Time,linear_velocity_x,angular_velocity_yaw,twist.twist.linear.x,twist.twist.angular.z,linear.x,angular.z
4.51,-1.290433649825724e-08,8.791940013857112e-06,7.771651726108348e-08,9.59480713958318e-06,0.0,0.0
4.5440000000000005,-1.2910504777364662e-08,8.792174801021714e-06,7.771651726108348e-08,9.59480713958318e-06,0.0,0.0
4.578,-1.3307965340325134e-08,9.05884402726222e-06,7.77147385062253e-08,9.594980737095271e-06,0.0,0.0
4.612,-1.292239464584054e-08,8.792634555878437e-06,7.771112097517958e-08,9.595333798458772e-06,-0.1505263149738311,0.3035993278026581
4.646,-1.2927953842580413e-08,8.792852839727975e-06,7.771112097517958e-08,9.595333798458772e-06,-0.1505263149738311,0.3035993278026581
4.68,-0.0340340775474182,-3.4849109978429603e-06,-0.0324113059274277,-8.171694144040287e-06,-0.1505263149738311,0.3035993278026581
4.714,-0.0667268011078723,-2.202940159275703e-06,-0.063988530149068,-4.627927121841332e-05,-0.1509070545434951,0.303581565618515
4.748,-0.1000901498314785,-2.203332674297065e-06,-0.063988530149068,-4.627927121841332e-05,-0.1509070545434951,0.303581565618515
4.782,-0.1332181627291014,0.049235145054386,-0.0955529835692913,-6.966715216625863e-05,-0.1509070545434951,0.303581565618515
4.816,-0.1495531042169138,0.3007677161673553,-0.0955529835692913,-6.966715216625863e-05,-0.1805845201015472,0.3035200834274292
4.85,-0.1495879415750197,0.3008578641739068,-0.1451302616236836,0.2076885702428577,-0.1805845201015472,0.3035200834274292
4.884,-0.163486141012235,0.0493346343920238,-0.1607651369691169,0.0475381776502574,-0.1711734384298324,0.3183073997497558
4.918,-0.1789913340382998,0.3003519668468148,-0.1607651369691169,0.0475381776502574,-0.1711734384298324,0.3183073997497558
4.952,-0.1696592609552092,0.3151135153496808,-0.1744464971422183,0.3214628491052817,-0.1711734384298324,0.3183073997497558
4.986,-0.1748460010083107,0.3247454339903103,-0.1739620218269615,0.3165242404110646,-0.1711734384298324,0.3183073997497558
5.02,-0.1696638458161992,0.3150046128228366,-0.1722554150848931,0.2977534237962311,-0.1109333783388137,0.4724216759204864
5.054,-0.1696423084781119,0.3151031885884339,-0.1731480061374474,0.309983036643134,-0.1109333783388137,0.4724216759204864
5.088,-0.1294104879638311,0.0489146228120126,-0.1635206624984047,0.1877348070711709,-0.1393475383520126,0.3272220194339751
5.122,-0.1177497439627736,0.3704645385780613,-0.1635206624984047,0.1877348070711709,-0.1393475383520126,0.3272220194339751
5.156,-0.1380477834023836,0.3237195731668381,-0.1526182584982482,0.1786433615517689,-0.1393475383520126,0.3272220194339751
5.19,-0.1421879308066548,0.3329884967695729,-0.1470007758249072,0.2584895706813811,-0.1364784836769104,0.3017202913761139
5.224,-0.1351465175068,0.298926944015135,-0.1422019130220239,0.3262421804371069,-0.1364784836769104,0.3017202913761139
5.258,-0.1392404161628461,0.3081587296756955,-0.1390660849912362,0.3017782372918575,-0.1364784836769104,0.3017202913761139
5.292,-0.1351673462664328,0.2992406448012523,-0.1390660849912362,0.3017782372918575,-0.1154945492744445,0.539726972579956
5.326,-0.11445507495336,0.5348802999999172,-0.139115697144163,0.302092530251539,-0.1154945492744445,0.539726972579956
5.36,-0.1179064387950303,0.5514457359303219,-0.1203180543033409,0.5404118649104095,-0.1154945492744445,0.539726972579956
5.394,-0.1144410963958405,0.5354691235298799,-0.1203180543033409,0.5404118649104095,0.1112776324152946,0.8440016508102418
5.428,-0.10472603281678,0.3246419104899143,-0.1203424179095583,0.5405565993066894,0.1112776324152946,0.8440016508102418
5.462,-0.0738681623656313,0.3341028922426424,-0.1086245084290124,0.3279982589755978,0.1112776324152946,0.8440016508102418
5.496,-0.0380018729406871,0.3242767311762981,-0.1086245084290124,0.3279982589755978,0.1223557218909263,0.6151777505874634
5.53,-0.0046385050395787,0.3242770930059037,-0.0520379645234306,0.3655275151986319,0.1223557218909263,0.6151777505874634
5.564,0.0292550338452612,0.3341036366878643,-0.0006397020373524,0.426385456362831,0.1223557218909263,0.6151777505874634
5.598,0.0620883099402891,0.3242765508156148,-0.0006397020373524,0.426385456362831,0.1505263149738311,0.7299752235412599
5.632,0.0954516727483432,0.324275995531282,0.0199276084795067,0.424281739344362,0.1505263149738311,0.7299752235412599
5.666,0.126585593744327,0.406508364540769,0.0404727208179561,0.4000855151346589,0.1505263149738311,0.7299752235412599
5.7,0.1491697356454838,0.7233968746178816,0.0404727208179561,0.4000855151346589,-0.1191004887223243,0.5395726561546326
5.734,0.0894506974331859,0.395154686986543,0.079995228035677,0.2833474378239574,-0.1191004887223243,0.5395726561546326
5.768,0.0581791820184812,0.4064795829200388,0.0640610540025181,0.5494726238855377,-0.1191004887223243,0.5395726561546326
5.802,0.0227726506375629,0.3945462641070963,0.0432306170062333,0.7275167419863053,0.1131739616394043,0.8038315773010254
5.836,-0.0105907459428435,0.3945463562241791,0.0432306170062333,0.7275167419863053,0.1131739616394043,0.8038315773010254
5.87,0.0231191724277392,0.4065431338863534,0.0329354643880224,0.5940134876896742,0.1131739616394043,0.8038315773010254
5.904,0.0561358169503142,0.3945505696318505,0.0474980176893871,0.351225800248469,0.1739932000637054,0.9140135049819949
5.938,0.0847418767160153,0.454014145417747,0.0589130494769437,0.1438706138360362,0.1739932000637054,0.9140135049819949
5.972,0.1213472213093052,0.4677315503007146,0.0724110191554585,-0.0568366784956878,0.1739932000637054,0.9140135049819949
6.006,0.1438714690412106,0.5489787602194327,0.0724110191554585,-0.0568366784956878,-0.1148117780685424,0.1154710203409195
6.04,0.1724043465408421,0.9060345295031936,0.086591398753271,-0.2005433013158528,-0.1148117780685424,0.1154710203409195
6.074,0.1142015686970123,0.5655623614057936,0.0858791077980024,0.2589260884457491,-0.1148117780685424,0.1154710203409195
6.108,0.0771347943662326,0.5486338121052005,0.0858791077980024,0.2589260884457491,0.1189155578613281,0.5625158548355101
6.142,0.0437865762682045,0.5489124218083,0.0424200090395133,0.5790734602261927,0.1189155578613281,0.5625158548355101
6.176,0.079146199187001,0.5655689971131274,0.0677692026373621,0.4887388689701419,0.1189155578613281,0.5625158548355101
6.21,0.1105133147659156,0.5489173028743839,0.0677692026373621,0.4887388689701419,0.1776599138975143,0.8087388873100281
6.244,0.1178404987911347,0.5574944186578039,0.0915413615160987,0.4704591981573143,0.1776599138975143,0.8087388873100281
6.2780000000000005,0.1478961730515988,0.5655503656851152,0.1373611028101108,0.5411441217876254,0.1776599138975143,0.8087388873100281
6.312,0.1665525187526492,0.6825064560142791,0.1373611028101108,0.5411441217876254,0.1499707549810409,0.8447338938713073
6.346,0.1760793263596659,0.8011851417736642,0.1704391864150162,0.8081909530873954,0.1499707549810409,0.8447338938713073
6.38,0.143309642110461,0.7404569425808071,0.1704391864150162,0.8081909530873954,0.1499707549810409,0.8447338938713073
6.414,0.1487454698447523,0.8370845451775545,0.1425608107674538,0.8449060927281821,0.2042336463928222,0.9476781487464904
6.448,0.1487428505350396,0.8369180539709448,0.1425623175639332,0.8446696357321903,0.2042336463928222,0.9476781487464904
6.482,0.1773434672156695,0.7404579219736032,0.1425623175639332,0.8446696357321903,0.2042336463928222,0.9476781487464904
6.516,0.1952885653728263,0.850327907352949,0.1553100710010025,0.7251997363001138,0.2199999988079071,0.8856952786445618
6.55,0.2024299548803043,0.938667443022789,0.1683335237368617,0.5598110280897735,0.2199999988079071,0.8856952786445618
6.584,0.2172520522337748,0.8134632090061488,0.1683335237368617,0.5598110280897735,0.2199999988079071,0.8856952786445618
6.618,0.2180167932038631,0.8777086011380866,0.1876346091288459,0.6896445011092988,0.2199999988079071,0.8634008169174193
6.652,0.2180169356016071,0.8556121061072761,0.1967392761990302,0.8893535160958538,0.2199999988079071,0.8634008169174193
6.686,0.2246194877115121,0.8815024092361884,0.1967392761990302,0.8893535160958538,0.2199999988079071,0.8634008169174193
6.72,0.2180225153048546,0.8556822319246137,0.2030748856970411,0.96702993546201,0.2056178599596023,0.8155074119567871
6.754,0.2180354123120673,0.855844364550012,0.2030748856970411,0.96702993546201,0.2056178599596023,0.8155074119567871
6.788,0.2024931715688712,0.7648788107115211,0.1923387191268868,0.7613583940799067,0.2056178599596023,0.8155074119567871
6.822,0.2036978227290572,0.8093533257310023,0.1982550374967049,0.8174515282881599,0.2199999988079071,0.7531532645225524
6.856,0.2037232617926162,0.8093155600262862,0.1982593665017482,0.8170827320436619,0.2199999988079071,0.7531532645225524
6.89,0.2179761166598237,0.7468720600575249,0.2065309032005318,0.660086962507837,0.2199999988079071,0.7531532645225524
6.924,0.2179833231379132,0.7467225276215305,0.2065309032005318,0.660086962507837,0.2056978642940521,0.6940057873725891
6.958,0.2100073461975608,0.7084276561613694,0.2130023867236397,0.75086642716933,0.2056978642940521,0.6940057873725891
6.992,0.2038145473212188,0.6873668796870971,0.199458842777783,0.6934882383281046,0.2056978642940521,0.6940057873725891
7.026,0.2038467289933371,0.6873799549545814,0.1995003990242881,0.6935249874117043,0.1915199607610702,0.6363103389739991
7.06,0.1955836722581501,0.649363139682642,0.1995003990242881,0.6935249874117043,0.1915199607610702,0.6363103389739991
7.094,0.1898610940197631,0.6302050384478942,0.1858819927696683,0.6358598598566124,0.1915199607610702,0.6363103389739991
7.128,0.189892973110837,0.6302162641339837,0.1859198068592703,0.6359158348805635,0.2199999988079071,0.5948342084884644
7.162,0.2315056833822412,0.7222569985450121,0.1859198068592703,0.6359158348805635,0.2199999988079071,0.5948342084884644
7.196,0.2180652712258071,0.5892047267214556,0.2053642543000957,0.6068213867816744,0.2199999988079071,0.5948342084884644
7.23,0.2181127573826901,0.5888903399065849,0.2147311509236528,0.5933278570952703,0.2060718089342117,0.5493854880332947
7.264,0.2172217788900197,0.6764998630077144,0.2077651538607648,0.6458438098358698,0.2060718089342117,0.5493854880332947
7.298,0.2042383517142363,0.5441370296457053,0.2077651538607648,0.6458438098358698,0.2199999988079071,0.4899463653564453
7.332,0.2041561657004945,0.5438414210255846,0.2018390767903118,0.5470503576134985,0.2199999988079071,0.4899463653564453
7.366,0.2246018402028514,0.4999678916140054,0.2004963085365259,0.555197772776979,0.2199999988079071,0.4899463653564453
7.4,0.2179835014527394,0.4851098869883896,0.2123453428322553,0.5257553382828111,0.2058155983686447,0.4321208596229553
7.434,0.2179349602102438,0.485977962433492,0.2123453428322553,0.5257553382828111,0.2058155983686447,0.4321208596229553
7.468,0.2101016289434336,0.4416295041435186,0.2018578254316086,0.433149482793832,0.2058155983686447,0.4321208596229553
7.502,0.2039081586590177,0.4289772945737208,0.2018578254316086,0.433149482793832,0.2199999988079071,0.3921238481998444
7.536,0.2039409332734011,0.4289288087075329,0.2018954678688509,0.4330764068213147,0.2199999988079071,0.3921238481998444
7.57,0.2316770312453226,0.6353242212726234,0.2146448126120535,0.5282096382883892,0.2199999988079071,0.3921238481998444
7.604,0.2180716087343211,0.3886482091309447,0.2146448126120535,0.5282096382883892,0.2199999988079071,0.3921238481998444
7.638,0.2180570569495638,0.3886667637796503,0.216521115726381,0.3918899033200115,0.2199999988079071,0.3921238481998444
7.672,0.2246595773969846,0.3999805536441693,0.2154229170369395,0.3757540870156119,0.2199999988079071,0.3921238481998444
7.706,0.2180614733112897,0.3879734262751767,0.2154229170369395,0.3757540870156119,0.2066012024879455,0.5808823108673096
7.74,0.2180292912998091,0.3872278678659522,0.2157593839313161,0.3801752176643922,0.2066012024879455,0.5808823108673096
7.774,0.2109031420010843,0.5925830231649878,0.2157593839313161,0.3801752176643922,0.2066012024879455,0.5808823108673096
7.808,0.2047835755463781,0.5744241888418894,0.2039306513533419,0.55126019778352,0.2199999988079071,0.2804909348487854
7.842,0.2047912354921783,0.5746494064256765,0.2014761956975284,0.5796422156491099,0.2199999988079071,0.2804909348487854
7.876,0.2362385901198262,0.1195070181937199,0.2014761956975284,0.5796422156491099,0.2199999988079071,0.2804909348487854
7.91,0.2180215647140686,0.2780277702124679,0.2027265060029759,0.4466715036593617,0.2199999988079071,0.423744797706604
7.944,0.2180321552138795,0.2781487294816143,0.2056227849776426,0.414499274313231,0.2199999988079071,0.423744797706604
7.978,0.2362410186394299,0.2658011093148544,0.2056227849776426,0.414499274313231,0.2199999988079071,0.423744797706604
8.012,0.2179728913339265,0.4213047186406822,0.2156744957860922,0.4111977655940068,0.2199999988079071,0.3570633828639984
8.046,0.2179783243114628,0.4211243075852139,0.21615826769442,0.4251624645216241,0.2199999988079071,0.3570633828639984
8.08,0.2245930845453865,0.3652600007724255,0.21615826769442,0.4251624645216241,0.2199999988079071,0.3570633828639984
8.114,0.21798431720342,0.3542009183267696,0.2151322679931847,0.3344170635893767,0.2199999988079071,0.2856752872467041
8.148,0.2179778122425996,0.3538541124456686,0.2168068283053158,0.3574362445392844,0.2199999988079071,0.2856752872467041
8.182,0.2245774912612385,0.2911391167348778,0.2173915433768576,0.2847261291845899,0.2199999988079071,0.2856752872467041
8.216,0.2179922325639905,0.2823373945931833,0.2174406248527076,0.284683685277027,0.2067048102617263,0.2601107656955718
8.25,0.2180293237469886,0.2822866606321975,0.2174406248527076,0.284683685277027,0.2067048102617263,0.2601107656955718
8.284,0.2226686944912604,0.2396840649247085,0.2174844565526784,0.2845869706559238,0.2067048102617263,0.2601107656955718
8.318,0.2048920054950972,0.2574243965205012,0.2044956280483985,0.2591064250175807,0.2199999988079071,0.1943305432796478
8.352,0.2049365276254162,0.2571089216053869,0.2044951553785656,0.2594718052282815,0.2199999988079071,0.1943305432796478
8.386,0.2246432874357136,0.1986615051770917,0.2133935039221499,0.250002054384525,0.2199999988079071,0.1943305432796478
8.42,0.2180605865802386,0.1931243314981311,0.2154869272277068,0.2270006851940567,0.2199999988079071,0.1269251406192779
8.454,0.2180713799986229,0.1933040987078314,0.2142478632730186,0.2409334211048386,0.2199999988079071,0.1269251406192779
8.488,0.2246575742950851,0.1300149892845783,0.2142478632730186,0.2409334211048386,0.2199999988079071,0.1269251406192779
8.522,0.218023550339354,0.1261158480242481,0.2185254629553088,0.1280824562496817,0.2199999988079071,0.101446233689785
8.556000000000001,0.2179308050751666,0.1267350151436835,0.2181837602746064,0.1200224097748522,0.2199999988079071,0.101446233689785
8.59,0.2245197275757172,0.1039502761509357,0.2189859154255406,0.1017408934630501,0.2199999988079071,0.101446233689785
8.624,0.2179375149944973,0.1003440261013722,0.2189834448564038,0.1012203007241354,0.2067887336015701,0.0935357585549354
8.658,0.2091764022044302,0.2323299663628677,0.2189834448564038,0.1012203007241354,0.2067887336015701,0.0935357585549354
8.692,0.2049129459077855,0.0924702285545498,0.202833264266021,0.2275441237633055,0.2199999988079071,0.0224159155040979
8.726,0.2180171855996661,0.0219794814606794,0.2198671223638953,0.0217487750133625,0.2199999988079071,0.0224159155040979
8.76,0.2246863213016821,0.0223360522039815,0.2198671223638953,0.0217487750133625,0.2199999988079071,0.0224159155040979
8.794,0.2181060040482768,0.0216942499654347,0.2199032513335372,0.0217232704619599,0.2199999988079071,0.0135181425139307
8.828,0.2181078855003091,0.0220418916215085,0.219978159133367,0.0216415918453976,0.2199999988079071,0.0135181425139307
8.862,0.2247051466788808,0.013807608361232,0.219978159133367,0.0216415918453976,0.2199999988079071,0.0135181425139307
8.896,0.2180653867641153,0.0136654908377878,0.2196750274984176,0.0181446171681804,0.2199999988079071,0.0218431930989027
8.93,0.2180440787030209,0.0139490418766108,0.2196750274984176,0.0181446171681804,0.2199999988079071,0.0218431930989027
8.964,0.2245815223071659,0.023167397415865,0.2183836947355452,0.0314683830984114,0.2199999988079071,0.0218431930989027
8.998,0.2179281105965408,0.0225700087303508,0.2198072860311334,0.023656018644217,0.2199999988079071,0.0232632476836442
9.032,0.2179012201994472,0.0221307169294163,0.2198072860311334,0.023656018644217,0.2199999988079071,0.0232632476836442
9.066,0.2245072561303427,0.023853112321518,0.2196493199537427,0.0219070284070628,0.2199999988079071,0.0232632476836442
9.1,0.2179270684904537,0.0229696593456359,0.2197120815816654,0.0230875068420585,0.2199999988079071,-0.0191186256706714
9.134,0.2179607728415099,0.0228861962370743,0.2197538918888669,0.0229746949415374,0.2199999988079071,-0.0191186256706714
9.168,0.2246038044509968,-0.0197276233330472,0.2197538918888669,0.0229746949415374,0.2199999988079071,-0.0191186256706714
9.202,0.2180349491139919,-0.0193205486810293,0.2201795499759762,-0.019550732247809,0.2199999988079071,-0.0441661104559898
9.236,0.2180716337367574,-0.0194309451833794,0.2202239023817694,-0.0196709467642804,0.2199999988079071,-0.0441661104559898
9.27,0.22471289436853,-0.0456313042383146,0.2205332964279113,-0.0448785408140455,0.2199999988079071,-0.0441661104559898
9.304,0.2181305635259096,-0.0442783311908577,0.2205332964279113,-0.0448785408140455,0.2199999988079071,0.1602496653795242
9.338,0.2181218565495654,-0.0438734744665842,0.2204943369532507,-0.0437790064384082,0.2199999988079071,0.1602496653795242
9.372,0.2091054224555167,0.4411359506711838,0.2204943369532507,-0.0437790064384082,0.2199999988079071,0.1602496653795242
9.406,0.2180530398843691,0.1591680999641818,0.223002827017762,0.1900139226221804,0.2070001512765884,0.1818087995052337
9.44,0.2179871773756102,0.1597174042138887,0.2185971020660554,0.1587546510187612,0.2070001512765884,0.1818087995052337
9.474,0.1958848254829278,0.462232508404285,0.2185971020660554,0.1587546510187612,0.2070001512765884,0.1818087995052337
9.508,0.2050607679997254,0.1810296456099676,0.2048978901412828,0.177583016686415,0.2199999988079071,0.0626243501901626
9.542,0.2050000707863263,0.1804768153583958,0.2052327753373912,0.1819940963658829,0.2199999988079071,0.0626243501901626
9.576,0.2245806919150861,0.0634052105057033,0.2187120126847448,0.0693885533022643,0.2199999988079071,0.0626243501901626
9.61,0.2179410789066636,0.0621280221707818,0.2187120126847448,0.0693885533022643,0.2199999988079071,0.0119526544585824
9.644,0.2179756204834889,0.0620554720016182,0.2193720993331563,0.062637910583836,0.2199999988079071,0.0119526544585824
9.678,0.2246197654564446,0.0121317720118616,0.2199165138244518,0.0117173188761475,0.2199999988079071,0.0119526544585824
9.712,0.2180496094326639,0.0116139816811436,0.2199165138244518,0.0117173188761475,0.2199999988079071,-0.0128980642184615
9.746,0.218082701997321,0.0115593286682796,0.2200045659379616,0.0115308630026984,0.2199999988079071,-0.0128980642184615
9.78,0.2247293880837596,-0.0135459223488291,0.220271904331787,-0.0134149212964947,0.2199999988079071,-0.0128980642184615
9.814,0.218149104894791,-0.0131481438921233,0.220274503096453,-0.0131085792959047,0.2199999988079071,-0.0380303040146827
9.848,0.218134986477927,-0.0128379698751759,0.2202231095762826,-0.0126415166349015,0.2199999988079071,-0.0380303040146827
9.882,0.2246874222630186,-0.0384687640359648,0.2202231095762826,-0.0126415166349015,0.2199999988079071,-0.0380303040146827
9.916,0.2180365397639468,-0.0373411482598043,0.2185605075414328,-0.0202817898468222,0.2199999988079071,-0.0700774118304252
9.95,0.217983117437159,-0.0373931664302421,0.2196868421951336,-0.0458145475311659,0.2199999988079071,-0.0700774118304252
9.984,0.2245152804352272,-0.0710502169944768,0.2204981460820494,-0.0697689014292507,0.2199999988079071,-0.0700774118304252
10.018,0.2178837687801361,-0.0690924198743648,0.220490261593736,-0.0698976401460874,0.2068683207035064,-0.0615637637674808
10.052,0.2179035439376379,-0.0692820962857849,0.2205246522241127,-0.0700086653664686,0.2068683207035064,-0.0615637637674808
10.086,0.1825515846006274,0.470521047706857,0.2004868870459035,0.1705622612177153,0.2068683207035064,-0.0615637637674808
10.12,0.1872233022950258,0.1613334374372763,0.2004868870459035,0.1705622612177153,0.2199999988079071,-0.0946240425109863
10.154,0.2049808988719968,-0.0612943111980978,0.2031401277541548,-0.0138797460350461,0.2199999988079071,-0.0946240425109863
10.188,0.2063638877060681,0.1325507660281028,0.2009727917653168,0.1297685302563868,0.2199999988079071,-0.0946240425109863
10.222,0.2180172831535183,-0.0937663664554717,0.2166148844670488,-0.0467810094736773,0.2199999988079071,-0.136956661939621
10.256,0.2247469929278465,-0.1402303259321655,0.2213553089966595,-0.1373784364026992,0.2199999988079071,-0.136956661939621
10.29,0.2181472011472824,-0.1359201039751909,0.2213888043903863,-0.137354933447466,0.2199999988079071,-0.136956661939621
10.324,0.2181175390207257,-0.1355725393837351,0.2213662296452087,-0.1368803298684728,0.2199999988079071,-0.1455600559711456
10.358,0.2246708228081129,-0.1481463975197895,0.2213662296452087,-0.1368803298684728,0.2199999988079071,-0.1455600559711456
10.392,0.2180192225363723,-0.1438830746874047,0.2205569953722456,-0.1363178942015534,0.2199999988079071,-0.1455600559711456
10.426,0.2179335995803631,-0.1434542413868392,0.2208511414797986,-0.1495109514714949,0.2199999988079071,-0.0624717399477958
10.46,0.2245418652233352,-0.0631924910145175,0.2208511414797986,-0.1495109514714949,0.2199999988079071,-0.0624717399477958
10.494,0.2178938798051609,-0.0617178802357658,0.2205477077242488,-0.0607538572044323,0.2199999988079071,-0.0624717399477958
10.528,0.2179177688105512,-0.061881836456758,0.2204357429906745,-0.0624384751420065,0.2199999988079071,-0.0525487400591373
10.562,0.2245576784711224,-0.0537551862116878,0.2204244335872059,-0.0527094240122029,0.2199999988079071,-0.0525487400591373
10.596,0.2179881470867945,-0.0522393760713102,0.2204667476686827,-0.0528495091124551,0.2199999988079071,-0.0525487400591373
10.63,0.2180245769972255,-0.0523493389923352,0.2205110962217612,-0.0529800877820294,0.2199999988079071,-0.0525487400591373
10.664,0.2246701787783596,-0.054052844014398,0.2205558360747184,-0.053079393655161,0.2199999988079071,-0.0525487400591373
10.698,0.2180996625963106,-0.0525635615960434,0.2205558360747184,-0.053079393655161,0.2199999988079071,-0.0525487400591373
10.732,0.218131065110151,-0.0525901287344305,0.2205989352959857,-0.0531720456289577,0.20687136054039,-0.3074383735656738
10.766,0.211274673600522,-0.3145926221948981,0.2112068579992436,-0.2878273970507151,0.20687136054039,-0.3074383735656738
10.8,0.2050959062245941,-0.304446702366398,0.2112068579992436,-0.2878273970507151,0.2199999988079071,-0.5914171934127807
10.834,0.2050596297000606,-0.3040183156563248,0.2081702233987894,-0.2899639409414626,0.2199999988079071,-0.5914171934127807
10.868,0.2246399716966967,-0.6036375689041051,0.2081702233987894,-0.2899639409414626,0.2199999988079071,-0.5914171934127807
10.902,0.2180302140496283,-0.5859177940702023,0.2067684600309445,-0.3827494958729331,0.2199999988079071,-0.6206982135772704
10.936,0.2180153303117047,-0.5861033064269338,0.2127833680564259,-0.4561697159429889,0.2199999988079071,-0.6206982135772704
10.97,0.2245660599278877,-0.6334760210484444,0.2256370230777162,-0.6186284826117404,0.2199999988079071,-0.6206982135772704
11.004,0.2179504284604421,-0.6152936388754392,0.2256370230777162,-0.6186284826117404,0.207138791680336,-0.5940130949020385
11.038,0.2179656242101262,-0.6156746898727595,0.2255446765382288,-0.6214606801880561,0.207138791680336,-0.5940130949020385
11.072,0.1932567538774928,0.1606895141734792,0.2255446765382288,-0.6214606801880561,0.207138791680336,-0.5940130949020385
11.106,0.1876087993523811,-0.265662942894498,0.2151186660178823,-0.1765358778336129,0.2199999988079071,-0.6132555603981018
11.14,0.2052496895735049,-0.5889288283477953,0.2151186660178823,-0.1765358778336129,0.2199999988079071,-0.6132555603981018
11.174,0.2064617271139807,-0.2932116636128777,0.2024873255254219,-0.4824878036276923,0.2199999988079071,-0.6132555603981018
11.208,0.2180096118860737,-0.6078125087905291,0.2080144822272452,-0.4167870979985144,0.2199999988079071,-0.6219749450683594
11.242,0.2180184603833242,-0.6077066095609973,0.2080144822272452,-0.4167870979985144,0.2199999988079071,-0.6219749450683594
11.276,0.2246347505567956,-0.6348966182382293,0.2091149360110112,-0.4365410520098288,0.2199999988079071,-0.6219749450683594
11.31,0.2180309023779588,-0.6161884275000674,0.2139421700367723,-0.4906859190321773,0.2199999988079071,-0.6416692733764648
11.344,0.2180352582270344,-0.6161344306828477,0.2227441982022477,-0.5895287991053606,0.2199999988079071,-0.6416692733764648
11.378,0.2246101194947919,-0.6542645256448285,0.2227441982022477,-0.5895287991053606,0.2199999988079071,-0.6416692733764648
11.412,0.2180326896261112,-0.6350265067987391,0.2257573087933272,-0.6406942956854796,0.2069865316152572,-0.6141442060470581
11.446,0.2180640016402774,-0.635337452179166,0.2258172284750239,-0.6413778428040366,0.2069865316152572,-0.6141442060470581
11.48,0.1931316504660822,-0.2640193591157919,0.2049718366587274,-0.410175643620391,0.2069865316152572,-0.6141442060470581
11.514,0.1990403236664746,-0.5335141663827281,0.205733021566138,-0.5389957815095081,0.2199999988079071,-0.551121473312378
11.548,0.2051614166327047,-0.6089682930109492,0.2117266241894951,-0.6272586249079759,0.2199999988079071,-0.551121473312378
11.582,0.2246725224985768,-0.5633158613668949,0.2163837804030556,-0.6735697531793673,0.2199999988079071,-0.551121473312378
11.616,0.2180773171921099,-0.5469013554440781,0.2181366293341579,-0.6468243842918978,0.2199999988079071,-0.6161338686943054
11.65,0.218035815331237,-0.546379176965325,0.2181366293341579,-0.6468243842918978,0.2199999988079071,-0.6161338686943054
11.684,0.2245720717359515,-0.6296736466698166,0.2216608204136532,-0.5805404335250643,0.2199999988079071,-0.6161338686943054
11.718,0.2179087298938493,-0.6102623312401835,0.2253959284848994,-0.6154676977394958,0.2199999988079071,-0.6051558256149293
11.752,0.2179029284967738,-0.6099852555355553,0.2254315305465866,-0.61571470416707,0.2199999988079071,-0.6051558256149293
11.786,0.2245402947640273,-0.6175011220554191,0.2253680217283724,-0.6049084277219414,0.2199999988079071,-0.6051558256149293
11.82,0.2179711387456679,-0.5995193478230835,0.2254061718055317,-0.6051027213767948,0.2199999988079071,-0.4326007068157196
11.854,0.2180084372630311,-0.5997369548107598,0.2254494975615832,-0.6053308619800067,0.2199999988079071,-0.4326007068157196
11.888,0.2050337723270571,-0.3726929133524425,0.2050303803701711,-0.3752128775960841,0.2199999988079071,-0.4326007068157196
11.922,0.2179979166529567,-0.4291448815291248,0.2050303803701711,-0.3752128775960841,0.206054225564003,-0.4982898235321044
11.956,0.2181228095277955,-0.4292769841803693,0.2240282152997067,-0.4332819094576743,0.206054225564003,-0.4982898235321044
11.99,0.2043089736711278,-0.4940167367270757,0.2105904537324244,-0.4978783731473582,0.206054225564003,-0.4982898235321044
12.024,0.2042633140239012,-0.4935449787262556,0.2105904537324244,-0.4978783731473582,0.2199999988079071,-0.572521984577179
12.058,0.2246283101105881,-0.5844876722443786,0.2102080005302704,-0.4938375819490329,0.2199999988079071,-0.572521984577179
12.092,0.2180224596661543,-0.5672907791742666,0.2141960004142944,-0.4492162708265153,0.2065366357564926,-0.5394726991653442
12.126,0.2179819386773224,-0.5669251572882423,0.2195548669417991,-0.5173416059745317,0.2065366357564926,-0.5394726991653442
12.16,0.2108914521288017,-0.4090939214366597,0.2195548669417991,-0.5173416059745317,0.2065366357564926,-0.5394726991653442
12.194,0.2047355056439459,-0.5347091841390439,0.2098818912535809,-0.4021973122025815,0.2065366357564926,-0.5394726991653442
12.228,0.204603642884096,-0.5350942724464279,0.2113230239057206,-0.5401667254864425,0.2199999988079071,-0.5745049715042114
12.262,0.2247905472123258,-0.5861056207278009,0.2113230239057206,-0.5401667254864425,0.2199999988079071,-0.5745049715042114
12.296,0.2180097285060669,-0.5702532015141072,0.2249741690077689,-0.5791402942792022,0.2199999988079071,-0.5745049715042114
12.33,0.2180491315190377,-0.5704058349330402,0.225185970462954,-0.5755994493677512,0.2199999988079071,-0.4006795585155487
12.364,0.2247737805871071,-0.4081127451232413,0.2252229922038721,-0.5757644015138136,0.2199999988079071,-0.4006795585155487
12.398,0.2180701306588274,-0.3978565725206657,0.2252229922038721,-0.5757644015138136,0.2199999988079071,-0.5183285474777222
12.432,0.2180409151383455,-0.3973330029403503,0.2236169110024208,-0.4009750479315207,0.2199999988079071,-0.5183285474777222
12.466,0.224628313272838,-0.5291260736012041,0.2204233159263906,-0.4706049459586512,0.2199999988079071,-0.5183285474777222
12.5,0.2180017755280875,-0.5133425214284172,0.2204233159263906,-0.4706049459586512,0.2199999988079071,-0.5183285474777222
12.534,0.2179513228948583,-0.5124366154239075,0.2246716231538121,-0.5182934012511069,0.2199999988079071,-0.445989578962326
12.568,0.2245981642145711,-0.4544462621291944,0.2245993356730139,-0.5171184797300684,0.2199999988079071,-0.445989578962326
12.602,0.2180211350536052,-0.4410841845307835,0.2239938206942068,-0.4449279024472544,0.2199999988079071,-0.4925030767917632
12.636,0.218042204934184,-0.4414377301827811,0.2239938206942068,-0.4449279024472544,0.2199999988079071,-0.4925030767917632
12.67,0.2246624514428335,-0.502763259770304,0.2240314670644359,-0.4457562867203429,0.2199999988079071,-0.4925030767917632
12.704,0.2180611720139603,-0.4884704915404561,0.2240707329140385,-0.4990252235219284,0.2199999988079071,-0.453961431980133
12.738,0.2180768233869019,-0.4506502211068063,0.2217353368146528,-0.4890233695523754,0.2199999988079071,-0.453961431980133
12.772,0.2246972498757712,-0.4644203680928114,0.2217353368146528,-0.4890233695523754,0.2199999988079071,-0.453961431980133
12.806,0.2180217490061431,-0.451186704810218,0.2234635608530299,-0.4642983551172187,0.19386687874794,-0.398766964673996
12.84,0.2179903926000657,-0.4507816262362787,0.2236998177432789,-0.4506948309971902,0.19386687874794,-0.398766964673996
12.874,0.1980767689158712,-0.3506698171615482,0.2144780064274212,-0.5394355254826302,0.19386687874794,-0.398766964673996
12.908,0.1920971647499381,-0.3954591246071948,0.2051493037363542,-0.4858103494268816,0.2199999988079071,-0.4163585901260376
12.942,0.192072957245284,-0.3951461539513209,0.1973557030797635,-0.3984917279361689,0.2199999988079071,-0.4163585901260376
12.976,0.2249025177196177,-0.3691559596728115,0.1973557030797635,-0.3984917279361689,0.2199999988079071,-0.4163585901260376
13.01,0.2179826920528951,-0.4125036997062178,0.2166122735546918,-0.3311913941484242,0.2199999988079071,-0.4050375521183014
13.044,0.2179933039886369,-0.4122682751549808,0.2236812374065103,-0.4158330205908254,0.2199999988079071,-0.4050375521183014
13.078,0.2246398131399681,-0.4133901824195718,0.2236792844472252,-0.4049068269893736,0.2199999988079071,-0.4050375521183014
13.112,0.2180718703668275,-0.4013382179110669,0.2237236607171587,-0.4050794623820696,0.2199999988079071,-0.232599139213562
13.146,0.2181117524745144,-0.4014774085688373,0.2237656237836542,-0.4051944324954306,0.2199999988079071,-0.232599139213562
13.18,0.2248518974715861,-0.1931868765017564,0.2220219005187581,-0.1893203566707665,0.2199999988079071,-0.232599139213562
13.214,0.2181316019394243,-0.230773066920175,0.2222075125509843,-0.2329705625817026,0.2199999988079071,-0.2959870398044587
13.248,0.2181009070380005,-0.2307980870584325,0.2220833136375581,-0.2329955306660385,0.2199999988079071,-0.2959870398044587
13.282,0.224632160630218,-0.3020970911159802,0.2209360154499997,-0.289953584265304,0.2199999988079071,-0.2959870398044587
13.316,0.2179993165214893,-0.2934112534849349,0.2208025122218033,-0.2851717335141884,0.2199999988079071,-0.216107428073883
13.35,0.217915500996865,-0.2931778247986086,0.2208025122218033,-0.2851717335141884,0.2199999988079071,-0.216107428073883
13.384,0.2245179056211932,-0.2203151056262054,0.2224587785650683,-0.2953636329410006,0.2199999988079071,-0.216107428073883
13.418,0.2178961733581393,-0.2138859033329412,0.2218303296223252,-0.2159267432235991,0.2199999988079071,-0.270748257637024
13.452,0.2179301974647049,-0.2140117159626809,0.2218670690504176,-0.2160477256773447,0.2199999988079071,-0.270748257637024
13.486,0.2245775369902545,-0.2764269955515244,0.2223989477646257,-0.2708604822116925,0.2199999988079071,-0.270748257637024
13.52,0.2180030779527839,-0.268444612012533,0.2224428166671408,-0.2710303594075582,0.2199999988079071,-0.2626553475856781
13.554,0.2180405463782747,-0.2686030472835858,0.2224877909056479,-0.2712035694339179,0.2199999988079071,-0.2626553475856781
13.588,0.2246882829332274,-0.2686630077303036,0.2224591275169078,-0.2632394708186808,0.2199999988079071,-0.2626553475856781
13.622,0.2181163025971314,-0.2608564456814602,0.2224971560132374,-0.2633174892237249,0.2199999988079071,-0.2550343573093414
13.656,0.2181346189233041,-0.2607715124563786,0.2224835201502833,-0.2629087674596758,0.2199999988079071,-0.2550343573093414
13.69,0.2180821177264964,-0.2522533628798704,0.22233540158372,-0.2541676019639735,0.2199999988079071,-0.2550343573093414
13.724,0.2180409733446529,-0.2520920289315434,0.221636609680945,-0.2464741125242336,0.2199999988079071,-0.2550343573093414
13.758,0.224569196090998,-0.2592632831234461,0.2214020046390968,-0.2447823983595201,0.2199999988079071,-0.2550343573093414
13.792,0.2179361458504296,-0.2517628620433463,0.2221194125722601,-0.2548198519764869,0.2199999988079071,-0.2550343573093414
13.826,0.2179242843783269,-0.2522121092177383,0.2213082168735546,-0.2665798624619999,0.2069536447525024,0.0159493964165449
13.86,0.211281296184951,0.0160383499058335,0.2223088834941864,-0.2532410475633102,0.2069536447525024,0.0159493964165449
13.894,0.2050015311507552,0.0155110252809625,0.2065076392501083,0.0149154288636036,0.2061319798231125,0.0231205504387617
13.928,0.2050340776910956,0.0154196702640299,0.2065076392501083,0.0149154288636036,0.2061319798231125,0.0231205504387617
13.962,0.2104499937777606,0.0230884584288923,0.2067768800171044,0.0154162273632784,0.2061319798231125,0.0231205504387617
13.996,0.2042895445950382,0.0223603556494348,0.2059745812155248,0.0223726965051468,0.2199999988079071,-0.009199165739119
14.03,0.2043243715403004,0.022266367826805,0.2060144638925067,0.0222945572589644,0.2199999988079071,-0.009199165739119
14.064,0.2388773015087614,-0.2252466763851518,0.2212068752495467,-0.0547950779347036,0.2199999988079071,-0.009199165739119
14.098,0.2181064696910923,-0.0095610239883966,0.2212068752495467,-0.0547950779347036,0.2199999988079071,0.0633202046155929
14.132,0.218099579771838,-0.0091603796349956,0.2201936667541244,-0.0095244024665116,0.2199999988079071,0.0633202046155929
14.166,0.2246857052233438,0.0650365681247722,0.2186746733222311,0.0734263450591571,0.2199999988079071,0.0633202046155929
14.2,0.218051647701823,0.0635582766410885,0.2186746733222311,0.0734263450591571,0.2067723572254181,0.065221220254898
14.234,0.2179862901738321,0.0639217226792906,0.2193174297136087,0.0653478748428221,0.2067723572254181,0.065221220254898
14.268,0.2254273151918097,-0.2245843856677926,0.2230776845174591,-0.0885745814876048,0.2067723572254181,0.065221220254898
14.302,0.2049073852205123,0.0646399730973669,0.2230776845174591,-0.0885745814876048,0.2199999988079071,0.0673228576779365
14.336,0.2048264983076006,0.0649880048654844,0.2078391555514038,0.0940161205829185,0.2199999988079071,0.0673228576779365
14.37,0.2389949443256387,-0.2228066757767916,0.2225678104198896,-0.0680648502172221,0.2199999988079071,0.0673228576779365
14.404,0.2179783044566658,0.0664171555752436,0.2225678104198896,-0.0680648502172221,0.2069772481918335,0.2027043849229812
14.438,0.217990072220452,0.0662717422415531,0.2193964345935799,0.0666902906457712,0.2069772481918335,0.2027043849229812
14.472,0.2113390500956512,0.206682844776035,0.2051999845362787,0.20204026317208,0.2069772481918335,0.2027043849229812
14.506,0.2051553982796902,0.2002593710813392,0.2051999845362787,0.20204026317208,0.2199999988079071,0.1610146164894104
14.54,0.2051887657900104,0.200187635021156,0.2052822701535298,0.2018334302882105,0.2199999988079071,0.1610146164894104
14.574,0.2246369930111249,0.1644279975360617,0.2052822701535298,0.2018334302882105,0.2199999988079071,0.1610146164894104
14.608,0.2181249213427388,0.1591806630695417,0.2186808876964952,0.16086321673095,0.2199999988079071,0.1166629418730735
14.642,0.2181058593357701,0.15970671836353,0.2186017042460385,0.1621127305097487,0.2199999988079071,0.1166629418730735
14.676,0.2246714494175107,0.1197189096376323,0.2186017042460385,0.1621127305097487,0.2199999988079071,0.1166629418730735
14.71,0.2180456693039842,0.1160623320797689,0.2167804193622464,0.1425681624767476,0.2199999988079071,0.1835937947034836
14.744,0.2179699246385115,0.116368063393804,0.2185420901107155,0.1144251163600374,0.2199999988079071,0.1835937947034836
14.778,0.2245570653659113,0.1882470858040823,0.2166182015905065,0.162175598174357,0.2199999988079071,0.1835937947034836
14.812,0.217907666560486,0.1824435536785975,0.2181524953480728,0.1830798996679173,0.2199999988079071,0.2524319887161255
14.846,0.2179029559874875,0.1819400036663635,0.2182403860789115,0.1834787818992749,0.2199999988079071,0.2524319887161255
14.88,0.2245524779875891,0.2576684555579289,0.2182403860789115,0.1834787818992749,0.2199999988079071,0.2524319887161255
14.914,0.2179686401063732,0.2500368284700528,0.217663902244258,0.2522863617615404,0.2199999988079071,0.2080941498279571
14.948,0.2180040378622224,0.2499817958185118,0.2177483782776149,0.2521545821876207,0.2199999988079071,0.2080941498279571
14.982,0.2246449360357094,0.212276853654187,0.2181931303983446,0.2077391928477494,0.2199999988079071,0.2080941498279571
15.016,0.2180786724631027,0.2059037562040286,0.2182366070239761,0.2076990991596894,0.2199999988079071,0.2767699658870697
15.05,0.218116110056373,0.205848981829635,0.2182825746767829,0.2076534584866362,0.2199999988079071,0.2767699658870697
15.084,0.224743565610744,0.2822476783560362,0.2182825746767829,0.2076534584866362,0.2199999988079071,0.2767699658870697
15.118,0.2181478869890395,0.2740793511725311,0.2176686095626999,0.2766829188107543,0.2199999988079071,0.0353457629680633
15.152,0.2181051913812549,0.27419706190652,0.2175868465838711,0.2769568217294605,0.2199999988079071,0.0353457629680633
15.186,0.2389622635526133,-0.4689632127151647,0.2150711571669057,0.2145046441117263,0.2199999988079071,0.0353457629680633
15.22,0.2277369466893718,-0.0864710477090533,0.213802637003919,0.1586235999639677,0.2199999988079071,0.1242482289671897
15.254,0.2179729318773376,0.1229935958257092,0.2188017509717018,0.1251913418128386,0.2199999988079071,0.1242482289671897
15.288,0.2244781779312439,0.127252380303639,0.2187243059269443,0.1245595124302882,0.2199999988079071,0.1242482289671897
15.322,0.2179276830650416,0.1233560100009038,0.2187243059269443,0.1245595124302882,0.2199999988079071,0.2482682764530182
15.356,0.2179276830650416,0.1233560100009038,0.2188043732442863,0.1244221536157553,0.2199999988079071,0.2482682764530182
15.39,0.2245822586578782,0.2535652206865317,0.2177342280868686,0.2483726424804739,0.2199999988079071,0.2482682764530182
15.424,0.2180331551492578,0.2460257716607838,0.2177751510841318,0.2483089258751341,0.2199999988079071,0.2073470056056976
15.458,0.2246749253456625,0.2116567449900096,0.2178209217914813,0.2482391661574546,0.2199999988079071,0.2073470056056976
15.492,0.2181102367200015,0.2053195817500411,0.2182341189430462,0.2072425129355239,0.2199999988079071,0.2073470056056976
15.526,0.2181443591549353,0.2052282608221363,0.2182814766814711,0.2071841246333608,0.2199999988079071,0.264678418636322
15.56,0.2247399182368272,0.2697206201576007,0.2182814766814711,0.2071841246333608,0.2199999988079071,0.264678418636322
15.594,0.2181090356095569,0.2617001406048304,0.2177792758572367,0.2640831928931179,0.2199999988079071,0.264678418636322
15.628,0.2180558282766462,0.2617277111132292,0.2165774916343594,0.2504304156383284,0.2199999988079071,0.354339599609375
15.662,0.2246298482940341,0.3617103807456047,0.2165774916343594,0.2504304156383284,0.2199999988079071,0.354339599609375
15.696,0.2179422139885894,0.3508940390519123,0.2157870696859281,0.3350948148716415,0.2199999988079071,0.2776589095592499
15.73,0.217900587555868,0.3513990149175316,0.2164341301509332,0.3571850649461254,0.2199999988079071,0.2776589095592499
15.764,0.2245376628696018,0.2838147468788414,0.2164341301509332,0.3571850649461254,0.2199999988079071,0.2776589095592499
15.798,0.2179127465129323,0.2758712949181515,0.2173312107283809,0.2787849494573153,0.2199999988079071,0.3140358626842498
15.832,0.217943862671661,0.2758165866501416,0.2174424831695148,0.2784025618403358,0.2199999988079071,0.3140358626842498
15.866,0.2245882851103712,0.3211752926449557,0.2174424831695148,0.2784025618403358,0.2199999988079071,0.3140358626842498
15.9,0.2180151265871169,0.3117233280485147,0.2171614743384746,0.3147428227434575,0.2199999988079071,0.3065377175807953
15.934,0.2180524712582974,0.3116673186821927,0.2172043491385402,0.3147049091135087,0.2199999988079071,0.3065377175807953
15.968,0.224692103159988,0.3133510070688378,0.2173462458725782,0.3069048696687622,0.2199999988079071,0.3065377175807953
16.002,0.2180916781503026,0.303742391331801,0.2173462458725782,0.3069048696687622,0.2199999988079071,0.1259406059980392
16.036,0.2180831055206862,0.3032437278960198,0.217083893269553,0.3021414755656728,0.2199999988079071,0.1259406059980392
16.07,0.2345763234570508,-0.2727240048074056,0.217083893269553,0.3021414755656728,0.2199999988079071,0.1259406059980392
16.104,0.2216215429981722,0.0790313842984155,0.2259384209434607,0.0597480049385862,0.2199999988079071,0.1335941702127456
16.138,0.2180088174731812,0.1237553670630182,0.2189461486919595,0.1238011053635961,0.2199999988079071,0.1335941702127456
16.172,0.224604674898876,0.1355089795065118,0.2189461486919595,0.1238011053635961,0.2199999988079071,0.1335941702127456
16.206,0.2179788448161135,0.1321133079645115,0.2173987870155361,0.1485868698120246,0.2199999988079071,0.2424093782901764
16.24,0.2179439425658912,0.1327312823689571,0.2188364494018617,0.1328916033338802,0.2199999988079071,0.2424093782901764
16.274,0.2245675183740831,0.2480392786696761,0.2188364494018617,0.1328916033338802,0.2199999988079071,0.2424093782901764
16.308,0.2179351270785964,0.2412211484434853,0.2177496139559677,0.2432507328774887,0.2067236602306366,0.2350455969572067
16.342,0.2084516588068725,0.072697245812864,0.2097019412660289,0.073632232435972,0.2067236602306366,0.2350455969572067
16.376,0.2110744496226716,0.2405681506318104,0.2097019412660289,0.073632232435972,0.2067236602306366,0.2350455969572067
16.41,0.2048789227541486,0.233709295123178,0.2046526990749841,0.2360074031688027,0.2199999988079071,0.2608552873134613
16.444,0.2048969580731147,0.2334803031787004,0.2046657534493768,0.2356222483399032,0.2199999988079071,0.2608552873134613
16.478,0.2283253559755624,0.1001508188497003,0.2046657534493768,0.2356222483399032,0.2199999988079071,0.2608552873134613
16.512,0.2180396190686701,0.258206797079408,0.2125798233988742,0.1878932258460609,0.2199999988079071,0.090203933417797
16.546,0.2180625594913708,0.2579347553332971,0.213384888305086,0.1988875418190542,0.2199999988079071,0.090203933417797
16.58,0.2282538787239669,-0.0736605331866314,0.2225650310777396,-0.0542863359311806,0.2199999988079071,0.090203933417797
16.614,0.2180327650791241,0.0885745735344545,0.2192404968916674,0.0884400987808248,0.2199999988079071,0.1906823962926865
16.648,0.2180390328029705,0.0882168031528898,0.2192404968916674,0.0884400987808248,0.2199999988079071,0.1906823962926865
16.682,0.2246354590406593,0.194200452661204,0.2192186668940796,0.0890741315297557,0.2199999988079071,0.1906823962926865
16.716,0.218005109985797,0.1888411817657012,0.2165592264923876,0.2100005310886115,0.2199999988079071,0.1906823962926865
16.75,0.2179817773370434,0.189293693117214,0.2181908332521611,0.1918275373416309,0.2199999988079071,0.1906823962926865
16.784,0.2245525864090575,0.1957396696613394,0.2182110440337252,0.192044249795525,0.2199999988079071,0.1906823962926865
16.818,0.217952959868709,0.1902029166792797,0.2182307226830861,0.1922222694127436,0.1139835938811302,-0.095135249197483
16.852,0.2179837827731905,0.1901808569808754,0.2182686231958655,0.1921558252074968,0.1139835938811302,-0.095135249197483
16.886,0.1942139828489491,-0.0731165625577658,0.2182686231958655,0.1921558252074968,0.1139835938811302,-0.095135249197483
16.92,0.1548332972164489,-0.0712793858507529,0.2036898966455479,0.1092259642284743,0.1140078380703926,-0.0786134153604507
16.954,0.1214707472522049,-0.071290034168832,0.1584707400413299,0.4251033283138234,0.1140078380703926,-0.0786134153604507
16.988,0.1164071470219263,-0.0803024293490353,0.1584707400413299,0.4251033283138234,0.1140078380703926,-0.0786134153604507
17.022,0.1129885255736106,-0.0780041898837517,0.146539656937217,0.3690046787396379,0.1216223388910293,0.2692058980464935
17.056,0.1129993501122027,-0.0781395694356448,0.1443271255050645,0.3375500436453184,0.1216223388910293,0.2692058980464935
17.09,0.1318546380039163,0.268191465176083,0.1346592663522041,0.3730234850285708,0.1216223388910293,0.2692058980464935
17.124,0.1205658778976112,0.2658685089936939,0.1346592663522041,0.3730234850285708,0.1171559318900108,0.0175500400364398
17.158,0.1272627448592588,0.0125088263454191,0.1193045042563272,0.2690792801554247,0.1171559318900108,0.0175500400364398
17.192,0.1161151244605354,0.0165890767657491,0.1170599010940137,0.0155997769918976,-0.13069549202919,-0.0509207360446453
17.226,0.1161155340540048,0.0163487946951603,0.1170599010940137,0.0155997769918976,-0.13069549202919,-0.0509207360446453
17.26,0.0932354337530042,0.0128851686669858,0.1171030698121918,0.0155343207123955,-0.13069549202919,-0.0509207360446453
17.294,0.0568010948445329,0.0125264099460127,0.0731790249012518,-0.1492841093918373,-0.13069549202919,-0.0509207360446453
17.328,0.0234375137705526,0.012526284914432,0.0731790249012518,-0.1492841093918373,-0.1328969299793243,-0.0254913158714771
17.362,-0.0098864965801764,0.0129049668298466,0.0291124714916705,-0.3957727230915948,-0.1328969299793243,-0.0254913158714771
17.396,-0.0432895732931012,0.0125258052448267,0.0291124714916705,-0.3957727230915948,-0.1328969299793243,-0.0254913158714771
17.43,-0.0766530561622057,0.0125256238685513,0.0079488176643085,-0.4898480072125464,-0.1273684203624725,-0.7157727479934692
17.464,-0.1300454454798451,-0.7308189811483251,-0.0136372550796464,-0.5622932535011272,-0.1273684203624725,-0.7157727479934692
17.498,-0.1262205966015759,-0.7093232686066729,-0.0136372550796464,-0.5622932535011272,0.1273684203624725,-0.8822932243347167
17.532,-0.1262206301070624,-0.7093221611963733,-0.0530747399582942,-0.5975471793169261,0.1273684203624725,-0.8822932243347167
17.566,-0.044899906553899,0.0123863856677223,-0.0690202083701921,-0.3399918923791115,0.1273684203624725,-0.8822932243347167
17.6,-0.0099261885176815,0.0125316595267468,-0.0473651279100879,-0.4723217776895179,-0.1355832070112228,-0.6271713972091675
17.634,0.0234373604694249,0.0125314611928969,-0.0473651279100879,-0.4723217776895179,-0.1355832070112228,-0.6271713972091675
17.668,-0.0098811310100553,0.0128424967519272,-0.0262359806016405,-0.5980269482100563,-0.1355832070112228,-0.6271713972091675
17.702,-0.0432934363850957,0.0124787357388881,-0.0400952288984351,-0.0317251032526079,-0.1279298067092895,-0.632560670375824
17.736,-0.0766530544143577,0.0125282907851048,-0.0400952288984351,-0.0317251032526079,-0.1279298067092895,-0.632560670375824
17.77,-0.1305815858790295,-0.6463207187505505,-0.0623962906447952,0.208444052636296,-0.1279298067092895,-0.632560670375824
17.804,-0.1267254179019734,-0.6275050799267425,-0.0617453056151795,0.2177829373324578,-0.1556415110826492,-0.0787354335188865
17.838,-0.126730840452481,-0.6274385439096222,-0.0617453056151795,0.2177829373324578,-0.1556415110826492,-0.0787354335188865
17.872,-0.0875212459095314,0.3315152974024909,-0.0637350038372841,0.1899548861437534,-0.1556415110826492,-0.0787354335188865
17.906,-0.1186408353012658,0.3217640831982937,-0.0838723054022196,0.3691421777130482,-0.1558528989553451,-0.1136348620057106
17.94,-0.1542245840656862,-0.0782081733641088,-0.1151189751757974,0.4815976475238217,-0.1558528989553451,-0.1136348620057106
17.974,-0.1591275060941482,-0.1160402823815815,-0.1151189751757974,0.4815976475238217,-0.1558528989553451,-0.1136348620057106
18.008,-0.1544540484900342,-0.1125432573580777,-0.1336421877334458,0.185161371799635,-0.1651937812566757,0.0161489136517047
18.042,-0.1544639833017477,-0.1124193651927701,-0.1460416899753475,0.0109367714261022,-0.1651937812566757,0.0161489136517047
18.076,-0.1686676126143122,0.016720497205501,-0.1653445247284753,0.0165700651594366,-0.1651937812566757,0.0161489136517047
18.11,-0.163741501099855,0.0167601251173359,-0.1654071908155686,0.0170532833896616,-0.1858991235494613,-0.2270119488239288
18.144,-0.1842652091705313,-0.2244518504315613,-0.1654071908155686,0.0170532833896616,-0.1858991235494613,-0.2270119488239288
18.178,-0.1898669277869894,-0.2312963419027147,-0.1812999885403727,-0.1895019126177865,-0.1858991235494613,-0.2270119488239288
18.212,-0.1842798836954612,-0.2248195699580454,-0.1839162838364689,-0.2271886562551539,-0.1146187409758567,-0.5299732685089111
18.246,-0.0852774219006232,0.3217688161970954,-0.1839162838364689,-0.2271886562551539,-0.1146187409758567,-0.5299732685089111
18.28,-0.0878615681991923,-0.0939073686178361,-0.1535797959337447,0.1665592393252627,-0.1146187409758567,-0.5299732685089111
18.314,-0.1135976913657838,-0.5253432701991493,-0.1577952753839282,0.0082923934297577,-0.1881893873214721,-0.3579311370849609
18.348,-0.1186410091141044,-0.0911465967840065,-0.1577952753839282,0.0082923934297577,-0.1881893873214721,-0.3579311370849609
18.382,-0.1562333129912263,-0.0943715534448525,-0.1440742451382824,0.1231953943239811,-0.1881893873214721,-0.3579311370849609
18.416,-0.1754760815593042,-0.2147914887850654,-0.1572091208807288,-0.0124481577842349,-0.1182723045349121,-0.3496314883232116
18.45,-0.1864066467090523,-0.3557889545434528,-0.1590594046113552,0.0040297381498627,-0.1182723045349121,-0.3496314883232116
18.484,-0.1467507404850452,-0.2211851754324379,-0.1433671774658992,-0.1860044162803707,-0.1182723045349121,-0.3496314883232116
18.518,-0.118278179886883,-0.3338990361847782,-0.1227818575752245,-0.3128209838826915,-0.1218082308769226,-0.3159702718257904
18.552,-0.1206011216082381,-0.3133759235367896,-0.1187890125683204,-0.3157557838875765,-0.1218082308769226,-0.3159702718257904
18.586,-0.124227534326657,-0.3226406721079335,-0.1187890125683204,-0.3157557838875765,-0.1218082308769226,-0.3159702718257904
18.62,-0.1205837320356483,-0.3130462234924467,-0.1188386388549216,-0.3158164162004915,-0.164550244808197,-0.5209600329399109
18.654,-0.1206028473594471,-0.313039421096827,-0.1188618019424871,-0.3158393057446492,-0.164550244808197,-0.5209600329399109
18.688,-0.1630349607253756,-0.5166721167026969,-0.142003821350824,-0.3273652593165757,-0.1164222583174705,-0.6473652720451356
18.722,-0.1630349607253756,-0.5166721167026969,-0.1573843247995228,-0.4867197552114711,-0.1164222583174705,-0.6473652720451356
18.756,-0.1630356493062641,-0.516242913169706,-0.1598581840697802,-0.5208551591425822,-0.1164222583174705,-0.6473652720451356
18.79,-0.1183404991205932,-0.38803739563576,-0.1598581840697802,-0.5208551591425822,-0.1164222583174705,-0.6473652720451356
18.824,-0.1153974558392863,-0.6415129219530827,-0.1106449239831248,-0.647339993631549,0.1246346980333328,-0.827056109905243
18.858,-0.0848352798368987,-0.6609728949354554,-0.079179239483642,-0.6617972837127145,0.1246346980333328,-0.827056109905243
18.892,-0.048646283290006,-0.641532763561823,-0.079179239483642,-0.6617972837127145,0.1246346980333328,-0.827056109905243
18.926,-0.0152827761387701,-0.6415338271758887,-0.0495907116165619,-0.6930875530653369,0.1708207577466964,-0.932566523551941
18.96,0.0182882897015215,-0.6609742597932917,-0.0495907116165619,-0.6930875530653369,0.1708207577466964,-0.932566523551941
18.994,0.0514442175647087,-0.6415335033971712,0.0010561233569286,-0.6843473390618738,0.1708207577466964,-0.932566523551941
19.028,0.0848077035143089,-0.641532303861097,0.0498232432394515,-0.7381310129903027,0.2199999988079071,-0.9387062788009644
19.062,0.1214117047171463,-0.6609705124365526,0.0719987302517511,-0.8154118793858334,0.2199999988079071,-0.9387062788009644
19.096,0.1515344943463695,-0.6415282113719347,0.0719987302517511,-0.8154118793858334,0.2199999988079071,-0.8940284252166748
19.13,0.1848977866717558,-0.6415259655478115,0.0938222241315957,-0.8716731191492101,0.2199999988079071,-0.8940284252166748
19.164,0.2145052375983326,-0.7863327247820998,0.1153485797410383,-0.8931169378434426,0.2199999988079071,-0.8940284252166748
19.198,0.2180170040455132,-0.8859606446343893,0.1153485797410383,-0.8931169378434426,0.2013341337442398,-0.7864503264427186
19.232,0.2180170165826954,-0.8859632432203524,0.1534293130581001,-0.7507583781635465,0.2013341337442398,-0.7864503264427186
19.266,0.1954491609960139,-0.6764710908440509,0.1736069234159556,-0.3952967389048578,0.2013341337442398,-0.7864503264427186
19.3,0.1995276285849399,-0.7792542142305762,0.1736069234159556,-0.3952967389048578,0.2199999988079071,-0.7778317928314209
19.334,0.1995291524892457,-0.7792321796034802,0.1769651459475241,-0.4329364460212175,0.2199999988079071,-0.7778317928314209
19.368,0.2144979578128535,-0.6677907620157127,0.1843875890439809,-0.516302498756899,0.2199999988079071,-0.7778317928314209
19.402,0.2180350812343142,-0.7705838770590373,0.2023325833332964,-0.5005118904856032,0.2199999988079071,-0.7384606003761292
19.436,0.2180432834818172,-0.7704343669838302,0.2270319322279732,-0.777396297213691,0.2199999988079071,-0.7384606003761292
19.47,0.2246807410740462,-0.7537835734801507,0.2270319322279732,-0.777396297213691,0.2199999988079071,-0.7384606003761292
19.504,0.2180997080780849,-0.7319580105884296,0.2267087229358199,-0.7390966527544529,0.207212209701538,-0.7035502195358276
19.538,0.2181105273596062,-0.7323928488450828,0.2266659158605528,-0.7401684497406912,0.207212209701538,-0.7035502195358276
19.572,0.2013444073679968,-0.6313595316158563,0.2266659158605528,-0.7401684497406912,0.207212209701538,-0.7035502195358276
19.606,0.2053649374996953,-0.6974669116144184,0.2141751300592144,-0.599303228801826,0.2199999988079071,-0.6170915365219115
19.64,0.2053412446626348,-0.6976478088995819,0.2126019146155653,-0.6890093556212581,0.2199999988079071,-0.6170915365219115
19.674,0.2246229014923746,-0.630041093432235,0.2126019146155653,-0.6890093556212581,0.2199999988079071,-0.6170915365219115
19.708,0.2179844502183228,-0.6116502720860469,0.2252703608686376,-0.6157799511100004,0.2199999988079071,-0.6170915365219115
19.742,0.2178879008189028,-0.6110161931399812,0.2254247647107654,-0.6167705092150128,0.2199999988079071,-0.6170915365219115
19.776,0.2245265750228773,-0.6297221260335552,0.2254247647107654,-0.6167705092150128,0.2199999988079071,-0.6170915365219115
19.81,0.2179597775534014,-0.6114080506765586,0.2254634131341527,-0.616927818394114,0.2199999988079071,-0.4936935901641845
19.844,0.217996987145973,-0.6116257229774031,0.2255439828539193,-0.6173633387479581,0.2199999988079071,-0.4936935901641845
19.878,0.2246411581922718,-0.504372351442734,0.2255439828539193,-0.6173633387479581,0.2199999988079071,-0.4936935901641845
19.912,0.2180746846261025,-0.4897605665154588,0.2245236006267429,-0.4943699811274238,0.2199999988079071,-0.3547149300575256
19.946,0.2181109303334981,-0.4899312236414792,0.2245571650795204,-0.4944629856966256,0.2199999988079071,-0.3547149300575256
19.98,0.2012480118683516,-0.4885518757950628,0.205279794941099,-0.5215265555414855,0.2199999988079071,-0.3547149300575256
20.014,0.2179841501401421,-0.3519258432405801,0.2197640834368889,-0.3588262908131897,0.2199999988079071,-0.3877963423728943
20.048,0.2180572950054796,-0.3510091658521536,0.2197640834368889,-0.3588262908131897,0.2199999988079071,-0.3877963423728943
20.082,0.2246674468299512,-0.3953534122554176,0.2208809272970218,-0.3274560758018196,0.2199999988079071,-0.3877963423728943
20.116,0.2180058372269169,-0.3832558556140568,0.2234008358870296,-0.3859489423118464,0.2199999988079071,-0.2510668635368347
20.15,0.2179653174058755,-0.3829828114957466,0.2234008358870296,-0.3859489423118464,0.2199999988079071,-0.2510668635368347
20.184,0.2246075669290707,-0.2236701966605908,0.2178417649640466,-0.2758444781190124,0.2199999988079071,-0.2510668635368347
20.218,0.2179768795958963,-0.2482987601394805,0.2213552436987667,-0.2627271758287016,0.2199999988079071,-0.3168701231479644
20.252,0.2179561794402135,-0.2490735900647463,0.2222244901701412,-0.25131415009293,0.2199999988079071,-0.3168701231479644
20.286,0.2245887231999944,-0.3240276476865735,0.2222244901701412,-0.25131415009293,0.2199999988079071,-0.3168701231479644
20.32,0.2180059139758564,-0.3148297289944538,0.2228678183943056,-0.3178878604330084,0.2199999988079071,-0.1782190799713135
20.354,0.2180442686867979,-0.3151536784592647,0.2229115137166803,-0.3181736241339543,0.2199999988079071,-0.1782190799713135
20.388,0.2246208578134956,-0.0818565693984735,0.2207961019504733,-0.0812143193882281,0.2199999988079071,-0.1782190799713135
20.422,0.2180625052960327,-0.1772558363578001,0.2216964307495692,-0.1792414464141344,0.2199999988079071,-0.1294556707143783
20.456,0.218072617512875,-0.1771442409973321,0.2216363947269155,-0.1783452103156112,0.2199999988079071,-0.1294556707143783
20.49,0.2246474655291974,-0.1321236072310042,0.2217748945166237,-0.1358067875270106,0.2199999988079071,-0.1294556707143783
20.524,0.2179809112907868,-0.1270684944918283,0.2211721150205192,-0.1288699268893532,0.2199999988079071,-0.1111913993954658
20.558,0.2245905736125923,-0.1121758496549136,0.2211721150205192,-0.1288699268893532,0.2199999988079071,-0.1111913993954658
20.592,0.2179958819212229,-0.1090757180470722,0.2209658826050522,-0.1097226714823708,0.2199999988079071,-0.1111913993954658
20.626,0.2179993498589782,-0.1095223560700788,0.2209658826050522,-0.1097226714823708,0.2199999988079071,-0.1525118947029113
20.66,0.2246216645133166,-0.1553909916583385,0.2209184438300597,-0.1115029674596268,0.2199999988079071,-0.1525118947029113
20.694,0.2180209421505273,-0.1512119145867136,0.2196166856254192,-0.1776935267316162,0.2199999988079071,-0.1525118947029113
20.728,0.2180183065609593,-0.1516644707445072,0.2196166856254192,-0.1776935267316162,0.2199999988079071,-0.0517829693853855
20.762,0.224632784787635,-0.0536944241051004,0.2214263131679797,-0.1529325064562869,0.2199999988079071,-0.0517829693853855
20.796,0.2180410852714148,-0.0526349801566903,0.2204814124235036,-0.0534733061344749,0.2199999988079071,-0.0517829693853855
20.83,0.2180695519159814,-0.0526075818759211,0.2204814124235036,-0.0534733061344749,0.2199999988079071,-0.0298555828630924
20.864,0.2246760078909038,-0.0314790400477138,0.2205428120126449,-0.053167902931428,0.2199999988079071,-0.0298555828630924
20.898,0.2180470282469532,-0.030038843163849,0.220253750905059,-0.0296380088275403,0.2199999988079071,-0.0298555828630924
20.932,0.2180161534153141,-0.029435963569666,0.2198518320961464,-0.024888735606663,0.2199999988079071,0.0595878697931766
20.966,0.2246129205660573,0.0612941847527111,0.2198518320961464,-0.024888735606663,0.2199999988079071,0.0595878697931766
21.0,0.2179683596352295,0.0602347187089585,0.2193983471568884,0.0606782532116026,0.2199999988079071,0.1310086995363235
21.034,0.2179803157991161,0.0603794484318515,0.2194038633357183,0.0612326917641787,0.2199999988079071,0.1310086995363235
21.068,0.2246086564408199,0.1346717990551024,0.2194038633357183,0.0612326917641787,0.2199999988079071,0.1310086995363235
21.102,0.2180061571643651,0.1305599234264144,0.218812996214476,0.1321979373696735,0.2067796289920807,0.1404030621051788
21.136,0.2048841443454889,-0.0699524429437195,0.2164041626676749,0.0561999115917091,0.2067796289920807,0.1404030621051788
21.17,0.2111386961030815,0.1431691319083826,0.2052699345397879,0.1361842245513949,0.2067796289920807,0.1404030621051788
21.204,0.2048961161292749,0.1384844026119855,0.2052699345397879,0.1361842245513949,0.2199999988079071,0.2120973616838455
21.238,0.2048962793078313,0.1380435987313973,0.2054974189756725,0.1391267331366004,0.2199999988079071,0.2120973616838455
21.272,0.224662604005683,0.2160707760309158,0.2165499840727016,0.1883762771519714,0.2199999988079071,0.2120973616838455
21.306,0.2180667578462197,0.2090263144270735,0.2181905694103348,0.2105305121837418,0.2199999988079071,0.2129916697740555
21.34,0.2180877787968119,0.2090488324518516,0.2181989453323398,0.2108312838644598,0.2199999988079071,0.2129916697740555
21.374,0.2246925120736933,0.2166633304972069,0.2181788664727524,0.2122090664183339,0.2199999988079071,0.2129916697740555
21.408,0.2180642937936418,0.2108083856598846,0.2181788664727524,0.2122090664183339,0.2199999988079071,0.2518569231033326
21.442,0.218037816498449,0.2113785371022193,0.2181388587886528,0.2129651800117523,0.2199999988079071,0.2518569231033326
21.476,0.2246164522992604,0.2579985417965276,0.2179557595281921,0.250672649343953,0.2199999988079071,0.2518569231033326
21.51,0.2179927120441351,0.2509218508828056,0.2179557595281921,0.250672649343953,0.2199999988079071,0.3265490829944611
21.544,0.2179732520826059,0.2509389984100957,0.2176813922676855,0.2533669084190726,0.2199999988079071,0.3265490829944611
21.578,0.2245725487942483,0.334048604674988,0.2165527103305305,0.3208786641882964,0.2199999988079071,0.3265490829944611
21.612,0.2179705569363176,0.3241304398280348,0.2165527103305305,0.3208786641882964,0.2066606730222702,0.2962632775306701
21.646,0.2179732909671065,0.3238844313866931,0.215246057259437,0.3020703408307496,0.2066606730222702,0.2962632775306701
21.68,0.1976152448929007,0.1128532464432095,0.2022691645412103,0.24704458750237,0.2066606730222702,0.2962632775306701
21.714,0.20477280435887,0.2932158507351743,0.2039802812455247,0.2955196185017316,0.2199999988079071,0.2686095833778381
21.748,0.2047886105323029,0.292943812068626,0.2040200072689553,0.2954161702217746,0.2199999988079071,0.2686095833778381
21.782,0.2112378437992524,0.0848973053161149,0.2061860250429773,0.0826690050740827,0.2199999988079071,0.2686095833778381
21.816,0.2180674257702668,0.265529733315665,0.217602108345351,0.2668123333531839,0.2199999988079071,0.3206177353858948
21.85,0.2181132617748985,0.2653128494002813,0.2177396148674004,0.2675399823484219,0.2199999988079071,0.3206177353858948
21.884,0.2247328763871446,0.3266483852580911,0.2177396148674004,0.2675399823484219,0.2199999988079071,0.3206177353858948
21.918,0.2181267416054221,0.3173720689413631,0.217279921554297,0.319858925310154,0.2067231386899948,0.308565616607666
21.952,0.2181050405541845,0.3178972354537545,0.2172536865086711,0.3207372304685239,0.2067231386899948,0.308565616607666
21.986,0.1975980997206787,0.0725970045641489,0.2068944129485747,0.2832294264551017,0.2067231386899948,0.308565616607666
22.02,0.2048643282066608,0.3058308125731483,0.2068944129485747,0.2832294264551017,0.2199999988079071,0.2961218655109405
22.054,0.204833026467735,0.3063737991125393,0.2026971604581548,0.2918390772581186,0.2199999988079071,0.2961218655109405
22.088,0.2112186513355115,0.0592630373594984,0.2026971604581548,0.2918390772581186,0.2199999988079071,0.2961218655109405
22.122,0.2179496103991263,0.2942990393712658,0.210320623339378,0.1994175448988719,0.2061405926942825,0.2778687477111816
22.156,0.2179541029571165,0.2941453096433074,0.2172089017193808,0.2957459020715017,0.2061405926942825,0.2778687477111816
22.19,0.1971656111589443,0.0409717845279688,0.2001301129622145,0.1439629938780273,0.2061405926942825,0.2778687477111816
22.224,0.2042648005635219,0.2752692990486856,0.203606928602845,0.2777618400991187,0.2199999988079071,0.3039510250091553
22.258,0.2113404551990424,0.0674787624444511,0.2036516106565308,0.2776749516113162,0.2199999988079071,0.3039510250091553
22.292,0.2180362060034398,0.3009976449099358,0.2036516106565308,0.2776749516113162,0.2199999988079071,0.3039510250091553
22.326,0.2181077262270171,0.3008903435853454,0.217385658782719,0.3036699879244386,0.2199999988079071,0.2874306440353393
22.36,0.2247524213449685,0.293176508849117,0.2176038545745231,0.287084541153894,0.2199999988079071,0.2874306440353393
22.394,0.218157545688104,0.284584296996253,0.2176038545745231,0.287084541153894,0.2199999988079071,0.3281863033771515
22.428,0.2181242349976966,0.2846980576179085,0.2175909229230089,0.287285670499828,0.2199999988079071,0.3281863033771515
22.462,0.2246605033267719,0.3348644069570844,0.2175370597308833,0.2875204228144526,0.2199999988079071,0.3281863033771515
22.496,0.2180015490807178,0.3250406601113886,0.2175370597308833,0.2875204228144526,0.2199999988079071,0.3022243082523346
22.53,0.2179587517830641,0.3248624325615449,0.2155722479645721,0.3454590192888166,0.2199999988079071,0.3022243082523346
22.564,0.2245140140597177,0.3086943893225334,0.2170620056797025,0.3031836172328209,0.2199999988079071,0.3022243082523346
22.598,0.2178839616724495,0.3000534635683842,0.2170620056797025,0.3031836172328209,0.2199999988079071,0.3442092537879944
22.632,0.2179096355144978,0.3000705370427902,0.2171789864446294,0.3028195782180963,0.2199999988079071,0.3442092537879944
22.666,0.2245542919531003,0.3518924003784709,0.2171789864446294,0.3028195782180963,0.2199999988079071,0.3442092537879944
22.7,0.2179766695721612,0.3415586601941081,0.2168445117897878,0.3447570973698091,0.2199999988079071,0.303731471300125
22.734,0.218012084726057,0.341496958919212,0.2168864032729709,0.3447291112695144,0.2199999988079071,0.303731471300125
22.768,0.2246545797132363,0.3104743967621722,0.2169304159355163,0.344698914213992,0.2199999988079071,0.303731471300125
22.802,0.2180885639724371,0.3012631942925871,0.2173877494899106,0.3041200767431992,0.2199999988079071,0.2708527445793152
22.836,0.2181096839123399,0.2685147491663155,0.2173877494899106,0.3041200767431992,0.2199999988079071,0.2708527445793152
22.87,0.2247262438732755,0.276203266484304,0.217699763787643,0.2702717721567348,0.2199999988079071,0.2708527445793152
22.904,0.2181021205070957,0.2675649676433763,0.2173305717805513,0.2646380190608393,0.2067212462425232,0.2462934404611587
22.938,0.1919396668106127,0.0415010896586652,0.2173305717805513,0.2646380190608393,0.2067212462425232,0.2462934404611587
22.972,0.2111150394797974,0.250490794985851,0.210332380006085,0.2803695751971387,0.2067212462425232,0.2462934404611587
23.006,0.2048373585281523,0.2431399718819721,0.2043459962100436,0.2468563398272048,0.2199999988079071,0.2880693078041077
23.04,0.2180060344820115,0.2853493652477032,0.2043459962100436,0.2468563398272048,0.2199999988079071,0.2880693078041077
23.074,0.2245961228544828,0.2937770801839226,0.2100945639288235,0.3697435038103675,0.2199999988079071,0.2880693078041077
23.108,0.218001029108633,0.2852714768203438,0.2100945639288235,0.3697435038103675,0.2199999988079071,0.2414349913597107
23.142,0.2179749092598345,0.2396481649415471,0.214342549410412,0.3222952260881679,0.2199999988079071,0.2414349913597107
23.176,0.224553182457021,0.2475235353975268,0.2177422075900944,0.2426252385805684,0.2199999988079071,0.2414349913597107
23.21,0.2179841411935532,0.2401686496961262,0.2178186859277775,0.2425474650952288,0.2067249417304992,0.2179782092571258
23.244,0.1787344394972849,0.0182037438915273,0.2178186859277775,0.2425474650952288,0.2067249417304992,0.2179782092571258
23.278,0.2065242952850041,0.1655902958184345,0.2008429890116172,0.1623968983655619,0.2067249417304992,0.2179782092571258
23.312,0.2048762504800012,0.2162680231439651,0.2048032704002797,0.2179794023043115,0.0,0.0
23.346,0.1670560040452208,0.1600572060072825,0.1845825803339649,0.4061009748530811,0.0,0.0
23.38,0.1380867010097638,0.1648774105135408,0.1667512544758224,0.6243224196064987,0.0,0.0
23.414,0.1003277738426231,0.1600752602942208,0.1494318867343642,0.8563988473118206,0.0,0.0
23.448,0.0669616863918897,0.1601076600365213,0.1309039494047939,1.0554198355542244,0.0,0.0
23.482,0.0349565733610207,0.164959758233407,0.1118450594324338,1.2174417399228816,0.0,0.0
23.516,0.0065310401744185,0.0814014671009324,0.1118450594324338,1.2174417399228816,-0.0627539008855819,1.5046213865280151
23.55,6.552691377595823e-05,-0.000819341917284,0.0889777853434681,1.2507113346215162,-0.0627539008855819,1.5046213865280151
23.584,0.0067192217441376,0.5094182209847833,0.0694989022566216,1.382280470763929,-0.0627539008855819,1.5046213865280151
23.618,-0.0048152124142268,0.7738997027663769,0.0493726438364368,1.5037195904009455,-0.0627539008855819,1.5046213865280151
23.652,-0.0621883716308733,1.4910643814544648,0.0274020219416349,1.6277994590926144,-0.0751060768961906,1.6202292442321775
23.686,-0.0640727779066644,1.5362469296467398,0.0028706339638949,1.7550862038306103,-0.0751060768961906,1.6202292442321775
23.72,-0.0744290758144306,1.6056276480722729,-0.0222541042415374,1.873049703100104,-0.0751060768961906,1.6202292442321775
23.754,-0.0744291139756934,1.6056272649474137,-0.0478683434462061,1.973690417563484,-0.0810526311397552,1.5991886854171753
23.788,-0.0766981148358127,1.6544511895390015,-0.0671076675460788,1.938643963553312,-0.0810526311397552,1.5991886854171753
23.822,-0.0803593250239109,1.5852417775510286,-0.0807907593387705,1.8059952517304383,-0.0810526311397552,1.5991886854171753
23.856,-0.0828549381941949,1.633191663348659,-0.0929504394040753,1.6349138130614644,-0.1775902807712555,2.225823402404785
23.89,-0.0385211239249666,0.7737513888426559,-0.0954811324044656,1.598773369587062,-0.1775902807712555,2.225823402404785
23.924,-0.0666202136237935,0.8395550304972802,-0.0964228004011491,1.348361176403022,-0.1775902807712555,2.225823402404785
23.958,-0.1813561229451843,2.2721577730340363,-0.0994189564361826,1.12312124551777,-0.0612422861158847,1.3805547952651978
23.992,-0.0329168952330201,0.8396743646780555,-0.0994189564361826,1.12312124551777,-0.0612422861158847,1.3805547952651978
24.026,-0.0423478786802107,1.1388344176896936,-0.0837496827897737,1.1604431675718434,-0.1224786713719368,0.8031212687492371
24.06,-0.0776699757449301,1.1732799616787113,-0.0828356788035764,1.1083452466146626,-0.1224786713719368,0.8031212687492371
24.094,-0.1015072600142723,1.044228887339947,-0.0828356788035764,1.1083452466146626,-0.1224786713719368,0.8031212687492371
24.128,-0.1213154849299936,0.7951364719154392,-0.1044799350957149,1.0379367134802906,-0.1588687896728515,0.8047555088996887
24.162,-0.1386290911183108,1.0757216015290876,-0.1217076362448712,0.9131599539354468,-0.1588687896728515,0.8047555088996887
24.196,-0.1574010458575636,0.7970482758292486,-0.1424872401561185,1.0220901245098557,-0.1588687896728515,0.8047555088996887
24.23,-0.1574252231917247,0.7971448307230669,-0.1661961997625579,0.8036995289216237,-0.1100129336118698,0.6095702052116395
24.264,-0.1045857820655303,1.0759101261209092,-0.1661961997625579,0.8036995289216237,-0.1100129336118698,0.6095702052116395
24.298,-0.1044859920353406,0.6602934726806263,-0.1202051845223479,0.5428902971079255,-0.1680478304624557,0.3411313593387604
24.332,-0.1090797926896657,0.6042571188353648,-0.1202051845223479,0.5428902971079255,-0.1680478304624557,0.3411313593387604
24.366,-0.1416794739046129,0.6802090197467979,-0.1155939899178811,0.6093223866382135,-0.1680478304624557,0.3411313593387604
24.4,-0.1665653632788684,0.3384543023710051,-0.1350287172239349,0.7034567038854075,-0.1267352551221847,0.2893223762512207
24.434,-0.1665846106148034,0.338695662647979,-0.1469992958789905,0.6812391435396136,-0.1267352551221847,0.2893223762512207
24.468,-0.107645388419717,0.6802145923292735,-0.1469992958789905,0.6812391435396136,-0.1267352551221847,0.2893223762512207
24.502,-0.1255932101538093,0.286716249968605,-0.1353774088297774,0.5429058607920065,-0.1503748148679733,0.2793939113616943
24.536,-0.1255933011753298,0.2867148032073677,-0.1353774088297774,0.5429058607920065,-0.1503748148679733,0.2793939113616943
24.57,-0.1317817461278422,0.6700771363317648,-0.130922894089519,0.5728048900396159,-0.1503748148679733,0.2793939113616943
24.604,-0.148931793292559,0.2757751840275901,-0.1356379077267505,0.5199020844649084,-0.1138214394450187,0.1597163528203964
24.638,-0.0978561579054672,0.6089510097203908,-0.1356379077267505,0.5199020844649084,-0.1138214394450187,0.1597163528203964
24.672,-0.1069041705593814,0.278905020188667,-0.1170490064275438,0.4618773518285064,-0.1138214394450187,0.1597163528203964
24.706,-0.1127011977134475,0.1570907139282097,-0.1145429095991915,0.166814754526553,-0.1435794830322265,0.1003652289509773
24.74,-0.1126491599155254,0.1580462652029124,-0.1145429095991915,0.166814754526553,-0.1435794830322265,0.1003652289509773
24.774,-0.1368001158210837,0.2266771284243136,-0.1358391118625985,0.2217284990019282,-0.1435794830322265,0.1003652289509773
24.808,-0.1422167690429081,0.0989308602699059,-0.1443840364354342,0.100487097164808,-0.1266059875488281,-0.0783654972910881
24.842,-0.1422105372671128,0.099471715352356,-0.1444128257939433,0.1004520730463101,-0.1266059875488281,-0.0783654972910881
24.876,-0.1292503866722945,-0.0798698250602595,-0.1444128257939433,0.1004520730463101,-0.1266059875488281,-0.0783654972910881
24.91,-0.125434950061376,-0.077544938640087,-0.1258470834545643,-0.0782665632007477,0.1241529136896133,-0.3982665538787842
24.944,-0.1254556909471563,-0.0775025160426801,-0.1258848385607572,-0.0781638448120325,0.1241529136896133,-0.3982665538787842
24.978,-0.1028158839951788,0.2269095099050504,-0.1259096986483003,-0.0781206739917542,0.1241529136896133,-0.3982665538787842
25.012,-0.066072228713165,0.2199129401208713,-0.0769799883699773,0.1419576897219083,0.1240902990102768,-0.3981206715106963
25.046,-0.032708634889049,0.2199130811200036,-0.0769799883699773,0.1419576897219083,0.1240902990102768,-0.3981206715106963
25.08,0.0003344676761992,0.2265772087304614,-0.0153078534384427,0.154816201307159,0.1240902990102768,-0.3981206715106963
25.114,0.0340185593316674,0.2199133649911084,0.0109770641171988,0.1407502076007312,-0.1308331787586212,-0.0103355692699551
25.148,0.0006435453374109,0.2201496345572384,-0.0013669993250995,0.2222873774821114,-0.1308331787586212,-0.0103355692699551
25.182,-0.0333576644630047,0.2265927337538103,-0.0013669993250995,0.2222873774821114,-0.1308331787586212,-0.0103355692699551
25.216,-0.0660723030514622,0.2199051771546735,-0.0602706189635345,0.147943391177406,-0.1505263149738311,0.0992104336619377
25.25,-0.0994358645266511,0.2199046446070379,-0.0877675854348963,0.0888675738503108,-0.1505263149738311,0.0992104336619377
25.284,-0.1364832393870112,0.2265672916284229,-0.1140255449275112,0.0021528053284685,-0.1505263149738311,0.0992104336619377
25.318,-0.149170315752072,0.0983061975620557,-0.1350820812488357,-0.0857898679271117,-0.1337411850690841,0.1069177538156509
25.352,-0.1491902491136577,0.0980568648686651,-0.1417810377858476,-0.0098439429919297,-0.1337411850690841,0.1069177538156509
25.386,-0.1193514054391404,0.2351545967333821,-0.1417810377858476,-0.0098439429919297,-0.1337411850690841,0.1069177538156509
25.42,-0.1325558283864606,0.1057062914388057,-0.1302310110465519,0.0555223598229112,-0.1336265802383422,0.0640022084116935
25.454,-0.1325729618443672,0.1054605228695861,-0.1288282915194627,0.0398057008641408,-0.1336265802383422,0.0640022084116935
25.488,-0.1364675984783157,0.0649416946047291,-0.1313202769645957,0.0308845041729604,-0.1336265802383422,0.0640022084116935
25.522,-0.1324297557262841,0.0627360815901792,-0.1341428929479573,0.0620515480972716,-0.112261563539505,-0.2637840509414673
25.556,-0.1323597754747249,0.0619435516140229,-0.1340995331380283,0.0622510823545521,-0.112261563539505,-0.2637840509414673
25.59,-0.1146322318513542,-0.269461312857272,-0.1340995331380283,0.0622510823545521,-0.112261563539505,-0.2637840509414673
25.624,-0.1111473285728769,-0.262393758264063,-0.1100869054036968,-0.2694727200611465,-0.1100382581353187,-0.4566926062107086
25.658,-0.1171776192681761,0.0384973931359424,-0.1100869054036968,-0.2694727200611465,-0.1100382581353187,-0.4566926062107086
25.692,-0.1137245356576641,-0.3838899644561201,-0.1170131051782197,-0.0128035425999668,-0.1271087080240249,-0.3328035473823547
25.726,-0.1089895439217591,-0.4530971141398036,-0.105748994158981,-0.4563554681781273,-0.1271087080240249,-0.3328035473823547
25.76,-0.12973367247408,-0.3393782183993734,-0.105748994158981,-0.4563554681781273,-0.1271087080240249,-0.3328035473823547
25.794,-0.1258532884305273,-0.3296968924752683,-0.1239562166560448,-0.3328702221696334,-0.1271087080240249,-0.3328035473823547
25.828,-0.125874281261949,-0.3297118061790297,-0.124008170010152,-0.3326393104135159,-0.1271087080240249,-0.3328035473823547
25.862,-0.1297110953547095,-0.3397161225067829,-0.1240336671989273,-0.3326605524191013,-0.1271087080240249,-0.3328035473823547
25.896,-0.1259174210345414,-0.329731408876889,-0.1240336671989273,-0.3326605524191013,0.125966340303421,-0.6526605486869812
25.93,-0.1259378982484439,-0.3297322306583707,-0.1240846626917399,-0.3326836579059815,0.125966340303421,-0.6526605486869812
25.964,-0.0831433731262051,-0.3954334459048031,-0.1240846626917399,-0.3326836579059815,0.125966340303421,-0.6526605486869812
25.998,-0.0470040747198377,-0.3838043067700909,-0.090879639058247,-0.335694378244646,0.1391666531562805,-0.5900533199310303
26.032,-0.0136404759546484,-0.3838044297755925,-0.0292948827584964,-0.2079954069661682,0.1391666531562805,-0.5900533199310303
26.066,0.0199796612592104,-0.3954447904698502,0.0021880437368273,-0.1538428772800905,0.1391666531562805,-0.5900533199310303
26.1,0.053086736193798,-0.38380357313374,0.0021880437368273,-0.1538428772800905,0.2199999988079071,-0.5279954075813295
26.134,0.0864503112936945,-0.383803045163992,0.0272922178326182,-0.1347368382071903,0.2199999988079071,-0.5279954075813295
26.168,0.1231042277332877,-0.3954325289259499,0.0785129648841986,-0.097373437669033,0.2199999988079071,-0.5279954075813295
26.202,0.153177301280817,-0.3838009540156284,0.0785129648841986,-0.097373437669033,0.1787908375263214,-0.3517324328422546
26.236,0.186540686363193,-0.3837993239607385,0.1274535162285747,-0.0240731398641774,0.1787908375263214,-0.3517324328422546
26.27,0.1825502961456186,-0.3590983108752625,0.1274535162285747,-0.0240731398641774,0.1787908375263214,-0.3517324328422546
26.304,0.177207928470819,-0.348201459246331,0.148864468666749,0.0210338310434712,0.1839424818754196,-0.3440731465816498
26.338,0.1823179869457973,-0.3405517112951186,0.1583498546175065,-0.085548038543863,0.1839424818754196,-0.3440731465816498
26.372,0.1878616822229021,-0.3506399811535097,0.1663196752794657,-0.1099976200355496,0.1839424818754196,-0.3440731465816498
26.406,0.1823369419294339,-0.3403110320478238,0.1682919979403613,-0.1319677750681301,0.1406031548976898,-0.4519677758216858
26.44,0.1823230605622766,-0.3404921343199176,0.1692931589216088,-0.1440691305411873,0.1406031548976898,-0.4519677758216858
26.474,0.1581145848589286,-0.3948765778854866,0.1692931589216088,-0.1440691305411873,0.1406031548976898,-0.4519677758216858
26.508,0.1392916724861871,-0.4473369074300304,0.1603306821643361,-0.2287791822387067,0.1725199669599533,-0.4640691280364991
26.542,0.139269255552638,-0.4470544466710877,0.1603306821643361,-0.2287791822387067,0.1725199669599533,-0.4640691280364991
26.576,0.1908043970488463,-0.4085581766685714,0.1704764220977902,-0.4210320028727961,0.1725199669599533,-0.4640691280364991
26.61,0.17092240468488,-0.4597931966730293,0.1768189697269736,-0.4615500220567527,0.1569423973560333,-0.7410320043563843
26.644,0.1555232524462858,-0.7342898681751329,0.1768189697269736,-0.4615500220567527,0.1569423973560333,-0.7410320043563843
26.678,0.1602606482431142,-0.7568477332278427,0.1736274274124354,-0.6000151252620219,0.1569423973560333,-0.7410320043563843
26.712,0.1555270825718634,-0.7351195911028225,0.1654818473087945,-0.7154696143088681,0.1732043325901031,-0.8871945738792419
26.746,0.1716078009836002,-0.8796360226255495,0.1635964090098607,-0.7421311951926475,0.1732043325901031,-0.8871945738792419
26.78,0.1768753682345563,-0.9071249414103,0.1812218128736748,-0.8885962804319882,0.1732043325901031,-0.8871945738792419
26.814,0.1716876033789669,-0.8804319628740506,0.1812218128736748,-0.8885962804319882,0.2048011422157287,-0.9952629804611204
26.848,0.1716627805605427,-0.8800300762481625,0.181041121967789,-0.8863937625921448,0.2048011422157287,-0.9952629804611204
26.882,0.2195599812247931,-0.4745174241917744,0.1911211855494416,-0.655489106413963,0.2048011422157287,-0.9952629804611204
26.916,0.2122015621221171,-0.8707048649154624,0.196775419289706,-0.5950178443837799,0.1612886637449264,-0.7129249572753906
26.95,0.2029510370895773,-0.986333979654768,0.196775419289706,-0.5950178443837799,0.1612886637449264,-0.7129249572753906
26.984,0.1908769089720741,-0.8168886247219743,0.194143245947498,-0.8002191990427266,0.1612886637449264,-0.7129249572753906
27.018,0.1599131275032018,-0.7071309491183386,0.1685191260750093,-0.7216382155667656,0.1474061161279678,-0.6607320308685303
27.052,0.1598136707541097,-0.7060528865809519,0.1676778444936809,-0.7125266205916478,0.1474061161279678,-0.6607320308685303
27.086,0.150521187321647,-0.6744515154977584,0.1533623702813617,-0.6605003597395066,0.1474061161279678,-0.6607320308685303
27.12,0.1461107440831538,-0.6546847871713887,0.1533928428135561,-0.6607247479091131,0.1533394455909729,-0.6522952318191528
27.154,0.1461395461638147,-0.6548600527705556,0.1533928428135561,-0.6607247479091131,0.1533394455909729,-0.6522952318191528
27.188,0.1566319358983421,-0.6663168102219738,0.1593135665797993,-0.65272565948781,0.1533394455909729,-0.6522952318191528
27.222,0.1520747871279863,-0.6469297089175061,0.1593428410161072,-0.6528665771199385,0.1218884885311126,-0.6609307527542114
27.256,0.1520942780480871,-0.6470007989272047,0.1593389209705727,-0.6527515633002344,0.1218884885311126,-0.6609307527542114
27.29,0.13250027131421,-0.7369679089582757,0.1415285122720836,-0.7240101869531589,0.0,0.0
27.324,0.0952396264886685,-0.7152928717776096,0.1328216993373176,-0.7160154540806554,0.0,0.0
27.358,0.0640914922865829,-0.7369686583610578,0.1328216993373176,-0.7160154540806554,0.0,0.0
27.392,-9.557689318663089e-08,-1.5539085053730175e-06,0.1138782214774942,-0.9215568718384028,-0.1173785254359245,-0.6507876515388489
27.426,0.0288429042485627,-0.7152925265484109,0.0945509724612193,-1.0784380429121387,-0.1173785254359245,-0.6507876515388489
27.46,-0.0043173035696023,-0.7369675285351194,0.0945509724612193,-1.0784380429121387,-0.1173785254359245,-0.6507876515388489
27.494,-0.0378842304334804,-0.7152912529398691,0.0822954413720601,-1.1444340710116176,-0.1173785254359245,-0.6507876515388489
27.528,-0.0712478104700351,-0.7152905516510722,0.0689129552875723,-1.2144745732769446,-0.14729905128479,-0.8244341015815735
27.562,-0.1074410756134459,-0.7369653398407204,0.0544133480748731,-1.3056436025927587,-0.14729905128479,-0.8244341015815735
27.596,-0.1379047345206533,-0.7161661789542538,0.0544133480748731,-1.3056436025927587,-0.14729905128479,-0.8244341015815735
27.63,-0.145971711724956,-0.8170034103573215,0.0234794221359149,-1.6057113443460576,0.1981270164251327,-0.9856435656547544
27.664,-0.1080428539119633,-0.7377872573374659,0.0030323141756142,-1.8733344029563137,0.1981270164251327,-0.9856435656547544
27.698,-0.0711786061783048,-0.7161797692418519,0.0030323141756142,-1.8733344029563137,0.1981270164251327,-0.9856435656547544
27.732,-0.0378162340767548,-0.7161955624967079,0.0128813958844903,-1.601856430191963,0.1981270164251327,-0.9856435656547544
27.766,-0.0049291599339398,-0.7379160456640876,0.0333310981955669,-1.078780062598595,0.0810526311397552,-1.799488186836243
27.8,0.0803097590429584,-1.7834234611414814,0.0333310981955669,-1.078780062598595,0.1740348488092422,-0.8080108165740967
27.834,0.0803058468201632,-1.783471108287658,0.0397366194408797,-1.1542685691817518,0.1740348488092422,-0.8080108165740967
27.868,0.0190631916401256,-0.6124069266936375,0.0397366194408797,-1.1542685691817518,0.1740348488092422,-0.8080108165740967
27.902,0.052154637290548,-0.5937649002364985,0.0535719908152324,-0.6596340393316843,0.1294182389974594,-1.0311917066574097
27.936,0.0855640328054267,-0.5943392395711964,0.0706079324686139,-0.5951571288882579,0.1294182389974594,-1.0311917066574097
27.97,0.1321384159368682,-1.0528601398644957,0.0706079324686139,-0.5951571288882579,0.1294182389974594,-1.0311917066574097
28.004,0.1282306355112004,-1.0221592839117464,0.0903399908364245,-0.5542704309792319,0.135917454957962,-0.3079776763916015
28.038,0.1282252588971769,-1.0222270162567404,0.121242698172858,-0.8359726066111364,0.135917454957962,-0.3079776763916015
28.072,0.0881566011826004,-0.1869322262941745,0.121242698172858,-0.8359726066111364,0.135917454957962,-0.3079776763916015
28.106,0.1192468154335768,-0.1812831028168076,0.1205013573561711,-0.2037948501655057,-0.1104016527533531,-0.5159726142883301
28.14,0.1346816550965258,-0.3053200399511928,0.1387347149443461,-0.3084189928447475,-0.1104016527533531,-0.5159726142883301
28.174,0.0888375220436002,-0.1869281875658158,0.1387347149443461,-0.3084189928447475,-0.1104016527533531,-0.5159726142883301
28.208,0.0525307470525859,-0.1814306841136525,0.076226894245811,-0.3510241187560891,0.1328249275684356,-0.0048292404972016
28.242,0.0859251858678123,-0.1818044452811579,0.076226894245811,-0.3510241187560891,0.1328249275684356,-0.0048292404972016
28.276,0.1217353907420587,-0.1769701424551428,0.1124397093411033,-0.1370355124451329,0.1328249275684356,-0.0048292404972016
28.31,0.1316496034827189,-0.0050513398757048,0.1314470709492422,-0.0268503798556008,0.1635431051254272,0.182964488863945
28.344,0.142577571211696,-0.0597025425017925,0.1314470709492422,-0.0268503798556008,0.1635431051254272,0.182964488863945
28.378,0.1670342200317911,0.1861407738926124,0.1447464510495855,-0.063144559743363,0.1635431051254272,0.182964488863945
28.412,0.1621507211396264,0.1810351584050908,0.1620084885136923,0.183297806557823,0.1515255719423294,0.2568554580211639
28.446,0.1621580320600823,0.1815091380130695,0.1620084885136923,0.183297806557823,0.1515255719423294,0.2568554580211639
28.48,0.1547443420621055,0.2626750554577775,0.1559357948289796,0.1825916447632847,0.1515255719423294,0.2568554580211639
28.514,0.1501931947576989,0.2549366821216883,0.1532995790154347,0.2122041242723094,0.1538812220096588,0.4861814081668854
28.548,0.1448620088867805,0.167335520992269,0.1532995790154347,0.2122041242723094,0.1538812220096588,0.4861814081668854
28.582,0.1571743349962193,0.4956484361354252,0.148014195405566,0.2389062659845236,0.1538812220096588,0.4861814081668854
28.616,0.1524250266528141,0.4826712305748336,0.1442769710467708,0.4164630228150967,0.1522135138511657,0.5589062571525573
28.65,0.1523926872821545,0.4827962811868771,0.1494256625618592,0.4872147875258524,0.1522135138511657,0.5589062571525573
28.684,0.1553058011412562,0.5708077741686366,0.1470050096763869,0.5593651754467118,0.1522135138511657,0.5589062571525573
28.718,0.1507196758888161,0.5542664899351735,0.1470613814106635,0.5593345826890673,0.2199999988079071,0.7809035778045655
28.752,0.1507406668725424,0.5543030696833648,0.1470876429725777,0.5593939472553651,0.2199999988079071,0.7809035778045655
28.786,0.1912083207196784,0.4956509328521885,0.1685478285261969,0.6119140095828253,0.0,0.0
28.82,0.2180170268424095,0.7738616763043896,0.1912829281940612,0.6563823613816324,0.0,0.0
28.854,0.1522228266804564,0.4810477193860599,0.1912829281940612,0.6563823613816324,0.0,0.0
28.888,0.1228021352823419,0.4956172584455739,0.1295633666620263,0.6771615870417593,0.0,0.0
28.922,0.085496288535586,0.4810429937393751,0.1295633666620263,0.6771615870417593,0.0,0.0
28.956,0.0521327095898169,0.4810436557976352,0.0708216222902121,0.7996750086212936,0.0,0.0
28.99,1.1066815223505332e-05,-0.0001396331921439,0.0513005735751875,0.7241419565233161,0.0,0.0
29.024,1.201733524559635e-05,-0.0001514962389851,0.0391321482024319,0.550650525768049,0.0,0.0
29.058,1.2584762781425278e-05,-0.0001585680453728,0.0268961076028354,0.3783611236968211,0.0,0.0
29.092,1.2890701820092667e-05,-0.000162260419491,0.0143096782971718,0.2011377803182587,0.0,0.0
29.126,4.794128433257679e-05,0.0003391327580161,0.0143096782971718,0.2011377803182587,0.0,0.0
29.16,4.735930430540377e-05,0.0005146887287457,5.278656334076406e-05,0.0006518739073046,0.0,0.0
29.194,4.501844632987773e-05,0.0004999295759348,5.073408658409809e-05,0.0006460156608816,0.0,0.0
29.228,4.450058502880905e-05,0.0004948732413646,5.073408658409809e-05,0.0006460156608816,0.0,0.0
29.262,4.53695684988154e-05,0.0005045556216355,5.02814091196436e-05,0.0006401525430654,0.0,0.0
29.296,4.359975988107975e-05,0.0004849329514201,4.9843874740712255e-05,0.0006345340046039,0.0,0.0
29.33,4.319854926495839e-05,0.0004805564383982,4.9843874740712255e-05,0.0006345340046039,0.0,0.0
29.364,4.411472385132473e-05,0.0004908553123761,4.908389408775752e-05,0.000624606864605,0.0,0.0
29.398,4.24585260976489e-05,0.0004725282276614,4.841841094137296e-05,0.0006155680279929,0.0,0.0
29.432,4.212378491344807e-05,0.0004688857868539,4.812607891605328e-05,0.0006114208414368,0.0,0.0
29.466,4.307181742912202e-05,0.000479521231379,4.812607891605328e-05,0.0006114208414368,0.0,0.0
29.5,4.151545135742638e-05,0.0004622639290531,4.78516028384462e-05,0.0006073652555195,0.0,0.0
29.534,4.127918529853695e-05,0.000459621565912,4.7446438430197386e-05,0.0006006948223396,0.0,0.0
29.568,4.227783083269191e-05,0.0004700817092301,4.7446438430197386e-05,0.0006006948223396,0.0,0.0
29.602,4.067887730735258e-05,0.0004550406087649,4.651616465671448e-05,0.0006015571073547,0.0,0.0
29.636,4.050951979707463e-05,0.0004535776638925,4.636610407307669e-05,0.0005999537150386,0.0,0.0
29.67,4.158661971535997e-05,0.0004655442711932,4.636610407307669e-05,0.0005999537150386,0.0,0.0
29.704,4.021803046622391e-05,0.0004501803958961,4.620826430989564e-05,0.0005983826762268,0.0,0.0
29.738,4.007797523202699e-05,0.0004486376012953,4.590078119311599e-05,0.0005957744731563,0.0,0.0
29.772,4.115010798865536e-05,0.0004605496658873,4.590078119311599e-05,0.0005957744731563,0.0,0.0
29.806,3.980519868553136e-05,0.0004451713302533,4.5646567652684965e-05,0.0005920322921088,0.0,0.0
29.84,3.967853302490845e-05,0.0004434075839872,4.5529066353999854e-05,0.0005902254070744,0.0,0.0
29.874,4.075291054927187e-05,0.0004550654509632,4.5529066353999854e-05,0.0005902254070744,0.0,0.0
29.908,3.943408951082953e-05,0.0004400217926162,4.541149135854166e-05,0.0005884286819277,0.0,0.0
29.942,3.931943056038726e-05,0.0004384564054609,4.519300358631977e-05,0.0005851491468942,0.0,0.0
29.976,4.039469165552479e-05,0.0004501847457299,4.519300358631977e-05,0.0005851491468942,0.0,0.0
30.01,3.909743414626293e-05,0.0004355120514551,4.4984279700767526e-05,0.0005821630770577,0.0,0.0
30.044,3.899361443947745e-05,0.0004341849529839,4.488707968583792e-05,0.0005808141627801,0.0,0.0
30.078,4.007118271744816e-05,0.0004460343632457,4.479052013966221e-05,0.000579522237761,0.0,0.0
30.112,3.879504721251205e-05,0.0004317316099257,4.470115852073274e-05,0.0005783514074752,0.0,0.0
30.146,3.870340230855413e-05,0.0004306284481515,4.46166406840904e-05,0.0005772453205241,0.0,0.0
30.18,3.9785444102776966e-05,0.0004425910113918,4.46166406840904e-05,0.0005772453205241,0.0,0.0
30.214,3.853086071288843e-05,0.0004286127821671,4.445634429369666e-05,0.0005752693460374,0.0,0.0
30.248,3.845225617763529e-05,0.0004277435908415,4.438401108367089e-05,0.0005744101460615,0.0,0.0
30.282,3.9540606600432615e-05,0.0004398586596776,4.4314464403130016e-05,0.0005735855530216,0.0,0.0
30.316,3.8307980439292e-05,0.0004261550549481,4.425150975236268e-05,0.0005728401797618,0.0,0.0
30.35,3.824392774757283e-05,0.0004254509045205,4.425150975236268e-05,0.0005728401797618,0.0,0.0
30.384,3.9340325577675245e-05,0.0004376568678076,4.419275753077535e-05,0.0005721455697083,0.0,0.0
30.418,3.812666688885214e-05,0.0004241638052445,4.408532610388006e-05,0.0005708786859581,0.0,0.0
30.452,3.807468932169687e-05,0.0004235942863099,4.403777359479224e-05,0.0005703195016226,0.0,0.0
30.486,3.917779666922543e-05,0.0004358759908362,4.399216948481765e-05,0.0005697843745569,0.0,0.0
30.52,3.797968800781418e-05,0.0004225554039364,4.395099300841793e-05,0.0005693022903792,0.0,0.0
30.554,3.793765459378748e-05,0.0004220967795347,4.391266126669264e-05,0.0005688546519546,0.0,0.0
30.588,3.9046358471642295e-05,0.0004344418291539,4.387596316287002e-05,0.0005684272204744,0.0,0.0
30.622,3.786098513781833e-05,0.0004212623414625,4.387596316287002e-05,0.0005684272204744,0.0,0.0
30.656,3.7827141184592834e-05,0.0004208950567054,4.381215289289672e-05,0.0005676873240402,0.0,0.0
30.69,3.8940525068179945e-05,0.0004332932408384,4.378278886593981e-05,0.0005673485975356,0.0,0.0
30.724,3.773846939116145e-05,0.0004199369559915,4.375637852684684e-05,0.0005670451414639,0.0,0.0
30.758,3.885577841268096e-05,0.0004323798659571,4.373190200951874e-05,0.0005667650546723,0.0,0.0
30.792,3.768933055617844e-05,0.0004194096040396,4.368766181080005e-05,0.0005662624053338,0.0,0.0
30.826,3.7667785714912034e-05,0.000419179516491,4.368766181080005e-05,0.0005662624053338,0.0,0.0
30.86,3.878839840616172e-05,0.0004316602280263,4.3649985608324015e-05,0.0005658392029803,0.0,0.0
30.894,3.762888628660892e-05,0.0004187664080566,4.3649985608324015e-05,0.0005658392029803,0.0,0.0
30.928,3.7611915660863406e-05,0.0004185873594969,4.363359317600776e-05,0.0005656569517903,0.0,0.0
30.962,3.873531985047688e-05,0.0004311001665036,4.363359317600776e-05,0.0005656569517903,0.0,0.0
30.996,3.758144875594856e-05,0.0004182683459245,4.360425519375053e-05,0.0005653346597115,0.0,0.0
31.03,3.7568245265835504e-05,0.0004181313361056,4.357999888939708e-05,0.0005650733842577,0.0,0.0
31.064,3.869401932799544e-05,0.0004306715407281,4.357999888939708e-05,0.0005650733842577,0.0,0.0
31.098,3.754472298413548e-05,0.0004178898261505,4.35691183819262e-05,0.0005649583188563,0.0,0.0
31.132,3.753462186379492e-05,0.0004177874431035,4.355951795789026e-05,0.0005648582874843,0.0,0.0
31.166,3.866241860747662e-05,0.0004303511763484,4.3542704046897805e-05,0.000564687580496,0.0,0.0
31.2,3.751681880202738e-05,0.0004176097723725,4.3542704046897805e-05,0.000564687580496,0.0,0.0
31.234,3.750927271526892e-05,0.0004175359112791,4.35292903236012e-05,0.0005645575584146,0.0,0.0
