odom_world_velocity_x,odom_world_velocity_y,odom_angular_velocity,delta_position_x_world,delta_position_y_world,delta_yaw,kinematic_delta_x,kinematic_delta_y,kinematic_delta_yaw
-6.672988778180788e-05,7.237467924767205e-05,-0.0005883072703935007,-2.6178376000274284e-06,1.6434259433317777e-06,-2.011517099997917e-05,-1.997025727683184e-06,1.9425370759920144e-06,-1.864858310254292e-05
-0.1233967050006533,0.1672533643643647,0.13557761961516107,-0.0041722846480289,0.0056726822642998,0.0045342348614294,-0.0044967178692901,0.0057076090724019,-0.0004497492539313
1.6156697097841066e-06,-1.6164417870334624e-06,0.00014610856727360032,-2.2622874053072894e-07,-3.112337202612614e-07,5.795792862972604e-06,1.846121065605008e-07,-1.8462107691720723e-07,6.668571439199965e-07
-0.081399557714645,0.1437316177103668,-0.2247556209200951,-0.0028433784521029,0.0049639599965984,-0.0074843621766387,-0.0026400006424248,0.0048424991334876,-0.0074389534619293
-0.1148864921914955,0.1754743604613541,-0.1941466990365095,-0.0038901659015548,0.0059601397852826,-0.0084260363589754,-0.0036389756689382,0.0058311809459602,-0.0077169562144979
-0.1471591387800922,0.1457656615516999,0.045100320729896795,-0.0050420350456313,0.0049968791432693,0.0013095279636936,-0.0052509714659791,0.0047480674606651,0.0012019363335798
-0.144256607125192,0.1665635140783267,-0.0370332425575675,-0.0048704582864456,0.0056185527949474,-0.0012766302241522,-0.0049790678476342,0.0052788309916592,-0.0012323605080176
2.1175482695784398e-06,-2.1173952054198697e-06,0.0003166761399787995,-4.2930500751157605e-07,-5.809023130593644e-07,1.0865112683333678e-05,-2.4421174042819037e-08,2.4409793534824162e-08,9.497960662018107e-06
-0.1560559061463008,0.1517973584225715,-0.0561257103679844,-0.0052998899861717,0.0051582410018014,-0.0020581887733261,-0.0054025969126017,0.0048597064658793,-0.0009189401514257
2.116152662476334e-06,-2.1161349342546654e-06,0.00031664169520610047,-4.2929039175158487e-07,-5.808051907196798e-07,1.0863907371039315e-05,-4.3134539109752736e-08,4.311687185180872e-08,9.095050182198764e-06
2.105368454186074e-06,-2.1062023191076307e-06,0.0003253138551599002,-4.2846812237659973e-07,-5.792205473587053e-07,1.0838114583133773e-05,6.936349555730786e-08,-6.936370253591007e-08,7.690805296184999e-06
0.007608280742967807,-0.00936121359948841,1.355652777316793,0.0002601237263828004,-0.00031636205278390023,0.0464611283256735,-5.307583512027868e-06,5.7899644921747725e-06,0.0451402801599368
-0.1561946910620269,0.1366833642424822,0.042712557451252395,-0.0053371484419951,0.0046708997618226,0.0005663457858235,-0.0053428197316641,0.0043096340830118,0.0004731192513287
-0.1495827978746405,0.145454237203408,0.0117156896729721,-0.0050867786024862,0.0049454032195866,0.0010894485937154,-0.0052736448041633,0.0047563859466974,0.0011331442238851
-0.1583647309866854,0.1527210024914989,-0.0391334261425398,-0.0053851589716034,0.0051925132009721,-0.0013882986934588,-0.0054021584852074,0.0048270605065642,-0.0013479239133894
-0.1604499677076107,0.1485871475608104,-0.036360365308619705,-0.0054477851075632,0.0050427365429016,-0.0001121742194327,-0.0054895332168556,0.0047418501942593,-0.0006875461901895
-0.1126297594234196,0.1626802826000988,-0.1125841803035771,-0.0038845457028444,0.0056110545889265,-0.0033272710694163,-0.0037680064994765,0.0052869541967844,-0.0037480558215599
-0.1298888808085669,0.1757471836112839,0.022954940292169396,-0.0044267810285441,0.0059904662928877,0.0009587286474895998,-0.0045736383182602,0.0056486462125622,0.0004981538966448
-0.1569874599908217,0.1552747417127707,-0.0400962176849539,-0.0053388180027009,0.0052751771515708,-0.0013728716239169,-0.0053713548853272,0.0048991888237813,-0.0013327133856632
-0.1482249468873807,0.1477731146061229,-0.0400073047152877,-0.0050423297147775,0.0050249323679774,-0.0013678510326409,-0.0050746918108219,0.0046679768473973,-0.0013239682954844
-0.022601307168046703,0.0488747991354162,-0.1653348617235671,-0.0007514685644929003,0.0016245125130636001,-0.0025222622857214,-0.0003093755729245,0.0007021859731101,-0.001584636940836
-0.1628072491421877,0.149368118997148,-0.052115796686015306,-0.0055287671720118,0.0050798855307588,-0.00185566776226,-0.0055238105594942,0.0047360151253291,-0.0017179375997387
-0.1508303657133772,0.1432014652692982,0.1033282328956776,-0.0051250310103276,0.0048706750103089,0.0035387767145942,-0.0052074041430153,0.0045122395683945,0.0034417813047974
-0.1348948955632925,0.1320614549229199,-0.0382714937981294,-0.0048841745488691,0.0047743313457294,-0.0013688950061863,-0.0046821963225051,0.0042288495556636,-0.00113935391822
-0.1513036369239865,0.1446063956889064,-0.0268600527583181,-0.0051775250987093,0.004947526250454,-0.0011608329254997,-0.0051399178797368,0.0045991606466512,-0.0008895736028208
-0.121232953178185,0.1700086719541999,-0.05953903106807701,-0.0041303656999023,0.0057896570882716,-0.0029870034885211,-0.0040643656025599,0.0055377257646259,-0.0029548895723007
-0.129723613673196,0.1789158331893202,-0.12693406205030788,-0.0044254563320673,0.0060690450123523,-0.0043510338471008,-0.0046144583135641,0.0058708454117626,-0.0043858775385203
-0.1280247275220519,0.1767101522791029,-0.124919990209524,-0.0043576967900744,0.0060197992560644,-0.0017317026283025,-0.0040861312439251,0.0052639829708582,0.0052339579644171
-0.157082669597305,0.1380695341145525,-0.0360471253745019,-0.0053594159314346,0.0047069136484694,-0.0013228771148479,-0.0053634515624694,0.0043201569534408,-0.0011964648250084
-0.03158033438185261,0.06731639736378492,-0.1117567774158181,-0.0009604815437316001,0.0020501442097398,-0.0053924341956855994,-0.0007600462566012,0.0017176853403819,-0.0015846863537546
-0.160483355081828,0.1486455512889472,-0.0027684099934331997,-0.0052784171783712,0.0048893646886438,-0.0015506867054213,-0.0054791671515947,0.0047392217704228,-0.0006340525964662
-0.156417436040795,0.1377800282100395,-0.0263788809151677,-0.0055038317180832,0.00484879169,-0.0002961883415544,-0.0053730314041154,0.0042773061385034,-0.0008800998001749
-0.152621601461796,0.1423152659831071,0.026849085159663697,-0.0051854904288074,0.004838652422532,0.0009196701622648999,-0.0051892015486881,0.0045334552671796,0.0008963283654074
-0.1266631542020852,0.1705866466943232,0.09180720435336359,-0.0042736393395472,0.0057533276714261,0.002720084997084,-0.0044909842995698,0.0057059814260689,-0.0005132851117947
-0.1101038797636445,0.178717046356502,-0.1732240105795707,-0.0035374052741468,0.0057625733050079,-0.0054358643871421,-0.0034857409264732,0.0059224115874264,-0.0057656025953171
-0.1644048194900235,0.1453165559201215,0.1250729349539742,-0.0056132589741502,0.0049606610819856,0.0021226471527957,-0.0056645015324794,0.0045680803579329,0.0041732001682813
-0.0519592159237713,0.1041972604752148,0.0991389329925691,-0.0018172016394122,0.003641867727111,0.0007592556685001,-0.0016218051270248,0.0034647639770073,0.0023220324060194
-0.1599373554491168,0.1519445404354149,-0.0340784439031924,-0.0053885476023609,0.0051155382624847,-0.0011156209243945,-0.0054303688384094,0.0048271848034274,-0.0011325593052079
-0.1371359307893363,0.1728471216228261,-0.0661162026742105,-0.004660272280341,0.0058814129948681,-0.0022807861148605,-0.0047587689543708,0.0054793313473949,-0.002200412999851
-0.1563330768953191,0.1522799899309037,-0.0085406744891673,-0.0053230995785074,0.0051824322275124,-0.0002827114794232,-0.005398676363344,0.0048511469067099,0.0002053604134127
-0.1528509608471047,0.1588183896145153,-0.0064942946036954,-0.0051967318682929,0.0053990702166131,-7.399825464471377e-05,-0.0054169622726944,0.0051722647760236,-9.828647989591488e-05
-0.1533759556510986,0.1410848026140947,0.1087479863071983,-0.0052055482247334,0.004785597333841,0.0045590863858104,-0.0055768963725963,0.0046464326430067,0.0024872603455783
-0.1310424485895893,0.1774765433138417,-0.0110465991693159,-0.0044563749859469,0.0060316617212838,-0.0004736863111571,-0.0047160106306117,0.0058205668971752,-0.0004273388057796
-0.1477735983728867,0.1469311200250665,-0.0383519128189614,-0.0050552822305159,0.0050226994143174,-0.0013217860378169,-0.0052092135264343,0.0047779428499265,-0.0015444278372452
-0.1449712094993865,0.1587648327371336,-0.0301533558096985,-0.0050002024060158,0.0054839714403605,-0.0020760990882058,-0.0050741546889036,0.0051875787795727,-0.002538450132217
-0.157005555232447,0.1373897001913316,-0.0696763080873094,-0.0053371385798543,0.0046671819646765,-0.0022455506733702,-0.0054785829496198,0.0044843129469188,-0.0023190419607567
-0.1372730274972965,0.1723651507344606,0.028966262254151696,-0.0046660219071932,0.0058603747894421,0.001396189826595,-0.0049414411660533,0.0056364949706853,0.0013842140156337
-0.1323888033128993,0.173184430937661,-0.07396197036126,-0.0045026858131675,0.005870787781564,-0.0024629336130299,-0.0047978311609102,0.0057378636935889,-0.0037757157289023
-0.1478882620031328,0.1634881148084966,-0.0200103104997295,-0.0050284096445594,0.0055539130976998,-0.0006867632897384,-0.0050491903995643,0.0052233458978723,-0.0006642045001864
-0.1324999083089227,0.1762481164327825,-0.0234371570031357,-0.0045051421027832,0.0059936972311041,-0.0008099286074294,-0.0045215292831375,0.0056870163072661,-0.000778646398183
-0.1478989567424782,0.1637237153877846,-0.0204323359396294,-0.0050286334961946,0.00556243004037,-0.000740012499651,-0.0050497662704108,0.005230960485267,-0.0006776845780802
-0.1431565053013224,0.1494871979826917,-0.0242298584428,-0.004884441158762,0.005087877781002,-0.0005467724506087,-0.0053882703799805,0.0051843968181689,-0.0020269836469354
-0.105114534291405,0.154417909542298,-0.1235785946877513,-0.0034785150227309,0.0051154527161656,-0.004700432775149999,-0.0035135898713983,0.0050162923790916,-0.0041120769050631
-0.0502243177144804,0.1052424276380538,-0.0813482648422671,-0.0015953224377894997,0.0033455602743086,-0.0028338064714485,-0.0015599914852733,0.0034898734967817,-0.0027030327994876
-0.1579151505565678,0.1539374332491818,0.017532615272923803,-0.005365928875643,0.0052362036892044,0.0006034157021668001,-0.0054075895286103,0.0048705761466107,0.0005870801873628
-0.1547603246114555,0.1409181970946978,-0.0377856083021942,-0.0054118975185315,0.0049325984212552,-0.001903310342143,-0.0052475313572333,0.0044677512858391,-0.0012530655270369
-0.1286108616473534,0.1806545352787129,-0.1856153661339588,-0.0043521048778725,0.006091109998513,-0.006397173443149799,-0.0043650893968915,0.0057992360190991,-0.0061800875278065
-0.1496746130172033,0.1626232903600148,-0.0424008902346797,-0.0050868021341359,0.0055315686355528,-0.0014535449685117,-0.0051204429283152,0.0051712383387048,-0.0014078505290233
-0.1333642874138469,0.1663129857224055,0.0145211780878996,-0.0045049543792339,0.0056132179294201,0.000554621654432,-0.0044165665554519,0.0050174061261573,-0.0030295482119575
-0.1221378523583402,0.1626334284457392,0.1274785097934802,-0.0041605944462164,0.0055490701957616,0.0037854373039615994,-0.0040993359778448,0.0050259369542345,0.0001245287713477
-0.1553717998550436,0.154363533649039,0.07615833536643128,-0.0052554794893377,0.005224911782092,0.0024579211711563,-0.0053627313526417,0.0048665329157803,0.0023643583920822
-0.1655021905715851,0.1457640073076615,-0.0013049524250508,-0.005626874423834,0.0049556649700211,-6.719239502483987e-05,-0.0056642429305247,0.0045683446822765,-3.355827107625054e-05
-6.64852801860738e-05,7.210072122729172e-05,-0.0006029466565266005,-2.609686892806728e-06,1.6335725043781224e-06,-2.063364063920048e-05,-1.986586219694296e-06,1.9321614665588157e-06,-1.907453527314473e-05
-0.0464196255062814,0.1053805134987103,0.0806709024019085,-0.0015786003503848,0.0035827704646558,0.0019931459729991,-0.0014510775242333,0.0035295299548072,0.0018963382429039
2.099225005242067e-06,-2.1001019370470164e-06,0.00031372785341230065,-4.262349849225647e-07,-5.762336687609518e-07,1.0782131288689155e-05,9.819701106360633e-08,-9.819875535141093e-08,7.088199325927496e-06
-0.0955925325868728,0.1605731073015012,-0.1493996486683651,-0.0030980612914339,0.0052288234916244,-0.0053937984543517,-0.0030293137312292,0.0053180178379301,-0.0049742157554956
-0.1608247680492905,0.1504200613775249,-0.0047417677431396,-0.0054643755330837,0.0051090783541922,-0.0001615986564411,-0.005462310079137,0.0047846674041216,-0.0001584872599166
-0.1582940174405986,0.1530672239199252,-0.0406820150559254,-0.0053815918429001,0.0052031458229625,-0.0012073473858129,-0.005400020222216,0.0048382842085064,-0.0013537127167654
-0.1110915914448846,0.1780126907457349,-0.1817936831505918,-0.0037664737327072,0.0060587455182956,-0.005935529281925799,-0.0035183871426225,0.0059002224746756,-0.0057023010345157
-0.1569878546864934,0.1521338896006339,-0.0105567791111685,-0.0053349139832823,0.0051734004685749,-0.0017318082028641,-0.005565506837698,0.0049973173744554,-0.0008560318057547
-6.769242836592027e-05,7.343842993465244e-05,-0.0005740622612573007,-2.649827016476102e-06,1.6801075659600428e-06,-1.9067574955400346e-05,-2.097130673505792e-06,2.040434301834255e-06,-1.8256233604585504e-05
2.1086207992737638e-06,-2.1093212686229545e-06,0.0003260357680197005,-4.291997588354822e-07,-5.802690969530788e-07,1.085719179716449e-05,-9.884915369673117e-09,9.884483861167457e-09,8.017590977343752e-06
-0.1185256347849665,0.1719233180543925,-0.0595236708473674,-0.003919850121909,0.0056855970487692,-0.0007938672028631,-0.0041019189357559,0.0057801279261877,-0.0002898131931977
-0.1651875577356807,0.1442049525251904,0.03687215055671429,-0.005560777997529,0.0048568414366294,0.0010595502047063001,-0.0056527025657746,0.004529788989895,0.0002901881161831
-0.0864119259982005,0.0876382625128921,-0.0759997846626807,-0.003098087849805,0.0031470114553588,-0.0030436920654478995,-0.0039289765071854,0.0039268280644536,1.3976913500798188e-06
-0.1514081376220808,0.1444473646504153,-0.0262838294749888,-0.0051478516875925,0.0049098450504162,-0.0008984747771045,-0.0051416656572962,0.0045925750285311,-0.0008722801711203
-0.079497386224517,0.1426528879021266,-0.20661175497087061,-0.0027212754756971,0.0048412152071619,-0.0070885785134962,-0.002526197562512,0.0047152189887624,-0.0071406287353452
-0.047352678582712096,0.1033316619006418,-0.049866994636280984,-0.0016122782183046998,0.0035134709353297,-0.0016620666269011003,-0.0015055139066541,0.0035067712957904,-0.0026059108961509
-0.1571327256911838,0.1529718398625759,0.0036225067487023997,-0.0053608862905526,0.0052212239618988,0.00012062947473169994,-0.0055693573839327,0.0050066524243062,0.0002187117817364
-0.1346263071084313,0.1747091844936205,-0.0517523151357048,-0.0045904118336281,0.0059486830439925,-0.0017914083834664,-0.0048359763621069,0.0057110434687341,-0.0018023354193022
-6.791986130777472e-05,7.36906142002336e-05,-0.0005517247877246997,-2.6574914544501456e-06,1.6888663121328307e-06,-1.8886252308281115e-05,-2.044261747420178e-06,1.9891361350217163e-06,-1.7557439026383293e-05
-0.1471744864700049,0.1649723813571772,-0.0615195254725473,-0.0050076496703059,0.0056039937910659,-0.0021157796577644,-0.0050264761694632,0.0052649873431159,-0.0020475175908366
-0.1643645320620521,0.1456457221339028,-0.0158473678791838,-0.0055351098640981,0.0048965085476133,0.0021668182811729,-0.0056408546466432,0.0045392195183362,-0.0006241716864098
-0.1522931207959577,0.1417865117814314,-0.0271229134173499,-0.0051773476148004,0.004815998943175,-0.0010038753618291,-0.0051750208200667,0.0045039684757797,-0.0008792616880349
-0.05029365148057979,0.1053594307115604,-0.0853634074052281,-0.0017113865069957003,0.0035787955985788,-0.0030186747702618,-0.0015703441790227,0.003491331085928,-0.0029012977313512
-0.1109429624205931,0.1754014043961867,-0.2221903177074919,-0.0037800126099352,0.0060001903100184,-0.006416908298677299,-0.0036622878898107,0.0060620884950884,-0.0057887034948789
-0.1523072250749978,0.1420369723779207,-0.0250470132759953,-0.0051788173540824,0.0048242669871604,-0.0008591341308408,-0.0051728973330693,0.0045099965730821,-0.0008521431846073
-0.1303482812942188,0.1769609451662547,0.06446758821110002,-0.004391551360404,0.0059683536733283,0.0020008975495988,-0.0045568383149618,0.0056480997108551,0.001554297750251
-0.1301243787489542,0.1615758752372278,0.03279010332409439,-0.0044902582168306,0.0055694496047495,0.0003741883740313,-0.0045334939114312,0.0051484030892401,0.0011575746674542
-0.1650057853345718,0.1460935104560782,-0.0080639507158906,-0.005610345446009,0.0049664952629454,-0.0002883855840201,-0.0055953281079519,0.0046359233056465,-0.0002654550995472
-0.1655165466080206,0.1459535295357214,-0.0157234690712271,-0.0056282570721539,0.0049599162384232,-0.0005363419904358,-0.0056914145491392,0.0045329295678853,-0.0005167922372726
-0.1600313393047117,0.1478399342112245,-0.048876156131236706,-0.0054500365708647,0.0050326058053901,-0.0013848580823774,-0.0056691780621412,0.0048899925012567,-0.0007345753156829
-0.1494690625542359,0.1628600003583649,-0.042323278375478,-0.0049546715953239,0.0054040228148199,-0.0013230578678014,-0.0051152716350231,0.0051805675610584,-0.0014048451251325
-0.1356611759560861,0.1654578474047192,-0.12232109757877359,-0.0046084501966099,0.0056135889328126,-0.0042270370863102,-0.0050011641876052,0.0055523936181498,-0.0015594047869754
-0.1653726698994604,0.1460047746067003,-0.0181858799384958,-0.0056249650641013,0.0049634045437297,-0.0006225832902346,-0.0056887920719135,0.00453596556713,-0.0005851142908276
-6.962098859646104e-05,7.559130464687702e-05,-0.0005359105432095994,-2.715260948305421e-06,1.7545165675869612e-06,-1.839019251859142e-05,-2.105765146282549e-06,2.050407068509096e-06,-1.710979070663754e-05
-0.1649296309154195,0.1459470968678561,-0.0336834802880656,-0.0056046118778372,0.0049587121090602,-0.0003085634123434,-0.005758128621733,0.0047682812758701,-0.000255287970659
-0.1500472917373516,0.1453056752460911,0.030399189572641098,-0.0051729992938064,0.0050109174739563,0.0003390966507761,-0.0051295580516734,0.004606658797859,0.0010251806737733
-0.1572211516133573,0.1533051944638963,-0.0218975025217632,-0.0053471022492909,0.0052091124744884,-0.0007449946698172,-0.0053816399095514,0.0048441075794549,-0.0007567730719071
-0.1477322121780882,0.1627558588448969,-0.0108824311685074,-0.0050223904108086,0.005529641734717,-0.0003726021507297,-0.0050445737948195,0.0052023831624689,-0.0003619684957123
-0.1227805513753981,0.1674385636268728,0.033892388875605,-0.0042481433032945,0.0058071405017974,0.0018539250497852998,-0.0044409655312,0.0055316688761325,0.0032593726860347
-0.1334034389594507,0.1736237649458731,-0.0419858522424507,-0.0045618365904431,0.0059266732698295,-0.00144620411415,-0.0046774102229858,0.0055629157540197,-0.0016845319422919
-0.1144929351437809,0.161335975139804,-0.0696244993943047,-0.003893661232041,0.0054720685131757,-0.0023910934025188,-0.0039728333439885,0.0051462692865379,-0.0023664619686966
-0.1319407849759141,0.1740791791795854,-0.1236407027084064,-0.0045121997275943,0.0059148387605034,-0.00425973505018,-0.0046285871096241,0.005577537171291,-0.0036722665544756
-0.1319078439673204,0.1767098041324383,-0.0719955617921107,-0.004482216532176,0.0059980736146418,-0.0016359554568947,-0.0045660045079626,0.0056335846765557,-0.0023946857746912
-0.1651829059246707,0.1467639564630376,-0.0434923505059919,-0.0056157088735961,0.0049894971458065,-0.0015085564191594,-0.0057670795241075,0.0047893413658627,-0.0014421415519532
-0.131668347390726,0.1769383214199793,-0.1271149046627045,-0.0044857444322123,0.006002537365765,-0.0042172184115099,-0.0047197906243232,0.0057765694456589,-0.0041418864780269
-0.1529549202701487,0.1589526490034056,-0.002477190810237201,-0.005200313018462,0.0054037963835263,-9.270885217871339e-05,-0.0052610797175025,0.005024318690857,-7.96481033257912e-05
-0.04960908625602929,0.1055317591519791,-0.0906503233573448,-0.0016890620821723,0.0035873555541621,-0.0030016165066059997,-0.001594510437337,0.0036014651651607,-0.0030205742579551
-0.1555773320433599,0.1393638377334428,-0.0289981219633903,-0.0052961816847347,0.0047425324707972,-0.0021407321626965,-0.0052730301803872,0.004417053399931,-0.0017550852984751
-0.04882207415531299,0.1053983486287053,-0.0831847713776355,-0.0016635224249572002,0.0035832227429539,-0.0027378220538545,-0.0015258401181972,0.0035011705025283,-0.0028310241934512
-6.862825356167279e-05,7.447839483148977e-05,-0.0005561780075530008,-2.681229799073037e-06,1.7159270226940748e-06,-1.849693490241222e-05,-2.1333805069901976e-06,2.076361904147931e-06,-1.772814862377459e-05
-0.0995497289364236,0.1430609872486484,-0.0172462114484901,-0.0034120150570289,0.0049021940050502,-0.0004388860944275,-0.0034517047499545,0.0045910920428574,-0.0005763589479335
-0.1373981663518839,0.1723967376141498,-0.067040560002735,-0.0046696131333849,0.0058656503535983,-0.0022659049964829994,-0.004911085262239,0.005629461628151,-0.0022320462565145
-0.1216389653930726,0.1681049497202705,0.1423591859814841,-0.0041233341641753,0.0057269723774335,0.0048759992143336,-0.004256091125367,0.0054215052748437,0.0047278684899257
-6.756917103425963e-05,7.330189815793475e-05,-0.0005603920796339,-2.645797668732186e-06,1.6754997518297898e-06,-1.9174089342932632e-05,-2.0307191011257302e-06,1.975746884985121e-06,-1.7814837286156406e-05
-0.0997058221677849,0.1431099342553969,-0.1024473956034832,-0.0034547123676251,0.0049543121071116,-0.0018843551659752,-0.0034496061230455,0.0045832920690779,-0.0004730227339816
-0.0478078526407784,0.1024608052548537,0.3241309393976177,-0.0016275874750168997,0.0034820525026,0.0108286556271557,-0.0015333688607743,0.0035033425946626,0.0105013989925892
-0.158180427573394,0.1536067897237441,-0.0314640007001073,-0.0053784666509218,0.0052230213852039,-0.0010909447385126997,-0.0053981344259956,0.00485869926248,-0.001045423876098
-0.1315433302840647,0.1783962040997255,-0.13034391609825,-0.0044632943613776,0.0060690871470803,-0.0043879742976663996,-0.0044835848028513,0.0057307581979016,-0.0043431568835843
-0.1263142043473427,0.1699517372842909,0.013945738707522897,-0.0043144811002235,0.0058036794296223,9.635055021339761e-05,-0.0043682585671462,0.0055636142262187,-0.0018581137243538
-0.1434064830382541,0.1516036206865508,-0.0565250194521075,-0.0049974367864862,0.0052867699704162,-0.0024779367409477,-0.0049021251418778,0.0048080200231829,-0.0018809485497825
-0.1306838252394283,0.1771058606957501,0.0148312991694939,-0.0044403181130066,0.0060242573374225,0.0005888565495841,-0.0047132030760409,0.0058266051544259,0.000440652839728
-0.1599733859842941,0.1516337540614382,-0.0335906616491779,-0.0054398700459453,0.0051527711491162,-0.0011577180052309,-0.0054313132658571,0.004817101064453,-0.001116563582065
-0.1634297951170384,0.1478904739503272,-0.0370104080680331,-0.0053079930622661,0.0048039202223058,-0.0010322858753775,-0.0055379675914141,0.0046921715711299,-0.0012302271302929
-0.157857070634365,0.1537140977609293,0.0162709590033892,-0.005366602378074,0.0052321196429531,0.0005588364903332,-0.0054085672779818,0.0048658790275821,0.0005522599788204
-0.1438173435660047,0.1514658623346209,-0.05275980029396081,-0.0048810274526343,0.0051419560921831,-0.0019289630968644003,-0.0049168933148782,0.004804319538363,-0.0018962167446273
-0.1564961129554345,0.136903704099413,0.004720211968130099,-0.0053294990475802,0.0046557624295234,0.00045331180659450004,-0.0053492040998191,0.0043120394495155,0.0001486734805463
-0.1290730823708187,0.1796177502501877,-0.1274452283316628,-0.0044014411250177,0.0060935159125992,-0.0043722937632635,-0.0044355500381148,0.0057435273892691,-0.0042419097914349
-0.1530114950098751,0.1590420615195321,-0.0028888746911498,-0.0051349418660153,0.005337213324562,-3.5084501768700704e-05,-0.0052638525782364,0.0050278340998835,-9.269113259802177e-05
-0.0787364153551936,0.1436422029787153,-0.2101511598723009,-0.0026935846200604,0.0048729370248539,-0.007180803977239799,-0.0024895835787528,0.0047269986660704,-0.0070239217239055
-0.1324604876289692,0.1764847850231794,-0.0236422853638395,-0.004509190695856,0.0060179259217139,-0.0032744051098436,-0.0045205389110979,0.0056949038899503,-0.0007848108090365
-0.1644992219296979,0.1470650961573278,-0.047533360480695605,-0.0055507902272555,0.0049557248458749,-0.0010478162336622,-0.0055826887337712,0.0046642847123738,-0.0015347215273716
-0.129858716630552,0.1616069072355202,0.030305219776812598,-0.0044196344276046,0.0054969594869345,0.0012951994728065,-0.0045390276451245,0.0051665013675222,0.0011129660369918
-0.0577016522288832,0.1163117246342932,-0.1475412769625284,-0.0019810321524706,0.003971593527148,-0.0051401125491321,-0.0017872319302981,0.0038101051442882,-0.0060938934202397
-0.1571458932116245,0.1374640193394257,-0.0348536639141397,-0.0053444315568976,0.0046694404140146,-0.0012085469386939,-0.0055271549711042,0.0044306106677383,-0.001160983574889
-0.1219091485786394,0.1720148481840698,0.11854217395725039,-0.0041232431446638,0.0058277771436843,0.0033960856868651005,-0.0043631903829058,0.0058118635971559,9.409538965279295e-05
-0.1633028828859434,0.1466999947240448,0.0025356812837760995,-0.0055570998684146,0.0049930316377971,-0.0007934116772676,-0.005540118128995,0.0046653953781938,8.37587624107794e-05
-0.1296162929728819,0.179705400387961,-0.1850748844233473,-0.0044171113829096,0.0061007071908085,-0.006353903887781301,-0.0043973451279786,0.0057676721992817,-0.0061609266933965
-0.1219202641186853,0.1289632226774992,-0.0736820110193182,-0.0041266117536431,0.0043633519228741,-0.0009008944799635,-0.0043504014614924,0.0042939250951425,0.0024517007843603
-6.621628971806293e-05,7.179414731131595e-05,-0.0006585884332515994,-2.5979546132144475e-06,1.6200275680944287e-06,-2.187346402182655e-05,-2.027773415322369e-06,1.9718310558973725e-06,-2.072769549332776e-05
-0.1374821638656286,0.1716181856709796,0.04433422411349519,-0.0046424949040739,0.0057910266207596,0.0009372236655238,-0.0048074712867778,0.005452732795044,0.0014375453337018
-0.1641531365054086,0.1448496253899434,-0.0015044898008757003,-0.0055732780072846,0.0049177651764202,-0.0004867218492976,-0.0056719980873518,0.0045502017760169,0.000242093062524
-0.0975651232453663,0.1447964092979227,-0.1421674537666212,-0.0033227950066343,0.0049363697445252,-0.0045246492357935,-0.0033640698102463,0.0048464032157402,-0.0043634620787559
-0.1603780765730486,0.1500248801375431,0.0169130133485216,-0.0054352171273109,0.0050826055852631,0.0001699174722609,-0.0054445689104209,0.0047704493603006,0.0002980984816114
-0.0354168487652998,0.03549266284608091,-0.025605195560653,-0.0013554275476343,0.001357902559094,-0.0013051844770024,-0.0015715491758157,0.0015707035575278,1.4573962337145231e-06
2.1170904842965355e-06,-2.1169821012578804e-06,0.0003262604995376995,-4.293001420259575e-07,-5.808699508058623e-07,1.0864710963343072e-05,-3.0287712631417224e-08,3.0274178634179756e-08,9.672883128789388e-06
-0.1572791483668203,0.1508656384629934,-0.0128045662269667,-0.0053437545551442,0.0051264207921454,-0.0004294741428099,-0.0054198058138401,0.0048440783293751,0.0006388502943481
-0.1621969298272241,0.1493519954138372,-0.054577807057818006,-0.0054687089447534,0.0050396979089422,-0.001646556252671,-0.005513302974111,0.0047436136973202,-0.0017490540885195
-0.1279501307303476,0.176924416854852,-0.0255978895109138,-0.0043658288975765,0.0060337552420708,0.0012627492848626,-0.0044597593103312,0.005709691370501,0.000795524102476
-0.153214265015339,0.1591269870519688,-0.0752779863357201,-0.0052045852123684,0.0054009632239298,-0.0015498386669379,-0.0052595416980675,0.0050088868215023,-0.002504428566095
-0.1653471623675319,0.1455122622769144,0.0087863007587481,-0.0056273560324106,0.0049534344404604,-0.0004235611444647,-0.0056871171767818,0.0045241354524204,0.0002950846521005
-0.1309533173780755,0.1363406901536992,0.0667000477080578,-0.0047354983297606,0.0049397951762999,0.0022182181147862,-0.0046535730078488,0.0044352520258983,0.002053249778355
-0.1411665960536321,0.1541565826808876,-0.0333069189738565,-0.0047909756959283,0.0052349895622576,-4.726593295334425e-05,-0.004985708443365,0.0050566286994692,-3.539887684125276e-05
-0.1224631584384393,0.1709951513188476,0.0679229804132039,-0.0041645402286385,0.0058122412956496,0.0017555273153724003,-0.0043446621481043,0.0058250062287222,-0.002099357623102
-0.11314399299875,0.1621209479997495,-0.1120210670831263,-0.0038473560736445,0.0055122151614939,-0.0038556372393543,-0.0037847773690383,0.005268680064329,-0.0037323258955907
-0.048887097260856396,0.101966257025155,0.3152658594970677,-0.0017050099985401997,0.0035506426382059,0.0090225791944207,-0.0015703400782918,0.0034876771368596,0.0104932029364738
-0.1488185651420035,0.1463977184752385,-0.0287146281411657,-0.005072112352734,0.0049854844331949,-0.0009913280385571,-0.0050929836064324,0.0046200586845322,-0.0009529233844131
-0.1392631803035762,0.1569369802593112,-0.0793317121504431,-0.004828739495744,0.0054275748550118,-0.0027400780929673,-0.00460309472809,0.0048426203052593,-0.0023148876440413
-0.0564761142902471,0.1149250039129356,-0.1129394847765608,-0.0019131379682208998,0.0038855600600309,-0.0033443872569763997,-0.0018215281493986,0.0039295185014535,-0.0029854841108852
1.9872318264141375e-06,-1.9881440219415847e-06,0.00028275033517739974,-3.803783456997334e-07,-5.152889775731848e-07,9.63661808306421e-06,1.75767166609466e-07,-1.757746916165586e-07,5.110861958296874e-06
-0.1369198848409639,0.1557087483506102,-0.0702634915418277,-0.0046639290941119,0.0052931032594769,-0.0026111672935482,-0.0047107056010655,0.0050009504665797,-0.0022687179252421
0.0022000981483213805,-0.0025114605656821887,1.1094631512584985,0.00020344709632739988,-0.0002281620214161003,0.0359934648485853,-0.0004258352498184,0.0004330933716494,0.0248397207017396
-0.1447479540269591,0.1507583229063124,-0.016246830851167,-0.0049163260455712,0.0051261356186498,-0.0004350092808294,-0.0049728277942548,0.0047690013643273,-0.0004466630632566
-0.0489045046436703,0.1118350123685027,0.032493224916051194,-0.0016142258475439998,0.0036948186301271,0.003818727575493,-0.0015918794000611,0.0039144724207864,0.005745470459455
-0.1484561333523724,0.1491561154028409,-0.075658325921092,-0.0050507338907418,0.005065280172379,-0.0029601324356729004,-0.0054588254721753,0.0050484425805525,-0.0013784689720419
-0.1562495820404243,0.1500653709329817,-0.0187380569268732,-0.0052972922378672,0.0050815983591259,-0.0009296380719829,-0.0054182112325031,0.0048362784614632,0.0006700168248199
-0.1555464213485954,0.1369213695320658,0.0443199803778148,-0.0054391916937017,0.0047950214848657,0.0014758553465812,-0.0052217596788161,0.0041711903929414,-0.0011963536217237
-0.1368691013974228,0.1732979802755997,-0.0665327739462756,-0.0043853741289276,0.0055604935619439,-0.0027368069816655,-0.0047505586986788,0.0054943304418868,-0.0022146574529918
-0.151682310962101,0.1536793978664704,-0.0429536168579359,-0.0051371925680632,0.0052000712302405,-0.0011554421208339,-0.0053133383868219,0.0049383364984622,-0.0011519269953224
-0.1476322329436437,0.145881778691843,0.0362352420939942,-0.005018598660449,0.0049603761895404,0.0012531453589321,-0.0050921370272009,0.0045932697486973,0.0012155443495712
-0.147736231219577,0.1563841072386463,0.0070941990450802996,-0.0048394380048073,0.0051230386897136,0.00024055202288709998,-0.0052084492412199,0.005050523995804,0.0026419086555731
2.118942250772804e-06,-2.1186536664219435e-06,0.0003167105731759004,-4.2931957203954513e-07,-5.809993429486959e-07,1.086631761548773e-05,-1.4350227119091576e-08,1.4342703332034501e-08,9.728915812275e-06
-0.1431882485269557,0.1688219914233308,-0.0844905202750572,-0.0048701597879874,0.0057381631373427,-0.0028782896172812006,-0.0049390906253409,0.005348381967586,-0.0028155987081411
-0.1293241166496264,0.1722301405169515,0.030275293259999,-0.0043546803886147,0.0057851918193045,0.0010672857172742,-0.0045472145902805,0.005662521902958,-0.001398288525386
-0.1563572827520489,0.1521061502450238,0.0194682398693315,-0.0053152786789185,0.0051693562700017,0.0006749431007343999,-0.0053910574815129,0.0048422375685566,0.000218190200778
-6.7177216319797e-05,7.286836547409914e-05,-0.0005722576412336006,-2.6327398847674106e-06,1.6605526234059198e-06,-1.9571078768709782e-05,-2.01516663742784e-06,1.96040167484118e-06,-1.816828306946405e-05
2.116614272532069e-06,-2.1165519038246483e-06,0.0003166530635432003,-4.29295270302707e-07,-5.808375771292063e-07,1.0864309194058563e-05,-3.555857168902394e-08,3.5543355189301355e-08,9.255420580745615e-06
-0.1507732737451354,0.1576941683199278,-0.0137415358596453,-0.005003768635156,0.0052333800329362,-0.0013982902942588,-0.0052040851283126,0.0050472785792741,-0.0020444847940419
-0.1444243046893152,0.1659301329958097,-0.0311015955853408,-0.0049122830293069,0.0056366265962235,-0.0012782821554058,-0.0051363462019555,0.0054188538734553,-0.0012276703050536
-0.1376492116191484,0.1714473945255934,-0.0408047035859448,-0.004679503066213,0.0058317454265006,-0.0013888058182436,-0.0047771833178444,0.0054415391338645,-0.0013198541963419
-0.1601132164893465,0.1510794491885924,-0.0442894952801787,-0.0054448867883035,0.0051326999349442,-0.0014175985521029,-0.0054340127979015,0.0047958668122959,-0.0014738296401473
-0.0474277613088826,0.1070223361973206,-0.1786812217332113,-0.0016150453255127997,0.0036390639322942,-0.0061816665628644015,-0.0014565436976493,0.0035197047137955,-0.0060097767867757
-0.1545168148401071,0.1403412531445899,-0.0299808470953448,-0.005260176052495,0.0047795980634993,-0.0013388990318792,-0.0052268796501552,0.0044377761848742,-0.0014991689222408
-0.147905062925228,0.1457928429248624,0.036876096202286296,-0.0050498553312045,0.0049800944948384,0.0013208819219103,-0.0051007505659196,0.004589751500025,0.0012275049637164
-6.78079719160507e-05,7.356650599144032e-05,-0.0005542859570993996,-2.653720521106351e-06,1.6845579602353666e-06,-1.8971972514325586e-05,-2.0399798402214014e-06,1.9848998162166863e-06,-1.763340020826121e-05
2.1072159432922177e-06,-2.108006137979679e-06,0.0003162651388424996,-4.2902139942143855e-07,-5.799802931241368e-07,1.085219161822698e-05,3.99464139020424e-08,-3.99459190020638e-08,7.682345183349381e-06
-0.127671250661097,0.1703863841782731,0.044338571017513095,-0.0043450790449313,0.0057973963150055,0.001452573510043,-0.0045568696640458,0.0056585681396837,-0.0013555679473416
-6.637637056607082e-05,7.197678543016672e-05,-0.0006338341428890008,-2.60508243799017e-06,1.6282864034877775e-06,-2.1051291420715046e-05,-2.03971404779418e-06,1.9836798614289496e-06,-2.0014966733583605e-05
-0.156944174458399,0.1524817058266585,0.1269399322210838,-0.0053309942840664,0.0051878614929938,0.004351775901026301,-0.0054276779011021,0.0048142535613979,0.0042275745259629
2.1105373480267975e-06,-2.1110591109929633e-06,0.00031650362088269865,-4.2923094734602374e-07,-5.804147829276476e-07,1.0859076634783858e-05,-1.2814330881895785e-07,1.2813005173669258e-07,6.720790209271879e-06
-0.1602031218852878,0.1499788078283167,-0.0390536091038623,-0.0054622360299088,0.0051071087237642,-0.0014004291129214,-0.0054677899487691,0.004790383225983,-0.0011122356097435
-0.1055667516219044,0.1537185200566451,-0.054136247718935285,-0.0036039140412189,0.0052507476900962,-0.0038745189465849,-0.0035305428327449,0.0049974508791389,-0.0039598285144199
-6.61635211295919e-05,7.173377691260807e-05,-0.0006488554927652993,-2.5948086883613615e-06,1.6171147567689559e-06,-2.222011727015527e-05,-1.964170540361672e-06,1.9099042770041148e-06,-2.0401185851604e-05
-0.0561885996230866,0.1152064316969486,-0.0895342325103888,-0.0019130483030406998,0.0039129381144702,-0.0030805470435332997,-0.0017568418746514,0.0038195089140417,-0.0029237137149419
-0.1541998748843829,0.1566744466994728,-0.042639476677200805,-0.0052391331174305,0.0053187939439044,-0.0016987528419916001,-0.0054561844998993,0.0050862834075293,-0.0018298598102928
-0.1379054810290005,0.1727425107708115,-0.0641781338049639,-0.0046881813044528,0.0058739898734474,-0.0022046494347813,-0.0048069980723454,0.0054554193863754,-0.0021358543306087
-0.0540652779131177,0.1106707428004159,0.2209183410271251,-0.0018228854138507998,0.0037242341652294,0.0056059976663313995,-0.0017689356823305,0.0038437174648676,0.0060088044014147
-0.1323618182789791,0.1778845946531291,-0.1244935256828483,-0.004493369712738,0.0060521665910304,-0.0044893368999048,-0.0046424560327506,0.0058801992536806,-0.004477494322389
-0.1503883720461311,0.1624176222476913,-0.1144588202192428,-0.0051016009595341,0.0055132434424305,-0.0021748735464681,-0.0051335873935606,0.005142404663021,-0.0038086744109998
-0.1477854508332568,0.1477359707440242,-0.0408118933848378,-0.0050323167406289,0.0050300811788093,-0.0015192840150826,-0.0050653725419298,0.0046718432385768,-0.001333093632175
-0.1479114644016115,0.1644283081283091,-0.0628706707317539,-0.0050335523431648,0.0055830350544143,-0.0021396890564755,-0.0051984872046412,0.005400085783788,-0.002114665901748
-6.896100664431637e-05,7.485035100160409e-05,-0.0005368102449707993,-2.692566559936438e-06,1.7287532290133356e-06,-1.8408941564462822e-05,-2.0828702305206536e-06,2.0274831263636444e-06,-1.7122321656781735e-05
-6.634593059053062e-05,7.192842476413941e-05,-0.0006529129778972999,-2.5748864371784135e-06,1.6461433980374807e-06,-2.2264843509312016e-05,-1.956978437688212e-06,1.9028325697585264e-06,-2.073547722165614e-05
-0.1304261036395767,0.1782865785577469,-0.1227373411208701,-0.0044431327907261,0.0060489521204258,-0.0040662504327317,-0.0045406107248126,0.0056510001895133,-0.0040861422990727
-0.1574788702018963,0.1533326391144835,-0.0132595379890535,-0.0053324354115033,0.0051857874253642,-0.0005193814626354,-0.0055482112673026,0.0049862694127804,-0.0007919710861554
-0.1237777479475108,0.1302861658962331,-0.1020500343865863,-0.0041848610414171,0.004405153537573,-0.0025800486868563,-0.0043225246599178,0.0042818905549396,0.0011699303582068
-0.1540322480096847,0.1570401386317164,-0.0513288560646932,-0.0052381508524298,0.0053369146935036,-0.0017792896983638998,-0.0052885827882188,0.0049477705808249,-0.0017508855223574
-0.1308924498465478,0.1775720920013551,-0.0111764303915521,-0.0044520333723527,0.0060389658273702,-0.0002378228613539,-0.0045764746695099,0.0056579528944242,-0.0003757389840015
-0.144017504642243,0.1651171273321885,0.024410032630694998,-0.0048774893991723,0.0055973031439531,0.0008061594810473,-0.0049823976504901,0.0052582106142488,0.001564375294876
-0.156770046245083,0.1368433331730855,0.003328988881847201,-0.0053295421381738,0.0046509029282865,0.00011539292807149999,-0.0053585298886862,0.0042917481179846,0.0001113284738384
-0.1369999515130947,0.1410745755115173,0.08616322981362531,-0.00465479623128,0.0048048927648925,0.0029441647458874,-0.0047374981538408,0.0044671372070107,0.0028697591099995
-0.1126757134927882,0.1752570450325187,-0.249432275822665,-0.0037920360417298,0.0059238937582783,-0.007742405178092701,-0.003593107834579,0.005857841120734,-0.0077158695624434
-0.0001579929851833195,0.00015806653032179874,-0.00036910996352149984,-9.228414135465952e-06,-4.86063884164948e-06,-1.3074265182044797e-05,-4.314048966756934e-06,4.314205805967916e-06,1.5375773172781828e-05
-0.0504918538607139,0.1050698431442629,-0.0814077215418509,-0.0017146065092239,0.0035736475410215,-0.0027902559665027,-0.0015693977562823,0.0034857188906399,-0.0026768132482177
-6.843931482394816e-05,7.426790501674496e-05,-0.0005422815876023005,-2.6748567620864423e-06,1.70866265492009e-06,-1.857703339380734e-05,-2.063732568893384e-06,2.0084358189483565e-06,-1.727865148613006e-05
-0.1512813049881615,0.1588589425308977,0.061960458746144295,-0.00513617087689,0.0054038666516237,0.0021256745894842,-0.0052302232146483,0.0050260762158057,0.0020643485103633
-0.1629765266041397,0.1482761208514673,-0.0130567067610706,-0.0055135641616923,0.005009484636873,0.0029607149968802,-0.0055919087377607,0.0046349612807732,-0.0004316314737184
-0.017965548507110504,0.017973329747731803,-0.0088636927307649,-0.0007445051951845,0.000743858131523,-0.0007131704975895,-0.0008017379337533,0.0008013009063553,-8.48176182381118e-06
-0.1289113457490379,0.1493761547145554,-0.0528881033094334,-0.0044706185039953,0.0051744330008061,-0.0021617893722694,-0.0045802261659773,0.0048746789160058,-0.0026045249465752
-0.1111561127989742,0.1594825026531816,0.0227461949731478,-0.003726352169211,0.0053486761061669,0.0018593975080807,-0.0042266967385384,0.0056280103579962,-0.0004662999935232
-0.1564196147885578,0.1375381253056851,0.0178809860176678,-0.0053190954695178,0.0046784129367486,-0.0009014692118567,-0.0053785577383791,0.0042739389815692,-0.0008888514334356
-6.744501221302157e-05,7.316446565194812e-05,-0.0005639074615733999,-2.6416178020571834e-06,1.67071751500103e-06,-1.929265269140501e-05,-2.025838973923622e-06,1.970928406858675e-06,-1.7919454206083432e-05
-0.1364918122477346,0.1413606127293823,0.0790187376496329,-0.0046162689792365,0.0047930165792064,0.0027707856273653,-0.0047174987028659,0.0044739969129723,0.0028861172690671
-0.122906822666153,0.1672934303087331,0.0366843720474959,-0.0043019900656913,0.0058595922282866,-0.0017249978765185,-0.0042471959068166,0.005386200665943,0.0012530387485063
-0.1409258077482095,0.1539002299210489,-0.0006407249657496006,-0.0047788213681143,0.0052271847805827,-5.872962804920334e-05,-0.0048360779032799,0.0049053361426407,-5.96832118805235e-05
-0.1185316814981999,0.1572176506488676,0.0562321469271303,-0.0040810681796412,0.0054136213510831,0.0007672841176597999,-0.0041001943047899,0.0050257255760339,0.0001217640819189
-0.1110714775502828,0.1672774998024893,-0.0694561767942023,-0.0038317508522642,0.0057809297038924,-0.005677702845659799,-0.0038011027611419,0.0059860581947957,-0.0079501115490839
-0.1381843577307152,0.1696523663397552,-0.0972119454424348,-0.0046946512760042,0.0057617496403332,-0.0022477917695171,-0.0048423107115553,0.0053923849447208,-0.0014609270894298
-0.1512896728057541,0.1440816194668649,-0.0367437681977964,-0.0051473410585751,0.0048993253776694,-0.0011910229287894,-0.0052912436037209,0.004715451774403,-0.0013853809465609
-0.1229263995057787,0.1629388245338347,0.068114476119823,-0.0042126831137234,0.0055839406364357,0.0029745091020365,-0.0041696242394762,0.0052002865417803,-9.861530565480336e-05
-0.1635103108191448,0.14723714860951,-0.0356178669455928,-0.0055597273245451,0.0050076344888184,-0.0012465422447189,-0.0057091865845797,0.0048133458709789,-0.0012260938227842
-0.130693993370898,0.1768684236302521,0.0455021269816578,-0.004439538579811,0.006014770368969,0.0013109224948810003,-0.0045716330509236,0.0056486642626678,0.0015171857426296
-6.824004414422713e-05,7.404620813064589e-05,-0.0005454469913706,-2.668183219922248e-06,1.7010716728549369e-06,-1.8679491511797153e-05,-2.056313544846745e-06,2.001074761526233e-06,-1.7371797746967843e-05
-0.1316031833883898,0.1763852613533627,-0.0068235024153907,-0.0044744434811989,0.005996026331229,-8.113742744431107e-05,-0.0047018776622751,0.0058160173415567,-9.584190135725204e-05
-0.1405036287636538,0.1535622289752005,-0.0107323704797742,-0.0048342447279294,0.0052817735318657,-0.0009558284131538,-0.0052418401933854,0.0053315814553482,-0.002592405289972
-0.1477893829392572,0.1513608767586068,0.0814929607757537,-0.0049264979295516,0.005056372045893,0.0027775172863471,-0.0052516556771362,0.0049207601685825,0.0034370822126054
-0.1094107251124709,0.1559029395700077,-0.2028239179321158,-0.0038619475312369,0.0054796984410903,-0.0065708803790176,-0.0031073053867089,0.0041406348548108,0.0032929427521323
-0.1517389015181751,0.1586853739191571,0.0616955859076604,-0.0051498434128046,0.0053953425922491,0.0021167817296841,-0.0052449564212457,0.0050194940296356,0.0020554777284666
-0.0004098400226534016,0.00044428985613040317,0.1600615845330687,-9.86426803475382e-05,0.00010895116773250012,0.004174090319846601,-2.0580528332027277e-06,2.001006478466832e-06,-4.768233419571999e-06
-0.149382070066313,0.1438982590825801,0.036906454832423996,-0.0051295072926548,0.0049385901395897,0.0012940821915568,-0.0051202076159206,0.0045600757345239,0.0011646850664598
-0.020250438480569705,0.041221432674676706,0.5336441492105132,-0.0006233354434472,0.0012482126543783998,0.026081219733717,-0.0002676620883487,0.0005245714181179,0.0378481988111175
-0.1564885767732464,0.1528573912268641,-0.0055304493256841,-0.0053330618938451,0.0052064562561131,9.714972120766774e-05,-0.0055442124803517,0.0050009519523644,-3.580602063260052e-05
-0.156782695532099,0.1502611215140125,-0.0418061054259006,-0.0053228431316633,0.0051010885073291,-0.0010118143505382,-0.0055787454168836,0.0049928143580189,0.0006916765467633
-0.1546390259415808,0.154416763246897,0.0655157000126135,-0.0052630009997829,0.0052618306668604,0.0023851853568985,-0.0053598028607214,0.0048866860297067,0.0022935573244748
-0.1508284524518316,0.1590391889772915,0.0581586277492851,-0.0051094463535032,0.005398336533725,0.0019366823040511002,-0.005372497801798,0.0051846486703233,0.0021561419886227
-0.1222792853437192,0.1668660966873539,0.06204474263004049,-0.0041712300027307,0.005685839293066,0.0012388306581829,-0.0042451983555743,0.0053982983634674,0.0013852577727171
-0.1508780183321072,0.1617057224536545,-0.113910751763692,-0.0051269455817817,0.0055025239237948,-0.0039221014414394,-0.0051488617005005,0.0051186583182172,-0.003790686096045
-0.1476172764291186,0.1647878996118195,-0.0623310098879737,-0.0050233299293269,0.0055973868356498,-0.0021373014210896,-0.0050378308830099,0.0052551693007012,-0.0020713914820975
2.1138173824097883e-06,-2.114025253519003e-06,0.00031658413140260057,-4.29265870276023e-07,-5.806430103663315e-07,1.086189714749608e-05,-1.243622212110557e-07,1.2432187875185778e-07,7.463795209591882e-06
-0.1241427950256924,0.1667728054440542,0.0689844483465468,-0.0042657503607794,0.005733766332489,0.0033751092182119,-0.0039872148502018,0.0049026948288105,0.0027205117129338
-6.632154109552368e-05,7.191428403136024e-05,-0.0006224113108794001,-2.6027375754629316e-06,1.6255847792301381e-06,-2.1296672020554297e-05,-1.976026990422333e-06,1.9216661654260213e-06,-1.963405726295165e-05
-0.1602473180171246,0.1503187561995895,-0.041541586863358,-0.0054522264686204,0.0051083623690996,-0.001523059785216,-0.0056089059048323,0.0049205216071232,-0.0015244141858309
-0.1383736224639171,0.1713580765452259,-0.037981476549688,-0.0047053481042846,0.0058260632676656,-0.0013080662425037,-0.0048229765618206,0.0054171260295041,-0.0012632490296455
-0.020019702947960807,0.0434707381844663,-0.04703648949259151,-0.000673699459609,0.0014535515573443,0.0063499848435477,-0.000321251727222,0.0007184971689208,0.0124901433948032
-0.1573015566108216,0.1532373889406937,0.0189299661480269,-0.0053515214464443,0.0052100387753153,0.0006359612788955,-0.0053875649017172,0.0048496849557469,0.0006304564842296
-0.1035313748617379,0.1557403454899051,0.0984961871789994,-0.003550574451145,0.0053277799756712,0.0023783449416177,-0.0040160682633862,0.0060556401379418,-0.0105731453860659
-0.1173955034912992,0.1495228375520149,-0.0863080393399574,-0.0041827104299052,0.005339894490612,-0.0031767872817147,-0.0040970484752277,0.0047649146458065,-0.0032831170437864
-0.054157674115949,0.1126294640901646,-0.0778373668661189,-0.0018284547821501,0.0037943511178584,-0.0026021706278918,-0.0017449084821456,0.003851312591456,-0.0025560047683931
-0.124825801994319,0.1710814100206719,0.0909662069823878,-0.0042108234440585,0.0057556111295,0.0023597015426264,-0.0043680108475388,0.0055690518888874,0.0011618957077498
-0.1378926133738786,0.1578262317668013,-0.0956857765095026,-0.004684181173606,0.0053431324431665,-0.0030649200437720004,-0.0051200036907285,0.0054386732593497,0.001680077471062
-0.1310095302494103,0.1775925009302662,-0.0129761277956819,-0.0044545507016984,0.0060367733743635,-0.0004371493315096,-0.0045783448309072,0.0056556081279316,-0.0004292206542177
-0.1523688326241961,0.1423344595298507,0.018589602394188998,-0.0052135691074299,0.0048736491339721,0.0006820163855859999,-0.0053398134375819,0.0046736838231426,0.000939436057123
-0.1237703334151037,0.1677713259061803,-0.0607208536766083,-0.0042215634188611,0.0057150087690667,-0.0022128558458813,-0.0042172137020582,0.0054132610178971,-0.0019628699849678
-0.1569928088793057,0.1379623233005797,0.0250481398790704,-0.0053486604974194,0.0047019230859053,0.000810955565448,-0.0053608006075153,0.0042903324821268,-0.000641364411646
-0.1646488485831485,0.145639218461733,-0.0208118276549055,-0.0055857248261237,0.0049338420780979,-0.0005088111895115,-0.0058261699369809,0.0046744138267806,-0.0008068747765296
-6.626875649469455e-05,7.185405986551152e-05,-0.0006303077062755,-2.6003602997541793e-06,1.6228413985963641e-06,-2.1569763088979954e-05,-1.9722083243588523e-06,1.9178767727144464e-06,-1.986157308673242e-05
-0.1252791519433771,0.1662739832225516,-0.05439056091985049,-0.0042534781461192,0.0056437832922358,-0.0006885858730951,-0.004277748862276,0.0053631022240319,-0.0016817795829144
-0.1481378130057218,0.1496594574838174,-0.0828117742063477,-0.0050437339342718,0.0050800938422037,-0.0023989520861751,-0.005322296946403,0.004934966898148,-0.0012087394185271
-6.688911460500657e-05,7.255028437971878e-05,-0.0006000885762676,-2.623041715166686e-06,1.649436597084275e-06,-1.9914561600664626e-05,-2.064085545349018e-06,2.007842857039716e-06,-1.9031873705532837e-05
-0.1566473455503927,0.1383050773949606,-0.066693521586086,-0.0053925337308188,0.004758670393566,-0.0021544834784985,-0.0052984119201851,0.0043765538587675,-0.0022188761775564
-6.98370075240401e-05,7.583408162145644e-05,-0.0005363432030167977,-2.720217531226865e-06,1.7601405790657054e-06,-1.8401165680081988e-05,-2.1746180513039064e-06,2.117596027702796e-06,-1.7639441190109296e-05
-0.1568501177642506,0.1532047593745452,0.0005666604340246999,-0.0053360103969372,0.0052103458748558,6.443493374685966e-05,-0.0053750711873287,0.0048484299549329,2.6439479664963628e-05
-0.1436000062400587,0.1333883885199044,0.06054239167170129,-0.0048969171771331,0.0045523186229854,0.0015230352961759,-0.004962051022104,0.0042067207564686,0.0022217512526288
-0.1569105325584582,0.1369369947882807,0.0031467865650828975,-0.0053341574805453,0.004654970930312,-7.648169163010365e-05,-0.0053626819805351,0.0042941202398649,0.0001052985083949
-0.0533623303978494,0.1079930720521357,-0.0855631026116784,-0.0017944913591736002,0.0036360551497933,-0.004376200682066199,-0.0016116244992387,0.0034702933633568,-0.0050850261430262
-0.1614650361417443,0.1413049920833374,0.0754950909803592,-0.0054586744998856,0.0047847871801343,0.0025439956356954,-0.0056541588533208,0.0045332044902058,0.0001940466935475
