Time,Theta_calculated,linear_velocity_x,world_velocity_x,world_velocity_y,angular_velocity_yaw,linear_acceleration_x,angular_acceleration_yaw,kinematic_delta_x,kinematic_delta_y,kinematic_delta_yaw
0.35800000000000004,1.570795708065908,-2.0213114909910114e-07,-1.2506440143646806e-13,-2.0213114909906245e-07,4.634297347860361e-06,6.2665019988096e-05,0.0004181538257953915,5.229778971639832e-16,-6.730967268506237e-09,1.5432210168375003e-07
0.392,1.5707958623880098,0.00014163296478719367,6.57753242430279e-11,0.00014163296478717839,-9.684275588699328e-05,0.004259312190279062,-0.0030473589560016104,6.877207408646956e-12,4.716377727548636e-06,-3.2248637710368762e-06
0.42400000000000004,1.5707926375242387,5.384272948454954e-05,1.986404020292023e-10,5.384272948418311e-05,-0.00036825022864740974,-0.0026363434024818055,-0.008150374557369862,1.6498660036130842e-11,1.7929628917558678e-06,-1.2262732613958746e-05
0.458,1.570780374791625,-2.9359481386261264e-06,-4.6834254310941834e-11,-2.935948138252576e-06,8.250194175208333e-05,-0.0017050653940893592,0.013536101213197989,-1.3647899231318217e-12,-9.776707300988234e-08,2.747314660344375e-06
0.49100000000000005,1.5707831221062851,-2.169330083423429e-06,-2.864532824632406e-11,-2.169330083234302e-06,0.00022476078063603572,2.3021563219300224e-05,0.0042720372037222945,-6.388559411866433e-13,-7.223869177557584e-08,7.48453399517999e-06
0.525,1.5707906066402804,-1.0021935475675725e-06,-5.732702047470171e-12,-1.0021935475511765e-06,0.0002539116072129507,3.504914522089658e-05,0.0008754001975049546,-2.916179720876545e-14,-3.33730451341901e-08,8.45525652019126e-06
0.558,1.5707990618968006,-2.895423159774411e-07,7.919277397206637e-13,-2.8954231597635806e-07,0.0002632837080159345,2.140093788558953e-05,0.0002814444685580721,7.460316757861894e-14,-9.641759121696958e-09,8.76734747693062e-06
0.5910000000000001,1.5708078292442775,3.3996870877473717e-07,-3.9104728636892705e-12,3.399687087522471e-07,0.00027283452252635125,1.8904234977542887e-05,0.0002868112465590609,-1.8865101230204619e-13,1.1320958000684827e-08,9.085389600127498e-06
0.625,1.5708169146338775,9.508111062702581e-07,-1.9575145955756233e-11,9.508111060687528e-07,0.0002630315770165541,1.8343615540406034e-05,-0.00029438274804195606,-8.101061096524076e-13,3.166200982870421e-08,8.758951514651252e-06
0.658,1.5708256735853923,1.6179531733874255e-06,-4.748173280435553e-11,1.617953172690707e-06,0.0002591283901993243,2.0034296309824846e-05,-0.00011721281733422812,-1.8469323525195625e-12,5.387784064145774e-08,8.6289753936375e-06
0.6920000000000001,1.5708343025607858,2.467554788689183e-06,-9.370728295151895e-11,2.4675547869098802e-06,0.0002607236118871059,2.5513562021073795e-05,4.7904555188636344e-05,-3.52799494907628e-12,8.216957438804574e-08,8.682096275840628e-06
0.7250000000000001,1.5708429846570617,3.314567415351354e-06,-1.5465062954633984e-10,3.3145674117435196e-06,0.00024459247724380634,2.5435814614479604e-05,-0.0004844184577567435,-5.6676570182088015e-12,1.1037509478503358e-07,8.144929492218752e-06
0.758,1.570851129586554,4.404133762391896e-06,-2.413588248904739e-10,4.404133755778327e-06,0.00023349904535028152,3.27197101213376e-05,-0.0003331360928986432,-8.698158853809073e-12,1.466576540297219e-07,7.775518210164376e-06
0.792,1.5708589051047641,5.910144013806286e-06,-3.698468232160987e-10,5.910144002234091e-06,0.00022567476293293887,4.5225533075507207e-05,-0.0002349634359562359,-1.317717140230058e-11,1.9680779521941872e-07,7.514969605666865e-06
0.8250000000000001,1.5708664200743698,7.315947418950432e-06,-5.127987466278989e-10,7.315947400978559e-06,0.0002011771137000562,4.2216318472797176e-05,-0.0007356651421286083,-1.8042965648817385e-11,2.436210483822466e-07,6.699197886211872e-06
0.8570000000000001,1.570873119272256,9.100309060085591e-06,-6.988352767734649e-10,9.100309033252944e-06,0.0001804814154055744,5.358443366772248e-05,-0.0006214924412757297,-2.436935868097695e-11,3.0304029071954913e-07,6.010031133005629e-06
0.892,1.570879129303389,-0.0001535765126972702,1.2716520482317924e-08,-0.0001535765121707903,0.002224324693402365,-0.004885189842563237,0.06137667501491863,6.160250179904441e-10,-5.114097834549258e-06,7.407001229029876e-05
0.924,1.5709531993156793,1.0658179528680134e-05,-1.6719754827612217e-09,1.065817939753663e-05,0.00016367959111773616,0.004931972739518027,-0.06188123430284169,-5.6863620371015734e-11,3.549173737443385e-07,5.450530384220615e-06
0.9580000000000001,1.5709586498460635,8.841901194500012e-06,-1.4352443737043476e-09,8.841901078013388e-06,0.00018746624950377236,-5.454289291832197e-05,0.0007143140656467328,-4.8894846345765274e-11,2.9443530571714314e-07,6.2426261084756204e-06
0.9920000000000001,1.570964892472172,7.4029704088603774e-06,-1.2478867149092726e-09,7.402970303684942e-06,0.00021548619190467388,-4.321113470389292e-05,0.0008414397117387842,-4.2591625239620187e-11,2.465189109372787e-07,7.175690190425641e-06
1.024,1.5709720681623625,5.773967706486448e-06,-1.0147249752182085e-09,5.77396761732187e-06,0.00022765558485157613,-4.891900007128916e-05,0.00036544723564271034,-3.4638111829468443e-11,1.9227312150751597e-07,7.580930975557486e-06
1.058,1.570979649093338,4.633867818324349e-06,-8.494912943710458e-10,4.633867740459e-06,0.0002426694150251129,-3.4237233878741715e-05,0.00045086577097708003,-2.9007007006573836e-11,1.5430779562420622e-07,8.08089152033626e-06
1.091,1.5709877299848582,3.818911884729712e-06,-7.309519124565576e-10,3.818911814776448e-06,0.00026268092190157624,-2.4473151158998093e-05,0.0006009461524463464,-2.4975575741760894e-11,1.271697633073334e-07,8.747274699322489e-06
1.124,1.5709964772595577,2.97239479359911e-06,-5.94926195122927e-10,2.972394734061732e-06,0.00026475817259870483,-2.5420933667585656e-05,6.23799008146726e-05,-2.0308613095940456e-11,9.898074454215118e-08,8.816447147536872e-06
1.157,1.5710052937067052,2.40177929388291e-06,-5.018923982357148e-10,2.4017792414434573e-06,0.00027244810297263563,-1.7135600592078072e-05,0.00023092884005798187,-1.7125311068382977e-11,7.99792486519005e-08,9.072521828988768e-06
1.191,1.571014366228534,2.002560272364847e-06,-4.366371041515941e-10,2.0025602247627932e-06,0.0002871328925610917,-1.1988559204746634e-05,0.0004409846723260085,-1.4900081329056183e-11,6.668525540558876e-08,9.561525322284356e-06
1.224,1.5710239277538565,1.5794144063152947e-06,-3.5947623036874517e-10,1.579414365406727e-06,0.0002837080700902029,-1.2707083064551123e-05,-0.00010284752164831348,-1.225154284950567e-11,5.259449830308369e-08,9.447478734003756e-06
1.2570000000000001,1.5710333752325905,1.292060968247761e-06,-3.0628103105989654e-10,1.2920609319460406e-06,0.00028772019987865973,-8.629232374400414e-06,0.0001204843780317373,-1.0431895698916727e-11,4.3025628977654955e-08,9.58108265595937e-06
1.292,1.5710429563152464,1.08845166957204e-06,-2.684443104690387e-10,1.0884516364688939e-06,0.00029987606574712847,-6.11439335362525e-06,0.0003650410170711334,-9.142592582140847e-12,3.6245439443579067e-08,9.985872989379379e-06
1.324,1.5710529421882358,0.03370439903562178,-8.649067520860091e-06,0.03370439792587984,-0.0003340339994236136,1.0121114289475137,-0.019036338293415677,-2.824662158875211e-07,0.0011223564523449492,-1.1123332180806335e-05
1.357,1.571041818856055,0.06705413642588257,-1.6461257995048174e-05,0.06705413440532848,2.1428800994496407e-05,1.0014936153231466,0.010674558571114413,-5.503380909324753e-07,0.002232902675309004,7.135790731167304e-07
1.391,1.571042532435128,0.10312014522368848,-2.538876111905558e-05,0.10312014209826036,2.213851530618417e-05,1.0830633272614387,2.131274209272566e-05,-8.488362463125442e-07,0.003433900730891269,7.37212559695933e-07
1.425,1.5710432696476877,0.13378068263518775,-3.3036183082509636e-05,0.13378067855616307,2.1484437074550268e-05,0.9207368592041821,-1.9641988937955046e-05,-1.1044555808569513e-06,0.004454896594364289,7.15431754582524e-07
1.457,1.5710439850794424,0.16714376017986135,-4.139453649552758e-05,0.16714375505401136,2.1066801380285717e-05,1.0018942205607688,-1.2541612440376917e-05,-1.3838342142621482e-06,0.005565887042705155,7.015244859635144e-07
1.491,1.5710446866039283,0.20624246052893508,-5.122233758459512e-05,0.20624245416815004,2.0412643234871956e-05,1.1741351456178295,-1.9644388751163988e-05,-1.7122867097700326e-06,0.006867873721880891,6.797410197212362e-07
1.525,1.5710453663449482,0.21801748518727762,-5.4294975853177e-05,0.2180174784264794,0.007127426653265123,0.3536043440943706,0.21342384414505255,-2.6740687082021266e-06,0.007259981747227221,0.0002373433075537286
1.558,1.5712827096525017,0.21801452391602313,-0.00010603852296079867,0.21801449812836268,0.007143477993911277,-8.892706469930521e-05,0.00048202224162624855,-4.3990572129304235e-06,0.0072598822965016276,0.00023787781719724553
1.592,1.5715205874696991,0.22462137626317608,-0.00016268441532465674,0.22462131735021126,0.007353771963723032,0.1984039743889772,0.006315134228581245,-6.337858977293932e-06,0.007479889125776759,0.000244880606391977
1.625,1.571765468076091,0.21801153364276107,-0.00021128394395550417,0.21801143126075698,0.006114846961978411,-0.19849377238483487,-0.037204955007345976,-7.779381373461905e-06,0.007259779889678479,0.00020362440383388112
1.658,1.571969092479925,0.21800023282699946,-0.0002556631337820608,0.21800008291050715,0.006228359536393789,-0.0003393638366851888,0.003408786018479812,-9.27088983376929e-06,0.007259401820263446,0.00020740437256191319
1.691,1.5721764968524867,0.2246247075472915,-0.00031002019712702064,0.22462449360696085,0.006318963964363063,0.19893317478354472,0.002720853692770989,-1.1115276522490613e-05,0.007479994488878876,0.00021042150001329002
1.7240000000000002,1.5723869183525,0.218018345776194,-0.0003467779939705973,0.21801806998506107,0.013847597800535313,-0.19838924237530017,0.22608510018535283,-1.3226082906995658e-05,0.007259998802563214,0.00046112500675782596
1.758,1.572848043359258,0.21750431459726077,-0.0004462568919896751,0.21750385680077153,0.015796230990954445,-0.01543637173973656,0.05851751322579975,-1.6769764657762925e-05,0.007242874178702872,0.0005260144919987831
1.792,1.5733740578512567,0.22422471619515638,-0.0005779903744440994,0.22422397124287466,0.014851433548070477,0.20181386179866692,-0.02837229558210114,-2.1098026617763783e-05,0.00746665316561795,0.0004945527371507469
1.824,1.5738686105884074,0.20677536983637565,-0.0006352716182639217,0.2067743939682594,-0.0031385429758053356,-0.5240043951585804,-0.5402395352515258,-2.0798986808051177e-05,0.006885588399214082,-0.00010451348109431768
1.8570000000000002,1.5737640971073132,0.20650879551814477,-0.0006128697729325791,0.20650788608911852,0.0030954549450095984,-0.00800523478170804,0.18720714476921724,-2.0767239342475912e-05,0.006876711529893166,0.00010307864966881964
1.891,1.573867175756982,0.2129307227598539,-0.0006538770612929194,0.2129297187802174,0.003027078613980481,0.19285066791919275,-0.002053343274147673,-2.2135863536978344e-05,0.007090558512252414,0.00010080171784555002
1.924,1.5739679774748274,0.20684141382877194,-0.0006560276109360514,0.2068403734826907,0.010050336408219285,-0.18286213006252097,0.21090864246963373,-2.3002569461822706e-05,0.006887780638539812,0.0003346762023937022
1.9580000000000002,1.5743026536772213,0.2069956824790629,-0.0007257930388097173,0.20699441004393773,0.009877198058247457,0.0046326922009292835,-0.005199349849003823,-2.5306749137156054e-05,0.006892909739819493,0.0003289106953396404
1.991,1.5746315643725608,0.21339526318036206,-0.0008184195258795025,0.21339369376177836,0.009997989415634335,0.1921796006396148,0.003627368089696016,-2.8440679169286907e-05,0.007106005316619513,0.0003329330475406234
2.024,1.5749644974201016,0.2178783916434567,-0.0009081516822588006,0.2178764989751339,-0.012652751505740403,0.13462848237521466,-0.6802024300713133,-2.8717480047369714e-05,0.007255293554354129,-0.00042133662514115544
2.058,1.5745431607949603,0.2185344547467769,-0.0008188104093796325,0.21853292077164158,-0.0008469288889555357,0.019701594694300238,0.35452920771125723,-2.716827153037933e-05,0.00727714662841445,-2.8202732002219343e-05
2.091,1.574514958062958,0.22486407955858803,-0.0008361846701499205,0.2248625248255663,-0.00022375213288089796,0.1900788231775112,0.01871401669893807,-2.7821686478279888e-05,0.007487922163044509,-7.450946024933902e-06
2.124,1.5745075071169332,0.21793733371159996,-0.0008088028877165556,0.21793583290319676,-0.00012850742809417766,-0.20801038579543765,0.0028602013449465554,-2.6922098381279954e-05,0.007257263276701322,-4.2792973555361165e-06
2.158,1.5745032278195776,0.217459506019919,-0.0008060990195723226,0.21745801195356732,0.0006070778299605106,-0.01434917993035882,0.022089647389029677,-2.692077223577056e-05,0.007241351509589365,2.0215691737685004e-05
2.191,1.5745234435113153,0.22397436630776948,-0.0008347766720092064,0.22397281065092425,0.0014381496558840338,0.19564145008559988,0.02495711188959529,-2.7981268120633513e-05,0.007458293908897341,4.789038354093833e-05
2.224,1.5745713338948564,0.21740756244416157,-0.0008207131425218757,0.21740601334335188,0.0016622271859351018,-0.19720131722546297,0.006729054956488527,-2.7534591334886413e-05,0.007239619467233683,5.53521652916389e-05
2.257,1.5746266860601479,0.21753146107396035,-0.0008332216099485374,0.21752986530295246,0.0017283685406625918,0.003720679573536932,0.0019862268686933944,-2.795921717475235e-05,0.007243743694816859,5.755467240406431e-05
2.291,1.5746842407325519,0.22430104555522748,-0.0008720609642468818,0.22429935030410333,0.00147939037719446,0.20329082526327724,-0.007476821725769723,-2.9228230914565584e-05,0.007469167628726014,4.926369956057552e-05
2.324,1.5747335044321125,0.2178917821888907,-0.0008578764357868454,0.21789009338074986,0.0010086188424527974,-0.19247037136146522,-0.014137283325575454,-2.869362393969569e-05,0.007255739610723758,3.358700745367815e-05
2.357,1.5747670914395662,0.21807832076482284,-0.000865935410327803,0.21807660154970798,0.000580961154013011,0.005601759037001476,-0.01284257322642001,-2.89103872228663e-05,0.00726195053433051,1.9346006428633268e-05
2.392,1.5747864374459948,0.2248788466923713,-0.0008972891004353917,0.22487705654859783,0.0001594482365540561,0.20421999782427794,-0.012658045569337983,-2.990424054089533e-05,0.007488405885300794,5.309626277250068e-06
2.425,1.574791747072272,0.2184441660975295,-0.0008727739286253442,0.2184424225458841,-0.0002437028341241044,-0.19323365149675029,-0.012106638759103918,-2.9038356553530352e-05,0.007274132770612081,-8.115304376332677e-06
2.457,1.5747836317678958,0.21859508528683702,-0.0008716029610884952,0.2185933476111242,-0.0005198964251384496,0.004532107787012416,-0.008294101832262618,-2.8965872026763175e-05,0.007279158708383612,-1.7312550957110372e-05
2.491,1.5747663192169388,0.22529149052125552,-0.0008944031606914855,0.2252897151320386,-0.0005457208271036556,0.20109325028283784,-0.0007755075665227041,-2.972010061628853e-05,0.007502147765752674,-1.8172503542551732e-05
2.524,1.5747481467133961,0.20598807321012358,-0.0008140256519243313,0.2059864647666376,-0.014640903470357784,-0.5796822015354938,-0.4232787580556795,-2.543918652571101e-05,0.006859355597164997,-0.00048754208556291427
2.558,1.5742606046278331,0.20679906261287187,-0.000716407975518086,0.20679782169349636,-0.0001637557779196983,0.024354036118567297,0.4347491799530956,-2.3841870327098575e-05,0.006886367512668287,-5.453067404725954e-06
2.591,1.5742551515604284,0.21281644171756053,-0.0007360933114181095,0.21281516870740375,-0.0001090501411488793,0.18070207521587578,0.0016428119150396095,-2.450342502552741e-05,0.0070867451473191805,-3.631369700257681e-06
2.624,1.5742515201907281,0.2060930736657486,-0.0007120900101898863,0.20609184346017448,0.00019109724941496358,-0.20190294449885654,0.009013435152067354,-2.3738679738009242e-05,0.006862858297078952,6.363538405518288e-06
2.658,1.5742578837291337,0.20595016636191585,-0.0007129068027557639,0.2059489324769405,0.0012675201986839196,-0.004291510625608473,0.03232501349156024,-2.3888774596931324e-05,0.0068580989336531045,4.2208422616174525e-05
2.691,1.5743000921517498,0.21214455767115178,-0.000743303230966494,0.21214325548976445,0.0016002143188369514,0.18601775703411216,0.009990814419009961,-2.4944588555064108e-05,0.007064369729554714,5.3287136817270485e-05
2.724,1.5743533792885671,0.21736790303859826,-0.0007731874110702335,0.217366527903044,-0.0140969657421879,0.15685721824163604,-0.47138678861936484,-2.405268334822682e-05,0.007238311141674364,-0.0004694289592148571
2.757,1.5738839503293522,0.21761920715272776,-0.0006719251179291908,0.2176181698259999,0.001178571360171965,0.00754667009397872,0.4587248379087046,-2.2521793411148586e-05,0.007246684600338456,3.924642629372644e-05
2.791,1.573923196755646,0.22440599567357972,-0.0007016872234462014,0.22440489863033541,0.0011798259555635044,0.20380746308864744,3.767553728346751e-05,-2.3517602248096413e-05,0.007472682648918885,3.92882043202647e-05
2.824,1.5739624849599663,0.2179947958902394,-0.0006902048497828541,0.21799370324046624,0.0007162178682431709,-0.19252852202223167,-0.013922164784394397,-2.3074879018853236e-05,0.007259190028857496,2.3850055012497596e-05
2.857,1.5739863350149788,0.21818005050892297,-0.0006959949741548388,0.21817894039313723,0.000295193943904486,0.005563201762269441,-0.012643361091251798,-2.321683694799191e-05,0.007265358586673721,9.829958332019384e-06
2.892,1.5739961649733107,0.22498074991800968,-0.0007199007644880402,0.22497959813405147,-0.00011703653580209016,0.20422520748008113,-0.012379293684882166,-2.3962731557205085e-05,0.007491820649905062,-3.8973166422096025e-06
2.924,1.5739922676566687,0.218533183148561,-0.00069841794073162,0.21853206709639336,-0.00047013868702498973,-0.19362062370716776,-0.010603668204891878,-2.3204856144265766e-05,0.007277118001736283,-1.565561827793216e-05
2.958,1.5739766120383907,0.21864827908483106,-0.0006953627233128836,0.21864717335799516,-0.0005740027044747146,0.0034563344225246534,-0.0031190395630547995,-2.3090498527947074e-05,0.007280951079376874,-1.9114290059007998e-05
2.992,1.5739574977483317,0.22525878211226297,-0.0007120803330480598,0.225257656607493,-0.0004165779162524708,0.19851360442738458,0.004727471117785097,-2.3664888528032826e-05,0.007501080114628935,-1.387204461120728e-05
3.024,1.5739436257037205,0.21842704473979732,-0.0006874540646375985,0.21842596292719058,6.09429386165026e-05,-0.2051572784524218,0.014339965611680881,-2.290410092002336e-05,0.007273584528111754,2.029399855929537e-06
3.057,1.5739456551035764,0.2181277540200533,-0.0006869547750757667,0.21812667229609925,9.952051626237577e-05,-0.008987709301622281,0.0011584858151913863,-2.2892124154875576e-05,0.007263618135621469,3.3140331915371135e-06
3.092,1.5739489691367679,0.22433021225112293,-0.0007072317541549701,0.2243290974258127,-4.9519877805933415e-05,0.1862600069390279,-0.004475687509558833,-2.3549280399977032e-05,0.007470158949425558,-1.649011930937583e-06
3.124,1.573947320124837,0.21741681413235256,-0.0006850777974845781,0.21741573479367432,0.0011250607916042015,-0.2076095531162273,0.03527269277507912,-2.2953190766454522e-05,0.007239943525385903,3.746452436041991e-05
3.158,1.5739847846491974,0.21737006821551857,-0.0006930741269612514,0.21736896329576064,0.001519228814032162,-0.001403781286305842,0.011836877550389206,-2.326694316413579e-05,0.007238385876486217,5.0590319507271004e-05
3.191,1.5740353749687046,0.22404007660139721,-0.0007256753320783071,0.22403890135169013,0.0016507501620837898,0.20030055212848766,0.003949590031580413,-2.43746562034669e-05,0.007460494731992202,5.4969980397390206e-05
3.224,1.5740903449491022,0.21759820146281275,-0.0007167711297118398,0.21759702093318845,0.0015501759663444107,-0.19344970386139526,-0.0030202461182996724,-2.405998378920497e-05,0.0072459801629130675,5.1620859679268884e-05
3.257,1.5741419658087814,0.217778012494858,-0.000728605255717726,0.21777679366863648,0.0011643985989660908,0.0053997306920497675,-0.011584905927276875,-2.440763760680674e-05,0.0072519667418808,3.877447334557083e-05
3.291,1.5741807402821268,0.2245117967867893,-0.0007598393025200853,0.2245105109803702,0.0015227179777248681,0.20221574450244156,0.010760341704467788,-2.5496820503782713e-05,0.007476199355147545,5.0706508658238114e-05
3.325,1.5742314467907852,0.2064337037491804,-0.0007091231489575315,0.20643248578642845,-0.01600827703340201,-0.5428856768050722,-0.5264563066404468,-2.17858183510193e-05,0.006874207731606332,-0.000533075625212287
3.358,1.5736983711655728,0.20683981454670652,-0.0006002574768885806,0.20683894355917934,-0.0003833805239478833,0.012195519445228701,0.46921611139501884,-1.9948869262453806e-05,0.006887736935632637,-1.2766571447464516e-05
3.391,1.5736856045941254,0.21328794872671067,-0.000616247277700504,0.2132870584713022,-0.00040253621317591073,0.1936376630631875,-0.0005752459227635866,-2.0477826509407963e-05,0.007102459171778743,-1.340445589875783e-05
3.424,1.5736722001382266,0.2071467423798627,-0.0005957269733924687,0.20714588576161094,-0.0005740202387960569,-0.18442061101645577,-0.005149670439043428,-1.9776049400886236e-05,0.006897958172800548,-1.9114873951908696e-05
3.457,1.5736530852642747,0.20718883098059704,-0.000591887642590958,0.2071879855400041,-0.0005143934098302457,0.0012639219439743794,0.0017905954644387733,-1.9655036728609734e-05,0.006899360074779668,-1.7129300547347184e-05
3.491,1.5736359559637274,0.2133333152471484,-0.000605786690532205,0.21333245514179217,-0.00014010033547998948,0.18451904704358466,0.011240032262770457,-2.0160520888053465e-05,0.007103970790626842,-4.66534117148365e-06
3.525,1.5736312906225558,0.2172375587569904,-0.0006158597961380404,0.21723668578628327,-0.014925552276598794,0.1172445498451052,-0.44400756579936346,-1.8714886282423066e-05,0.007233986423756393,-0.0004970208908107399
3.558,1.5731342697317452,0.21793452989844825,-0.0005095180307022078,0.2179339342861364,4.2671586675558115e-05,0.020930064308043124,0.44949621211034085,-1.697659660426319e-05,0.007257199989564995,1.4209638362960854e-06
3.591,1.5731356906955816,0.224295794024672,-0.0005247090050273438,0.22429518028173975,0.0005075861954734846,0.1910289527394522,0.013961399663601395,-1.754055423817638e-05,0.007469029344467581,1.6902620309267038e-05
3.625,1.5731525933158907,0.21734558623042416,-0.0005121236544358852,0.2173449828802342,0.001128268678865332,-0.20871494877621163,0.01863911361537079,-1.719415876885819e-05,0.007237587597206345,3.757134700621556e-05
3.658,1.573190164662897,0.21739965075394604,-0.0005204190194244733,0.2173990278542706,0.0015544957455454226,0.0016235592649214733,0.012799611612014733,-1.7521804951689946e-05,0.007239387164937315,5.176470832666258e-05
3.691,1.5732419293712236,0.224116568455305,-0.0005480995108501841,0.22411589823818304,0.0016340851967481622,0.20170924028104983,0.0023900736096918794,-1.8459382645238073e-05,0.007463058899631008,5.441503705171381e-05
3.724,1.5732963444082753,0.21769611935851843,-0.0005442435658316923,0.21769543904891384,0.0013022996213960846,-0.19280627918277995,-0.009963530791353682,-1.828498380865245e-05,0.00724925771376606,4.336657739248962e-05
3.757,1.5733397109856677,0.21788083003245085,-0.0005541540611239138,0.2178801253187318,0.0008915800222343074,0.005546867085057491,-0.012333921896750064,-1.8565524499301886e-05,0.007255407886645041,2.968961474040244e-05
3.791,1.5733694006004082,0.224677783996956,-0.0005781118827640574,0.22467704023427454,0.0004818963975729097,0.20411273166682173,-0.012302811551393322,-1.9315785232623753e-05,0.0074817452730882306,1.6047150039177894e-05
3.824,1.5733854477504474,0.21825627836063577,-0.0005650912726308757,0.21825554681539924,5.2768725701347695e-05,-0.1928380070967039,-0.01288671687301988,-1.882842164065577e-05,0.00726790968040119,1.7571985658548785e-06
3.858,1.5733872049490132,0.21843326418390793,-0.000565933339153929,0.21843253105133528,-0.00032738656707931405,0.00531488958775265,-0.011416074858278131,-1.8810431297738353e-05,0.007273803374940615,-1.0901972683741158e-05
3.891,1.5733763029763295,0.22521231053468715,-0.0005810417523486321,0.22521156099733064,-0.0006129837110634927,0.2035749654888655,-0.008576490810335693,-1.927678879822452e-05,0.007499545166248853,-2.0412357578414307e-05
3.925,1.573355890618751,0.21866461206357152,-0.0005596854194771809,0.2186638957879042,-0.0005801769079795317,-0.19662758171518427,0.0009851892818006308,-1.8571690834769682e-05,0.00728150789780728,-1.9319891035718407e-05
3.957,1.5733365707277154,0.21856928928168712,-0.0005552187138750138,0.21856858408582325,-0.00022597904315970033,-0.002862546002534515,0.010636572517112051,-1.8465901339522838e-05,0.007278333908108506,-7.525102137218022e-06
3.991,1.5733290456255782,0.2249248344737111,-0.0005696707547179013,0.22492411306540153,0.00026391729268259877,0.1908572129736928,0.014711601676945919,-1.9007582965855937e-05,0.0074899728699206235,8.78844584633054e-06
4.024,1.5733378340714246,0.205679752313157,-0.0005227360243900172,0.20567908804409457,-0.015403874807411615,-0.5779303952118346,-0.4705042672700965,-1.5654723534623087e-05,0.006849117786312024,-0.0005129490310868068
4.057,1.5728248850403377,0.20655058669800244,-0.00041899960837949547,0.2065501617153015,-7.602050919694833e-05,0.02615118272809153,0.46029592487131127,-1.3948236707476988e-05,0.006878120394445153,-2.5314829562583796e-06
4.091,1.5728223535573813,0.2122107745591889,-0.0004299444144061916,0.21221033901959493,0.001479553308352515,0.16997561144704101,0.04671392845493883,-1.4495604024792393e-05,0.007066603924826153,4.926912516813875e-05
4.124,1.5728716226825497,0.20590629941793281,-0.00042731618969239895,0.20590585601400807,0.0014016995783771833,-0.1893235778154983,-0.002337949849109057,-1.4393894424042125e-05,0.00685666466177028,4.667659595996021e-05
4.157,1.5729182992785096,0.20599510918921915,-0.0004371156254198774,0.20599464541538043,0.0014793463979497895,0.0026669600986887567,0.002331736323501687,-1.4729154709679847e-05,0.006859621321903949,4.9262235051728e-05
4.191,1.5729675615135612,0.2123896030509183,-0.00046114731769927034,0.2123891024211883,0.001392301171927697,0.19202684269366838,-0.00261397075141419,-1.5524536362211324e-05,0.007072556742489329,4.6363629025192315e-05
4.225,1.5730139251425865,0.21722245257850145,-0.00048171175709661767,0.21722191845668426,-0.016166951348539627,0.14513061644393824,-0.5273048804945142,-1.4098367428156183e-05,0.007233493844384462,-0.0005383594799063696
4.258,1.57247556566268,0.21796748165648805,-0.00036601929509089853,0.21796717433950247,0.00023088378465753166,0.022373245585183107,0.49242748147739207,-1.2220835989747224e-05,0.007258306850998031,7.688430029095805e-06
4.292,1.5724832540927092,0.22478045283853526,-0.0003791881020638369,0.22478013300707922,0.00021465921473373372,0.20459372919060695,-0.0004872243220359743,-1.2658347565995913e-05,0.007485178376134737,7.148151850633333e-06
4.325,1.5724904022445598,0.21835358702711136,-0.0003699072741961703,0.21835327370162047,-0.00017182227642488913,-0.19299897331603313,-0.011606050785544228,-1.230160955578003e-05,0.007271164041938314,-5.7216818049488085e-06
4.358,1.5724846805627548,0.21852193372091278,-0.00036894215487667,0.2185216222684001,-0.0005007102969922693,0.005055456270312879,-0.009876517134155561,-1.2229610872058263e-05,0.0072767701160982605,-1.667365288984257e-05
4.391,1.572468006909865,0.22526872245157836,-0.00037657706845492663,0.22526840769330653,-0.0006271018578592754,0.20260626818815575,-0.0037955423683785597,-1.2466333374704851e-05,0.007501438098903377,-2.0882491866713874e-05
4.425,1.5724471244179983,0.21863754269180463,-0.0003609261718677417,0.2186372447837036,-0.00039009489653933773,-0.19913452732053244,0.007117326165763893,-1.1976058118012612e-05,0.007280620321734869,-1.2990160054759949e-05
4.457,1.5724341342579435,0.21844221926831195,-0.00035776613701601635,0.2184419262922218,0.00011863099288697229,-0.005865568273053531,0.015277053736525823,-1.1932481127672013e-05,0.007274116114394149,3.950412063136177e-06
4.491,1.5724380846700066,0.2247512164940277,-0.000368986913860248,0.22475091360037383,0.0002879636966137168,0.18945937614762048,0.0050850661779803154,-1.2327778594172935e-05,0.0074842053561870805,9.589191097236772e-06
4.524,1.572447673861104,0.21776641057313476,-0.00035960775977983823,0.21776611365445772,0.00012789784252096735,-0.209753931558347,-0.0048067824051876715,-1.1994867754061607e-05,0.007251611551713091,4.258998155948213e-06
4.557,1.5724519328592599,0.21741543470130373,-0.00035995414773666156,0.2174151367301007,0.0012035113482637032,-0.010539815970901723,0.03230070587816023,-1.2136029602532602e-05,0.007239923803480246,4.007692789718132e-05
4.5920000000000005,1.572492009787157,0.22395844717641494,-0.0003797623478590204,0.2239581251980606,0.0014722548934030409,0.19648686111445088,0.008070376730911039,-1.2833514072869555e-05,0.007457805248191646,4.902608795032127e-05
4.625,1.5725410358751073,0.21744562568733525,-0.000379379165116403,0.2174452947341142,0.0014883049555552423,-0.19558022489728813,0.0004819838484144578,-1.2817238559093264e-05,0.007240927990685702,4.9560555019989576e-05
4.658,1.5725905964301274,0.21758859466105035,-0.00039041239889028243,0.2175882444084001,0.0014327984158723649,0.004293362574027083,-0.0016668630535398637,-1.317806982453668e-05,0.007245688217765153,4.7712187248549755e-05
4.691,1.5726383086173759,0.22436938439932613,-0.00041328409387926025,0.2243690037683243,0.0010802252875400245,0.2036273194677412,-0.01058778163160181,-1.3901363472437974e-05,0.007471487567733955,3.597150207508282e-05
4.724,1.5726742801194509,0.21795865752824928,-0.00040931594493077566,0.21795827319001654,0.0006323080552283832,-0.1925143204527584,-0.013450967937286526,-1.3711123532877905e-05,0.007258010344741774,2.1055858239105164e-05
4.757,1.57269533597769,0.2181439385932271,-0.0004142570935743648,0.21814354525409652,0.0002224155043723225,0.005563995945279588,-0.012309085611293114,-1.3826156576162955e-05,0.0072641799972566765,7.40643629559834e-06
4.791,1.5727027424139857,0.2249444888552976,-0.0004288374272190409,0.22494408008398914,-0.00018172355176204746,0.2042207285907063,-0.01213630799202312,-1.4262256480701105e-05,0.007490637901135831,-6.051394273676181e-06
4.824,1.572696691019712,0.20599632452429625,-0.00039146780994588743,0.2059959525584737,-0.0175708320278323,-0.5690139438739145,-0.5221954497318394,-1.103329673843077e-05,0.0068596686356700255,-0.0005851087065268157
4.8580000000000005,1.5721115823131853,0.2071160795288214,-0.0002724104879862249,0.2071159003840968,-0.0009820816498207607,0.03362627641216691,0.4981606720123585,-8.962759861094385e-06,0.006896959624365875,-3.2703318939031335e-05
4.891,1.5720788789942461,0.21346307630363268,-0.0002737774629352016,0.21346290073666502,-0.0005323426329340719,0.190600503748086,0.013505676182783446,-9.058183059531035e-06,0.007108314669326517,-1.7727009676704596e-05
4.925,1.5720611519845695,0.20704512241134768,-0.0002618758164007008,0.207044956797761,-5.360883030784928e-05,-0.19273134811666665,0.014376390469255932,-8.718577193844906e-06,0.006894597063752779,-1.7851740492513812e-06
4.958,1.5720593668105203,0.2067844765764368,-0.0002611769990845107,0.20678431163791436,0.0003783627633464666,-0.007827202249575569,0.012972119929559035,-8.74483418659687e-06,0.006885917517209533,1.2599480019437338e-05
4.991,1.5720719662905396,0.2127537354038634,-0.0002713969941213228,0.21275356230147754,-3.7432563233259237e-05,0.17925702184464193,-0.01248634614353531,-9.037488815387732e-06,0.007084693625057819,-1.2465043556675328e-06
5.025,1.572070719786184,0.21720683143526587,-0.0002768067887148968,0.21720665505492626,-0.01652842576548707,0.13372660754962407,-0.495225021088703,-7.231636739431995e-06,0.0072329837803529855,-0.0005503965779907195
5.057,1.5715203232081933,0.21766337351707285,-0.00015758748796529935,0.21766331647068232,0.00039114684485157996,0.013709972426636097,0.5080952735837432,-5.299352515946125e-06,0.007248188400790635,1.3025189933557614e-05
5.091,1.5715333483981269,0.22399354015353082,-0.0001650880631311761,0.22399347931679356,0.0015164799456239889,0.19009509418792694,0.03379378680998225,-5.690382374727347e-06,0.007458982715742962,5.049878218927883e-05
5.124,1.571583847180316,0.2175176951606003,-0.00017129960142208962,0.21751762770963273,0.0014858755815599773,-0.19446981960752321,-0.0009190499718922409,-5.887957276674148e-06,0.007243336855013963,4.947965686594725e-05
5.157,1.571633326837182,0.21768410215061768,-0.00018220158143079769,0.2176840258992475,0.0012059662562763113,0.004997206907428872,-0.008405685443953932,-6.217350441998978e-06,0.007248877934843493,4.015867633400117e-05
5.191,1.571673485513516,0.2244730957843145,-0.00019689850781348217,0.22447300942868756,0.0008036071413973887,0.20387368269359873,-0.012082856302670347,-6.661360553890422e-06,0.0074749511212399335,2.6760117808533048e-05
5.224,1.5717002456313245,0.21805974074791185,-0.00019710828028675985,0.21805965166296207,0.0003507747444900958,-0.19259324433641645,-0.013598570477696482,-6.6106080055243015e-06,0.007261386357843245,1.1680798991520191e-05
5.258,1.571711926430316,0.21824322046134206,-0.00019982338516776182,0.21824312898222636,-6.001061347348845e-05,0.005509901304210749,-0.01233589663554307,-6.651354123004552e-06,0.007267496197880106,-1.9983534286671658e-06
5.291,1.5717099280768874,0.22504218579628282,-0.00020559880084438108,0.22504209187861224,-0.0004557225498010783,0.20417313318140418,-0.011883241331158853,-6.7942146931171226e-06,0.007493901707006152,-1.5175560908375908e-05
5.324,1.571694752515979,0.2185803575689025,-0.00019637818894489514,0.21858026935328853,-0.0006967207014161933,-0.19404889571712647,-0.007237181730183634,-6.459461143736733e-06,0.007278723040703699,-2.320079935715924e-05
5.358,1.571671551716622,0.21866180780767677,-0.0001913782391895813,0.21866172405816922,-0.0006469814769253005,0.0024459531163441755,0.0014936704051319162,-6.2989631766977235e-06,0.007281435475358151,-2.1544483181612507e-05
5.391,1.5716500072334403,0.2251993740905816,-0.00019224827708259876,0.22519929203127986,-0.00022717635031802342,0.1963233117989439,0.012606760558777087,-6.378142347814476e-06,0.007499136444818138,-7.56497246559018e-06
5.424,1.5716424422609747,0.21832347115939318,-0.0001847268435144741,0.21832339300926884,0.0003120715493408364,-0.20648357150715976,0.01619363062038618,-6.193677956750121e-06,0.007270168951330914,1.0391982593049854e-05
5.457,1.5716528342435678,0.2180237921855024,-0.00018673897916231678,0.21802371221383418,4.743832301753789e-05,-0.008999368585308445,-0.007946943733432387,-6.2286349996607666e-06,0.007260189608259937,1.579696156484012e-06
5.492,1.5716544139397242,0.2241876970692375,-0.00019237255727584817,0.22418761453302322,0.0007775369099982966,0.18510224876081327,0.021924882491914672,-6.507272812545235e-06,0.007465447476165023,2.5891979102943276e-05
5.524,1.5716803059188271,0.2062909501625869,-0.00018235686964998982,0.20629086956274867,-0.021791548333295916,-0.5374398470465647,-0.6777503076064327,-3.5842830450126254e-06,0.006869487554609014,-0.0007256585594987541
5.557,1.5709546473593283,0.20590578113644237,-3.2599119353088174e-05,0.20590577855588688,-0.0039542737016036306,-0.01156663742175741,0.5356538928436121,-6.383596479382789e-07,0.006856662477176372,-0.0001316773142634009
5.591,1.570822970045065,0.21225194821687854,-5.655081754421388e-06,0.21225194814154363,-0.003553403722204299,0.1905755880010862,0.012038137519499443,2.25484385732055e-07,0.007067989867903194,-0.00011832834394940318
5.624,1.5707046417011157,0.2061562402111731,1.8901454190806216e-05,0.2061562393446823,-0.0012770739193293447,-0.18305429446562885,0.06835825233858722,7.71143312739383e-07,0.006865002755192872,-4.252656151366719e-05
5.658,1.5706621151396019,0.2063277871518485,2.7691593763821574e-05,0.20632778529358117,-0.001597602787871498,0.005151559780041841,-0.009625491547812406,1.1006405874862097e-06,0.006870715223194579,-5.320017283612089e-05
5.692,1.570608914966766,0.21276404426859977,3.9874498263441016e-05,0.2127640405321234,-0.002052148348801846,0.1932809944970353,-0.013650016844755199,1.5655207085350737e-06,0.007085042499810581,-6.833654001510149e-05
5.725,1.5705405784267508,0.21788061088845476,5.5722610077900293e-05,0.2178806037629714,-0.02095150085913723,0.15365064924489458,-0.567548123433495,4.382073727337029e-06,0.007255422872107592,-0.0006976849786092699
5.758,1.5698428934481414,0.21834723176563742,0.00020817950039662557,0.21834713252299098,-0.0008220464412401652,0.014012638954434256,0.6044881206575695,7.027396776183907e-06,0.0072709594215847615,-2.7374146493297503e-05
5.791,1.569815519301648,0.22513707255175588,0.00022081609236322943,0.22513696426270818,-0.0006538390604013475,0.20389912270626026,0.005051272697862393,7.430153397864481e-06,0.007497060833866573,-2.177284071136487e-05
5.824,1.5697937464609368,0.2186396177038374,0.00021920374421160853,0.21863950781914665,-0.0006960702041245257,-0.19511876420175586,-0.0012682025142095558,7.379360044522308e-06,0.0072806955297019,-2.3179137797346707e-05
5.857,1.5697705673231395,0.21864160266626206,0.0002242736555256087,0.21864148764083874,-0.0004163722940545236,5.9608481220732874e-05,0.0083993366387388,7.5142824992719615e-06,0.0072807614910709575,-1.3865197392015638e-05
5.892,1.5697567021257475,0.22507144506200635,0.00023398978445738508,0.22507132343121924,0.00018048333081308518,0.19308836023256123,0.01792359233836663,7.764700049787742e-06,0.007494875098573496,6.010094916075737e-06
5.924,1.5697627122206634,0.21815462196558705,0.00022548775654964053,0.2181545054318609,0.00041889541306354254,-0.20771240529787702,0.007159521989503224,7.4535801644902505e-06,0.007264545087652221,1.3949217255015967e-05
5.958,1.5697766614379185,0.21781587820376394,0.00022209926671739268,0.2178157649702901,0.0003467678033868531,-0.010172485340033245,-0.002165994284585269,7.3495397444632625e-06,0.007253265020613751,1.1547367852782209e-05
5.991,1.5697882088057713,0.2239980787965597,0.00022581645451470319,0.22399796497173502,0.0013640653731275267,0.18565166945332598,0.030549476568788994,7.345663261064778e-06,0.007459132406324936,4.542337692514664e-05
6.025,1.5698336321826964,0.21737518686843088,0.00020926588890030163,0.2173750861388512,0.0013608641558242754,-0.1988856434873518,-9.613265174928927e-05,6.8000605862611575e-06,0.007238590528054734,4.5316776388948375e-05
6.058,1.5698789489590854,0.2174389453777739,0.00019947364115282195,0.21743885388141884,0.0014025573521151084,0.0019146699502405194,0.0012520479366616504,6.468902847393989e-06,0.007240713990738111,4.6705159825433115e-05
6.091,1.5699256541189108,0.22417485022753986,0.00019518289207591156,0.224174765257329,0.0013712830642229731,0.20227942491789688,-0.0009391678045686256,6.324531166287716e-06,0.0074650198327907225,4.5663726038625006e-05
6.124,1.5699713178449495,0.21775961360517812,0.00017965360978140337,0.2177595394972559,-0.005619122860311265,-0.19264974841927135,-0.209922099835863,6.656407184556948e-06,0.007251392067354404,-0.00018711679124836514
6.157,1.569784201053701,0.21794682275465718,0.00022058955185982873,0.21794671112246577,-0.006194128875385745,0.005621896380752604,-0.017267447900134538,8.089636730058442e-06,0.0072576246763513845,-0.00020626449155034532
6.192,1.5695779365621507,0.22474638722007625,0.0002738287352852156,0.22474622040492734,-0.006811842873866258,0.2041911250876598,-0.018549969924339736,9.962685985395484e-06,0.007484048047272053,-0.00022683436769974641
6.224,1.569351102194451,0.21832298694426608,0.00031552564173620523,0.21832275894151662,-0.0004406896333958849,-0.19289490317748276,0.19132592313724844,1.0555850198359748e-05,0.0072701478018962085,-1.467496479208297e-05
6.257,1.5693364272296588,0.21849199335191502,0.0003189762527963318,0.21849176051522726,-0.0006111848955165261,0.005075267496965216,-0.005119977841460697,1.0691447423832182e-05,0.0072757755232199526,-2.035245702070032e-05
6.291,1.5693160747726382,0.22525121121613498,0.0003334284391537349,0.22525096443702922,-0.0007391918963775182,0.20297951544204074,-0.00384405407990967,1.1190843173319823e-05,0.0075008569852414,-2.4615090149371357e-05
6.325,1.5692914596824887,0.20622341103407366,0.0003103387119402514,0.20622317752476893,-0.02239442004012646,-0.5714054108727123,-0.6503071514639321,1.2890593845792194e-05,0.0068672273297396644,-0.0007457341873362112
6.357,1.5685457254951527,0.20699280353669555,0.0004658578793993886,0.20699227930629985,-0.00043481838802612323,0.023104879958615498,0.6594474970600701,1.5558704857727333e-05,0.006892842798018906,-1.4479452321269905e-05
6.392,1.5685312460428313,0.21303303778840924,0.0004825366208319485,0.21303249129596957,0.0005658136098270768,0.18138841596737784,0.03004900894454054,1.5997249227110418e-05,0.0070939821209965144,1.884159320724166e-05
6.424,1.5685500876360385,0.2064707358054338,0.0004637822619149591,0.20647021492227582,0.00018263223415664192,-0.19706612561487816,-0.011506948218331377,1.5418788388914357e-05,0.006875458213272733,6.081653397416177e-06
6.458,1.568556169289436,0.20600448077291753,0.0004614820977853555,0.20600396387640887,0.0013618572529623335,-0.0140016526281161,0.03541216272689764,1.5207560950318685e-05,0.006859932352590582,4.534984652364571e-05
6.492,1.5686015191359597,0.2121617477271788,0.00046565385498838967,0.21216123671664996,0.0012813717009534235,0.18490291153937763,-0.0024169835438111135,1.5351172099555008e-05,0.007064969520829277,4.2669677641749e-05
6.524,1.5686441888136013,0.217681473918534,0.00046848020620108714,0.2176809698013168,0.07684046807447702,0.1657575432839403,2.2690419331388463,6.321854466426542e-06,0.007248788347232483,0.0025587875868800848
6.557,1.5712029764004816,0.21750281621260423,-8.844743198880183e-05,0.21750279822904728,0.07351443990495504,-0.005365096274167734,-0.0998807258114707,-1.1815125236457606e-05,0.007242832334412196,0.002448030848835003
6.591,1.5736510072493164,0.22429322838681298,-0.0006402846254990868,0.22429231448218953,0.07565372527262659,0.20391628150777039,0.0642428038339805,-3.073419895238354e-05,0.007468899295454589,0.0025192690515784657
6.624,1.576170276300895,0.21787676184553445,-0.0011708530810932663,0.21787361578529474,0.07207373941749702,-0.1926866829212772,-0.10750708273662378,-4.770028605351532e-05,0.007255137622485222,0.002400055522602651
6.657,1.5785703318234976,0.21805617687424272,-0.001695152740947934,0.2180495877780921,0.07167420720710638,0.00538783869994817,-0.011997964275995298,-6.511818219940053e-05,0.007260976974531712,0.002386751099996643
6.692,1.5809570829234942,0.224849118349297,-0.0022845977461245334,0.22483751162916427,0.07344298665689196,0.2039922364881162,0.053116499993561016,-8.523706218431579e-05,0.007486988591878097,0.0024456514556745025
6.724,1.5834027343791688,0.21840472749789322,-0.002753226087342704,0.21838737312294634,0.06290561732983639,-0.19352525079290614,-0.316437517328996,-9.930370876823041e-05,0.007272198118898583,0.002094757057083552
6.758,1.5854974914362523,0.21857204386665885,-0.0032131478601054616,0.2185484249334178,0.06343939998352574,0.005024515578547442,0.016029509119800275,-0.00011468939170740788,0.007277544048086627,0.0021125320194514074
6.792,1.5876100234557038,0.22521350896564996,-0.003786493210592094,0.22518167574158215,0.0651150279343565,0.19944339636609926,0.05031915768260541,-0.00013422442826289223,0.007498407140632954,0.002168330430214072
6.824,1.5897783538859178,0.19384671018345864,-0.0036793825373565557,0.19381178806536412,-0.02993452009371457,-0.9419459093751145,-2.8543407816237556,-0.0001193107087740712,0.0064539924668058565,-0.0009968195191206953
6.8580000000000005,1.588781534366797,0.20673256782829266,-0.003717927698451211,0.20669913307633567,0.055582693569073506,0.38696269203705763,2.56808449437802,-0.00013018113868983795,0.00688296254345871,0.001850903695850148
6.892,1.5906324380626473,0.2128797842100671,-0.004222430172678594,0.21283790453949128,0.05605780621141119,0.1846010925457786,0.01426764691704753,-0.00014722643493108244,0.007087366776626776,0.0018667249468399929
6.924,1.5924991630094874,0.1822902976516264,-0.00395590590912558,0.182247368777595,-0.02547418202115771,-0.9186031999531735,-2.4484080550320986,-0.00012916133830557746,0.006068892445868378,-0.0008482902613045518
6.957,1.5916508727481826,0.1948156405230791,-0.004062497241239757,0.1947732782200436,0.05729977789362153,0.3761364225661466,2.485704501945322,-0.00014147295146998306,0.006485817077770671,0.0019080826038575971
6.991,1.5935589553520404,0.20029602461120224,-0.004558870299137891,0.2002441364351201,0.06052067247281751,0.164576098742437,0.09672356093681635,-0.0001585336705314047,0.00666797215674242,0.0020153383933448235
7.024,1.5955742937453852,0.19393070690576342,-0.004804716970399639,0.19387117830096223,-0.03599434211815228,-0.19115068184500983,-2.898348786515609,-0.00015613196735922446,0.006456004482147625,-0.001198611592534471
7.058,1.5943756821528507,0.20614933606139796,-0.004860418035185684,0.20609203064426934,0.04953277259695816,0.36692580046950574,2.568381823276589,-0.00016751603833212823,0.006862727922299708,0.0016494413274787069
7.091,1.5960251234803293,0.21246175818013543,-0.005359585902579421,0.21239414664238568,0.04949306768514333,0.18956222578791218,-0.0011923396941389353,-0.00018430685128508926,0.007072574693871394,0.001648119153915273
7.125,1.5976732426342446,0.20598573067814904,-0.005535594634743351,0.20591133634419154,-0.04663887136604863,-0.1944753003599517,-2.886845016552311,-0.00017901487370429637,0.006856987776194065,-0.0015530744164894193
7.157,1.5961201682177553,0.21791412621889905,-0.00551783297046983,0.21784425612133151,0.03888401666704241,0.35821007629879903,2.5682548958886193,-0.00018844478914206123,0.007254092625958531,0.0012948377550125122
7.191,1.5974150059727676,0.22484000564848372,-0.005984237225666679,0.22476035469992736,0.039070611776316204,0.20798436725479486,0.005603456734948831,-0.00020414854590161249,0.00748438794009343,0.0013010513721513296
7.224,1.598716057344919,0.21840901171224747,-0.006097128554502213,0.21832389108961608,0.04207980610547734,-0.19312294102811564,0.09036619607090496,-0.0002081325129604966,0.00727004081360711,0.0014012575433123954
7.257,1.6001173148882315,0.21855816449914012,-0.0064074231482152445,0.21846422177975255,0.041733260462876745,0.004479062669448885,-0.010406776054071904,-0.00021842662182463022,0.007274707848403653,0.0013897175734137958
7.291,1.6015070324616452,0.22518278828034413,-0.006914435323823553,0.22507660634073673,0.04256567237988592,0.19893765108720762,0.024997354865140393,-0.0002355671364810271,0.007494885152755868,0.0014174368902502012
7.325,1.6029244693518954,0.21851560889735253,-0.007019292915262813,0.21840284077536742,0.03263021316477708,-0.200215597086835,-0.29836213859185706,-0.00023769817713498704,0.007272686028980835,0.0010865860983870768
7.357,1.6040110554502824,0.21831673246376246,-0.007249997803197831,0.21819631803838413,0.03233514804877689,-0.005972265272974992,-0.008860814294299873,-0.0002453412123163728,0.00726580585645201,0.0010767604300242707
7.391,1.6050878158803068,0.22463898490165368,-0.007701695679831705,0.22450692065346375,0.03329531620024642,0.189857430567304,0.02883387842250837,-0.00026061553115235486,0.00747593658826354,0.001108734029468206
7.425,1.606196549909775,0.21768037338897087,-0.007704324404926381,0.2175439917447169,0.02332732847741435,-0.20896731269317764,-0.29933897065561776,-0.00025937211210038926,0.007244114390496719,0.0007768000382978979
7.458,1.606973349948073,0.21737160419446494,-0.007862142330709886,0.21722937422928512,0.02530569203488634,-0.00927234818336113,0.05941031704120097,-0.00026486164569158307,0.007233626831155199,0.0008426795447617153
7.491,1.6078160294928345,0.22398308245920084,-0.00828989332691176,0.22382962023948844,0.02684126936712337,0.19854289083291002,0.04611343340051139,-0.0002793890565518907,0.007453401818421888,0.0008938142699252083
7.524,1.6087098437627598,0.2174899297005701,-0.00824383281346445,0.21733363463049754,0.03445925013891028,-0.19498957233125355,0.2287681913449523,-0.0002786763737936735,0.007237050767852937,0.0011474930296257126
7.557,1.6098573367923856,0.2176388420685888,-0.008499031350550055,0.21747283058593442,0.03469042181344992,0.004471842883444441,0.006942092328517558,-0.00028720501860033217,0.007241680000380568,0.0011551910463878823
7.591,1.6110125278387735,0.2244224352632525,-0.009022985106252364,0.22424097571421045,0.03540529002449927,0.20371150734725843,0.021467513845325886,-0.0003048718684899107,0.007467045448947564,0.0011789961578158258
7.625,1.6121915239965892,0.2180046203211608,-0.009021767173791597,0.2178178647366542,-0.061336107867424626,-0.1927271754381893,-2.9051470838415585,-0.0002930216879431302,0.007253636478843839,-0.00204249239198524
7.657,1.610149031604604,0.21819451574384463,-0.00858432830303775,0.21802558567350883,-0.062329507743661534,0.005702565245760596,-0.02983182811522247,-0.0002783278321673549,0.007260543277405869,-0.0020755726078639293
7.691,1.60807345899674,0.22499391813069422,-0.008385185728418936,0.22483761219178044,-0.06470454680838586,0.20418625786335104,-0.07132249443616592,-0.0002711650298641302,0.007487387344356392,-0.0021546614087192494
7.724,1.605918797588021,0.20610276903119584,-0.007237350286814173,0.2059756591521251,0.14142662227889014,-0.567301774759711,6.190125197816095,-0.00025715831507367825,0.006858396432561352,0.004709506521887042
7.758,1.6106283041099079,0.2175411861650923,-0.008662804453676063,0.21736863503530754,0.12583460230649732,0.34349601002692054,-0.46822882799978427,-0.000303640454636082,0.007237749787434515,0.004190292256806361
7.792,1.6148185963667143,0.22524775947211556,-0.009912715122622212,0.22502953411964788,0.1270293970827583,0.23142862783853638,0.03587972301083997,-0.000345946054793153,0.007492762765078386,0.004230078922855852
7.824,1.61904867528957,0.21835057482270961,-0.01053184005849189,0.21809643250266628,0.11299306203650673,-0.2071226621443227,-0.42151156295049713,-0.0003643773243477083,0.007261934037396543,0.0037626689658156747
7.857,1.6228113442553858,0.21808264533348837,-0.011338458173528361,0.2177876937797433,0.11346212892057603,-0.008045930607244652,0.014086092614693515,-0.00039127492864963624,0.007251599421057507,0.003778288893055182
7.891,1.6265896331484408,0.22436237174071985,-0.012511425061258196,0.2240132542865656,0.11568723479638099,0.18858037258953403,0.06681999627041925,-0.00043100272618429075,0.007458820140375819,0.003852384918719487
7.924,1.6304420180671604,0.19474217808904284,-0.011608645804552457,0.19439587256279112,0.13727424663119198,-0.8894953048551653,0.6482586136579875,-0.0004013662060206579,0.006472476218885624,0.004571232412818693
7.957,1.635013250479979,0.19482204960849347,-0.012502275714180316,0.19442048275740115,0.12348739583324776,0.0023985441276465624,-0.4140195434818082,-0.00042963997564457126,0.006473327572243158,0.004112130281247151
7.992,1.6391253807612263,0.20035875908880715,-0.01367967391517023,0.19989121757891534,0.13093733499940322,0.16626755196137172,0.22372189688154512,-0.0004700474056638611,0.006655363054077714,0.0043602132554801274
8.024,1.6434855940167064,0.21779459933908493,-0.015817392102570077,0.21721946875992973,0.004344147220185962,0.523598806314648,-3.801597230607124,-0.0005272468234665314,0.0072333698606325296,0.00014466010243219254
8.058,1.6436302541191385,0.21781859852467758,-0.015850561337489338,0.21724111390006534,-0.007966950556259721,0.0007206962640435174,-0.36970263592929975,-0.0005268685571134304,0.007234198697693232,-0.00026529945352344876
8.091,1.643364954665615,0.2245116688818485,-0.016278207570412317,0.22392076594725946,-0.0063109232279194,0.20099310381894675,0.04973055040061024,-0.0005412854095756982,0.007456618074673901,-0.00021015374348971603
8.124,1.6431548009221255,0.21812052245441477,-0.015769099263527552,0.21754975942115834,0.03992815955595392,-0.19192631914215438,1.3885610445607603,-0.0005299314418577631,0.007244055430559654,0.0013296077132132656
8.157,1.6444844086353387,0.21827047441641592,-0.01606938075301458,0.21767814544455746,0.04062356760739741,0.004503061921956596,0.020883124667972666,-0.0005400175809630582,0.007248317759177932,0.0013527648013263339
8.191,1.645837173436665,0.22506067425010226,-0.016872897555714302,0.22442729874501677,0.04128078832654158,0.20390990491550565,0.01973635793225729,-0.0005670086101860059,0.007473040158094348,0.0013746502512738347
8.225,1.647211823687939,0.21853029506932417,-0.01668285390637846,0.21789257043007298,0.03202083894824868,-0.19610748290624894,-0.27807655790669367,-0.0005594118384667768,0.007255524690317333,0.001066293936976681
8.258,1.6482781176249155,0.21852184139697353,-0.01691452755456562,0.21786622942789893,0.031131700466572692,-0.00025386403455372324,-0.02670085530558513,-0.0005670187038304248,0.007254651831100867,0.0010366856255368706
8.291,1.6493148032504523,0.2250586172727163,-0.017653107673325664,0.22436521343154103,0.03080070236281605,0.19629957584813146,-0.00993988299569493,-0.0005916845557111954,0.007471058463910796,0.0010256633886817745
8.324,1.6503404666391341,0.20634909989195763,-0.01639655797745409,0.2056966307762796,-0.004165003610921789,-0.561847368791552,-1.0500212004125475,-0.0005455346089180853,0.0068497353093594565,-0.0001386946202436956
8.358,1.6502017720188904,0.206665212568881,-0.016393103501938695,0.20601401953196172,0.020962053053700816,0.009492873180882454,0.754566266204883,-0.0005482889045880553,0.006860075428407438,0.0006980363666882373
8.391,1.6508998083855788,0.2125088198303516,-0.01700449762935568,0.21182739569296052,0.021212569418550528,0.17548370154566353,0.007523013959450816,-0.0005687454331747952,0.00705365134472517,0.0007063785616377327
8.424,1.6516061869472165,0.19502142163505562,-0.0157425070387441,0.19438500036960984,-0.008951017514898726,-0.5251470929518315,-0.9058134214249024,-0.0005232647787323972,0.006473098220352583,-0.0002980688832461276
8.457,1.6513081180639704,0.1944490568384259,-0.01563853387431656,0.19381917336428622,0.016166823422255446,-0.01718813203092271,0.7542895176322574,-0.000522504466454856,0.0064540376601944045,0.0005383552199611064
8.491,1.6518464732839315,0.2004325106181602,-0.01622730418611962,0.1997745376957485,0.01773829284949828,0.17968329668871783,0.047191274091376384,-0.000542338078062648,0.006652331788820612,0.0005906851518882928
8.524000000000001,1.6524371584358197,0.21850398873559493,-0.017819037303916985,0.21777620394094166,-0.047655678262983614,0.5426870305535955,-1.9637829162907474,-0.0005876240002411012,0.007252415006388394,-0.0015869340861573546
8.557,1.6508502243496623,0.21778501991843313,-0.01741592373077773,0.2170875411014553,-0.019441770755315845,-0.02159065517002393,0.8472644897197528,-0.0005776146208886886,0.007229201989369898,-0.0006474109661520177
8.592,1.6502028133835103,0.22457407706238278,-0.01781390405541178,0.22386643542685364,-0.019231654372892645,0.20387558990839771,0.006309801273969985,-0.000590820512960081,0.007454941372363036,-0.0006404140906173251
8.625,1.649562399292893,0.19574129711217342,-0.015401835924323117,0.1951344122529811,-0.037101324778652266,-0.8658492477540347,-0.5366267389117003,-0.000508870986464524,0.0064982907857345975,-0.0012354741151291205
8.658,1.648326925177764,0.19538753496927475,-0.015133340794457984,0.1948005924471698,-0.008229567775353996,-0.01062348777473491,0.8670197298287767,-0.0005030554113439488,0.006486928387098243,-0.0002740446069192881
8.692,1.6480528805708445,0.20143874365334663,-0.015546986795926004,0.20083789146026704,-0.008286273784855639,0.18171797850065718,-0.0017028831682174967,-0.0005167960856574403,0.006687972808259679,-0.0002759329170356928
8.725,1.6477769476538089,0.21800648748222423,-0.016765704330157682,0.21736085144903836,-0.0605961818382325,0.497529844711039,-1.5708681097110166,-0.0005509993297023243,0.007238674381762368,-0.0020178528552131426
8.758,1.6457590947985958,0.21844008233689838,-0.016359541317688096,0.21782661678322462,-0.03381878447370699,0.013020866506731121,0.8041260469827481,-0.0005406927074269291,0.007253931223204959,-0.0011261655229744428
8.791,1.6446329292756214,0.2250916174426522,-0.016604902787140646,0.2244783139779406,-0.035832046029011834,0.19974579897158581,-0.060458304964109484,-0.0005484880694769103,0.007475455630207579,-0.0011932071327660943
8.824,1.6434397221428552,0.2064873001982391,-0.014986749459903815,0.20594271651064475,-0.07220522919638996,-0.5586882055379303,-1.0922877828041477,-0.0004908178483094401,0.00685848552486379,-0.002404434132239786
8.858,1.6410352880106154,0.20663892162712758,-0.014502171895773894,0.2061294033890546,-0.044412732235588656,0.004553196062716845,0.8346095183423813,-0.0004778505797983085,0.006864463442381946,-0.0014789439834451024
8.891,1.6395563440271703,0.21247545949006436,-0.014598306588122011,0.21197337174813533,-0.04536017874815671,0.17527140729539878,-0.028451847224265914,-0.00048079672133839046,0.007059077440863987,-0.0015104939523136187
8.924,1.6380458500748567,0.21806843343159288,-0.014653946951508857,0.21757551217462734,-0.07627936650903824,0.16795717542127694,-0.9285041369634093,-0.00047877853814833743,0.007245876222806826,-0.0025401029047509736
8.958,1.6355057471701058,0.21753824801041818,-0.014066952027553132,0.21708295697289717,-0.04813392835599293,-0.015921484119360202,0.8452083529443036,-0.0004626403495400246,0.00722923449893236,-0.0016028598142545647
8.992,1.6339028873558512,0.2241677727544136,-0.014137069431926712,0.22372155374382527,-0.04705217661686515,0.19908482714700954,0.0324850372110444,-0.0004649324173628309,0.007450293209354383,-0.0015668374813416098
9.025,1.6323360498745096,0.20640207814568906,-0.012693910926263893,0.2060113649492552,-0.06028498840215145,-0.5335043426043405,-0.3973817352938828,-0.00041582532687691864,0.006860597877911116,-0.0020074901137916434
9.057,1.630328559760718,0.20637323563736645,-0.01227860380238177,0.20600764130512278,-0.059703667399357035,-0.0008661413910692904,0.0174570871710034,-0.00040206213695023995,0.006860456138560003,-0.0019881321243985896
9.091,1.6283404276363194,0.21281017565932686,-0.012239212932187785,0.21245793120275394,-0.06203317567998945,0.1933015021609732,-0.06995520362259501,-0.00040026260634981923,0.0070752647849875745,-0.002065704750143649
9.124,1.6262747228861758,0.2068434875329342,-0.011469459266368371,0.20652525230325763,-0.0638358739792259,-0.17917982361539553,-0.05413508406115455,-0.0003746273164828022,0.006877691434388547,-0.0021257346035082223
9.158,1.6241489882826674,0.19516694360254833,-0.01040773662042385,0.19488923750068954,-0.0521960454760442,-0.3506469648764523,0.34954439949494576,-0.00034094140933578184,0.006490109328226433,-0.001738128314352272
9.191,1.6224108599683151,0.201485276233122,-0.010394951576659034,0.20121695137452114,-0.05277688869386787,0.18973971863584643,-0.017442739273983973,-0.0003402678701216797,0.006700824996687355,-0.0017574703935058001
9.225,1.6206533895748094,0.21718330311110629,-0.010823636176967093,0.21691342985200185,-0.060474165666027486,0.47141221855808624,-0.231149458623412,-0.0003531582927034666,0.0072235750255095245,-0.0020137897166787157
9.258,1.6186395998581307,0.21841307610061558,-0.010445610412605904,0.2181631523306385,-0.061339555217393676,0.03693011980508402,-0.025987674215200898,-0.0003404234825931212,0.007265182959127051,-0.0020426071887392097
9.291,1.6165969926693915,0.22503589206013275,-0.010303190651375391,0.22479990430981317,-0.06350710156519587,0.19888336214766258,-0.06509148191598185,-0.00033518515457663214,0.007486193813804281,-0.002114786482121023
9.324,1.6144822061872706,0.2181568599847354,-0.009527343179741991,0.21794872169924487,-0.046953743640404735,-0.20657753980172172,0.49709783557931336,-0.0003115909729006687,0.0072579373104584375,-0.0015635596632254777
9.357,1.612918646524045,0.21777509953257468,-0.009170479961893468,0.2175819300256603,-0.04673750585872617,-0.011464277842664692,0.006493627077434331,-0.00029974306125984485,0.0072457127973839,-0.0015563589450955817
9.391,1.6113622875789495,0.22405659963664018,-0.009086578614379363,0.2238722714625873,-0.045711034128417136,0.18863363675872374,0.03082497688615725,-0.00029691368905567054,0.00745517386962929,-0.0015221774364762909
9.425,1.609840110142473,0.20617654807324598,-0.008047867392945395,0.2060194185163745,-0.0654430431093903,-0.5369384853872131,-0.5925528222514461,-0.0002605226943461869,0.006860733058471903,-0.002179253335542697
9.457,1.6076608568069304,0.2060173629918435,-0.0075930131789476475,0.20587739070858982,-0.04683695812134757,-0.0047803327748490755,0.5587412909322139,-0.00024750514881177494,0.006855911357207537,-0.001559670705440874
9.491,1.6061011861014896,0.21234638590677044,-0.007495301986844695,0.21221406187101055,-0.04733861074870573,0.19006074819600388,-0.015064643464209118,-0.00024402791696469792,0.0070669219091349005,-0.001576375737931901
9.525,1.6045248103635577,0.18382349588772234,-0.006198912279849968,0.18371894602062744,-0.057627292093578086,-0.8565432438152579,-0.3089694097559265,-0.00020055740526525871,0.006118035085956616,-0.0019189888267161506
9.557,1.6026058215368415,0.18347099696935293,-0.005835135556111856,0.18337818278620313,-0.037061507340984935,-0.010585553104186634,0.617591133711506,-0.00019054558455270697,0.006106611722391965,-0.0012341481944547984
9.592,1.6013716733423866,0.18918540474738338,-0.005783508093079308,0.1890969814766184,-0.03808478046470516,0.17160383717809158,-0.030728922634241037,-0.00018860170857809872,0.006297049802548464,-0.001268223189474682
9.624,1.600103450152912,0.17247068413214778,-0.005053896071476765,0.1723966212531725,-0.06618206048263713,-0.5019435620190871,-0.8437621627006595,-0.00016197218212348697,0.00574098818948944,-0.0022038626140718164
9.657,1.5978995875388402,0.172454113440843,-0.004673496572474459,0.17239077606546768,-0.04525620901646582,-0.0004976183575010427,0.6284039479330722,-0.00015130528678955035,0.005740727844126301,-0.001507031760248312
9.692,1.5963925557785918,0.17780989777568973,-0.0045507659024883775,0.17775165337262544,-0.046448217731259185,0.1608343644098119,-0.03579605750130224,-0.00014696647230627078,0.005919244802031398,-0.001546725650450931
9.725,1.594845830128141,0.16072472534209026,-0.0038649772226817584,0.1606782477106298,-0.062728497805932,-0.5130682412492333,-0.488897299539724,-0.00012311865116197294,0.005350716103459133,-0.0020888589769375355
9.757,1.5927569711512035,0.161270287298881,-0.00354131476367404,0.1612314009590198,-0.041985197090756765,0.016383241945667565,0.6229219433986555,-0.00011417584347097161,0.005369086268577602,-0.0013981070631222004
9.791,1.5913588640880811,0.1661471764699043,-0.0034161667643450118,0.16611205270406995,-0.042903122463137766,0.146453128258958,-0.027565326497927957,-0.00010981036034124428,0.005531610667146253,-0.0014286739780224877
9.824,1.5899301901100586,0.14850002780240973,-0.002841205863715319,0.14847284535077943,-0.05590806584498252,-0.529944404429266,-0.39053884029563823,-9.001280759919923e-05,0.004944230909887224,-0.001861738592637918
9.857,1.5880684515174208,0.14954025271955781,-0.0025827494745278286,0.1495179473795071,-0.033347226317912246,0.031237985499942517,0.6775026885006088,-8.32441530925476e-05,0.004978994325927829,-0.0011104626363864778
9.891,1.5869579888810343,0.15376247128364773,-0.002484948921290495,0.15374239039416934,-0.03489971152021227,0.12679335027297037,-0.04662117724624694,-7.977703774681051e-05,0.0051196684820088165,-0.0011621603936230686
9.924,1.5857958284874112,0.13672631033013588,-0.002050749623188224,0.1367109299305495,-0.04757542518437459,-0.5115964250303857,-0.3806520619868564,-6.468659644105065e-05,0.004552526116873861,-0.001584261658639674
9.957,1.5842115668287715,0.1376859468168276,-0.0018470346232832148,0.13767355742460743,-0.02820256802414543,0.028817912513265116,0.5817674822891639,-5.935631052849689e-05,0.0045845576332525055,-0.0009391455152040429
9.992,1.5832724213135676,0.14125225623933682,-0.0017622307829218843,0.1412412632178394,-0.028039523551247624,0.10709637905433067,0.004896230417351511,-5.6489397359026624e-05,0.00470336074308532,-0.000933716134256546
10.024,1.582338705179311,0.1371120697045745,-0.0015825642491385386,0.137102936325483,-0.03168889713035618,-0.12432992596883806,-0.10959079817142803,-5.029334038698041e-05,0.004565554706467661,-0.001055240274440861
10.057,1.5812834649048702,0.13711976603918366,-0.001437967565760739,0.13711222588784813,-0.031935311534768904,0.00023112115943385662,-0.007399831964346122,-4.545937584938266e-05,0.004565861694531217,-0.0010634458741078047
10.092,1.5802200190307623,0.14129808401689603,-0.0013315299491192156,0.1412918100062435,-0.033080592687606346,0.1254750143457168,-0.0343928274125358,-4.1751364491174785e-05,0.004705040717877071,-0.0011015837364972915
10.124,1.579118435294265,0.12556282708703498,-0.001044935408807707,0.12555847902901685,-0.03802441903680512,-0.4725302381339655,-0.14846325372969285,-3.2151846915543945e-05,0.004181118244312474,-0.0012662131539256105
10.157,1.5778522221403395,0.12579962209659426,-0.0008876216028292934,0.12579649060103432,-0.021982155190692597,0.007110961248026483,0.48174966504842404,-2.8027194130197765e-05,0.004189033563811436,-0.0007320057678500636
10.191,1.5771202163724893,0.12972861532738822,-0.0008203839702837797,0.12972602130992364,-0.022502897010679767,0.11798778470852729,-0.01563789249210721,-2.5702914460767965e-05,0.004319886325052244,-0.0007493464704556363
10.224,1.5763708699020338,0.11451974154832983,-0.0006383919294727014,0.11451796217205686,-0.04650661916132152,-0.45672293630805955,-0.7208324970162687,-1.830791568128058e-05,0.003813463065817216,-0.0015486704180720067
10.258,1.5748221994839617,0.11463992033628602,-0.00046152447765149404,0.11463899131563628,-0.029681649286346028,0.003608972611296846,0.5052543505998646,-1.3484528973804219e-05,0.003817485376133416,-0.0009883989212353228
10.291,1.5738338005627264,0.11821280012630186,-0.0003590677272634988,0.11821225479648136,-0.030337923821402157,0.10729368738786321,-0.01970794399567957,-9.970974986518566e-06,0.003936473448727779,-0.0010102528632526919
10.324,1.5728235476994736,0.11484572605806957,-0.0002328174972007486,0.1148454900717401,-0.02142389092009735,-0.10111333538235112,0.26768867571485905,-6.3910111655988125e-06,0.003824357256518577,-0.0007134155676392418
10.357,1.5721101321318345,0.11493522539672898,-0.00015100246908786725,0.11493512620278981,-0.021357756665008054,0.0026876678276099948,0.0019860136663452208,-3.6697224970907955e-06,0.0038273411657484026,-0.0007112132969447683
10.391,1.5713989188348898,0.11851810885165195,-7.14180646668633e-05,0.11851808733367265,-0.022219355465157808,0.1075940977454345,-0.02587383784233494,-9.205903371509917e-07,0.003946652827366252,-0.0007399045369897551
10.424,1.5706590142979,0.11512377553798148,1.580793303312257e-05,0.11512377445266808,-0.029692863093250102,-0.10193193134145578,-0.22442965850127009,2.419321504038159e-06,0.003833620805854291,-0.0009887723410052286
10.458,1.5696702419568946,0.11521586109461987,0.0001297428068555594,0.11521578804390832,-0.030075141905031046,0.0027653320311829964,-0.011479844197625955,6.23928537248663e-06,0.0038366829408902274,-0.001001502225437534
10.491,1.5686687397314572,0.11879152951014817,0.00025273913075592825,0.11879126064779423,-0.031130108945031508,0.10737742989574463,-0.031680691891905755,1.0464093059476627e-05,0.003955743915306913,-0.0010366326278695493
10.525,1.5676321071035877,0.11536075742899114,0.0003650261711359957,0.11536017991701,-0.02285907429839946,-0.10302618862333404,0.24837941881777914,1.3615079806385697e-05,0.003841489002300128,-0.0007612071741367021
10.557,1.566870899929451,0.1153909639761086,0.0004529576267505272,0.11539007494894854,-0.02257324325358865,0.0009071035170406428,0.00858351485918353,1.6525288570462365e-05,0.0038424834751215964,-0.0007516890003445021
10.591,1.5661192109291064,0.1188716973728231,0.0005559746747414115,0.11887039719146683,-0.0229605791463738,0.1045265284298651,-0.011631708492046559,2.0024770755060998e-05,0.00395837677542404,-0.0007645872855742476
10.624,1.5653546236435323,0.11529872514403662,0.0006274183394213247,0.11529701802764658,-0.014564226191558668,-0.10729646332692142,0.25214273137582977,2.1821684939695558e-05,0.0038393854968681754,-0.00048498873217890366
10.658,1.5648696349113533,0.1151786687775355,0.0006826244851102699,0.11517664591911661,-0.013972404079288781,-0.0036052962913247595,0.017772435803900498,2.3621286823765283e-05,0.0038353768970940507,-0.0004652810558403165
10.691,1.564404353855513,0.11851319120407752,0.0007575279526851193,0.11851077014674717,-0.014025023810419694,0.10013580860486535,-0.0015801721060334244,2.6144790249034144e-05,0.00394640262798177,-0.00046703329288697585
10.724,1.563937320562626,0.1148640369540548,0.0007878469677940534,0.11486133501983078,-0.02102338350051202,-0.10958421171239417,-0.2101609516544242,2.757179458224425e-05,0.0038248729773971923,-0.0007000786705670504
10.757,1.563237241892059,0.11471562509749249,0.0008671368917393404,0.11471234770119317,-0.02176834865549745,-0.004456812509378626,-0.022371325975538463,3.0257796128239242e-05,0.0038199103968558335,-0.0007248860102280652
10.791,1.5625123558818308,0.11796013818678855,0.0009771671773360206,0.11795609075140541,-0.021824870954010728,0.09743282550438621,-0.0016973663217200125,3.396458391149337e-05,0.003927925672855827,-0.0007267682027685573
10.824,1.5617855876790623,0.11505748157655761,0.0010367389202820512,0.1150528106529826,0.22297111552872495,-0.08716686517210025,7.351230825307377,2.029735456557851e-05,0.003831351571195456,0.007424938147106541
10.857,1.5692105258261688,0.11454403162329665,0.00018164396017821864,0.11454388759768246,0.2518627690084336,-0.015418917515344006,0.8676172216128715,-9.948965996482892e-06,0.0038142920984639097,0.00838703020798084
10.891,1.5775975560341498,0.11768060198490789,-0.0008003665806906741,0.11767788023612093,0.25864314249058673,0.09419130215048745,0.20361481928387856,-4.3529605596309905e-05,0.003918510162268786,0.008612816644936539
10.925,1.5862103726790862,0.1155841677998215,-0.0017815491167864634,0.11557043708804504,-0.06171194916915702,-0.06295598153412567,-9.620273022815127,-5.537358203800636e-05,0.003848553769287928,-0.002055007907332929
10.957,1.5841553647717532,0.11414159511111364,-0.0015247765499568685,0.11413141018572454,-0.03308768150266282,-0.04332050116239813,0.8595876176124382,-4.868362568505198e-05,0.00380060313255564,-0.001101819794038672
10.992,1.5830535449777146,0.11766312835125692,-0.001442186523435538,0.11765428964315744,-0.033770892090202544,0.10575174895325146,-0.020516834460652306,-4.582425451531e-05,0.003917913994611075,-0.0011245707066037448
11.024,1.581928974271111,0.11427240536539637,-0.001272128127767418,0.11426532421526671,-0.04370694390868716,-0.10182351308890523,-0.29837993448902744,-3.9595203861640516e-05,0.003805064756095163,-0.0014554412321592825
11.058,1.5804735330389517,0.11436392431617919,-0.001106706008771905,0.11435856936323972,-0.044104699556028984,0.002748316840324695,-0.011944614034289057,-3.40591714091952e-05,0.0038081660326461674,-0.0014686864952157654
11.092,1.5790048465437359,0.11792912063194788,-0.0009680126448359686,0.11792514763418344,-0.045649522491884045,0.10706295242548634,-0.04639107915480664,-2.9252535822337136e-05,0.003926930386281752,-0.001520129098979739
11.125,1.5774847174447562,0.11456292163848443,-0.0007662358610057199,0.11456035918654775,-0.035342352150339686,-0.10108705686076429,0.30952463488121196,-2.3273153946476778e-05,0.0038148740805450487,-0.0011769003266063117
11.157,1.5763078171181497,0.11465691419360141,-0.0006319272737682564,0.11465517275866599,-0.03532505821241433,0.002822599252762199,0.0005193374752359458,-1.8799922446909423e-05,0.0038180287375102285,-0.0011763244384733972
11.192,1.5751314926796764,0.11823367820303447,-0.0005125610026911648,0.11823256718280808,-0.03662155447791948,0.10741033061360544,-0.03893382178694155,-1.4670044037914081e-05,0.003937153909605274,-0.001219497764114719
11.225,1.5739119949155618,0.08201928781915889,-0.00025554446689246996,0.0820188897229624,-0.06211011095402085,-1.0875192307470145,-0.7654221163994405,-5.686860565291504e-06,0.002731235877104673,-0.0020682666947688944
11.258,1.5718437282207929,0.04860002111066941,-5.090372210258307e-05,0.048599994452351414,-0.06140928129986704,-1.0035815828375219,0.021045935560174606,-4.1358717034218204e-08,0.0016183804204718015,-0.0020449290672855725
11.291,1.5697987991535072,0.016015681762486838,1.597608260424663e-05,0.016015673794194177,-0.06298498678714914,-0.9785086891346116,-0.04731848310156478,1.0909677061302647e-06,0.0005333209890883201,-0.0020974000600120666
11.324,1.5677013990934952,0.0002236368132076879,6.921386632977489e-07,0.0002236357421472718,-0.0006099888825921923,-0.4742355840624369,1.8731230601969053,2.3119244546543147e-08,7.4470699932455745e-06,-2.0312629790320004e-05
11.344,1.5676810864637047,0.00012321945732004543,3.83857602158372e-07,0.00012321885941522003,1.608832110576429e-05,-0.0030155362128421155,0.018801117228166863,1.2778818553306218e-08,4.103188029856637e-06,5.357410928219508e-07
11.392,1.5676816222047976,0.0001320604816353306,4.113287232431408e-07,0.00013205984105108155,0.00012696759872105905,0.00026549622568423974,0.003329708036495338,1.3685229141246488e-08,4.397592744504945e-06,4.228021037411267e-06
11.425,1.567685850225835,0.00012833277461459097,3.991754448059211e-07,0.00012833215380115643,0.00011935887778847387,-0.00011194315377596525,-0.00022849011809565105,1.3281405486310442e-08,4.273460756249942e-06,3.97465063035618e-06
11.458,1.5676898248764655,0.00012846106133205618,3.9906389161969693e-07,0.00012846044148518524,0.00011743518451572958,3.852453977934211e-06,-5.776856674907791e-05,1.3277816507515901e-08,4.277732735548493e-06,3.910591644373795e-06
11.491,1.5676937354681098,0.00013248602900300493,4.110493450392531e-07,0.00013248539134342701,0.00011915853849977187,0.00012086990002849116,5.175237189316209e-05,1.3676460747430446e-08,4.411763567294727e-06,3.967979332042404e-06
11.524000000000001,1.5676977034474417,0.0001287173211494263,3.988458582838762e-07,0.0001287167032123876,0.0001140225402704584,-0.0001131744100173767,-0.00015423418106046456,1.327077742148249e-08,4.286266250438982e-06,3.7969505910062653e-06
11.558,1.5677015003980328,0.00012884305955786026,3.9874626524299173e-07,0.0001288424425321341,0.00011254967171261078,3.7759281812002883e-06,-4.4230287022451096e-05,1.3267556110258491e-08,4.290453369351644e-06,3.7479040680299393e-06
11.591,1.5677052483021008,0.0001328786425977332,4.107376602013063e-07,0.00013287800778605393,0.00011454707798902402,0.00012118867987606436,5.998217046286014e-05,1.3666387137244369e-08,4.42483769380746e-06,3.8144176970345005e-06
11.625,1.5677090627197978,0.0001290976146206146,3.985577946761622e-07,0.00012909699939354528,0.00010991863143007252,-0.00011354438369725517,-0.00013899238915770278,1.3261447061149814e-08,4.298930112186824e-06,3.6602904266214153e-06
11.658,1.5677127230102246,0.0001292226987020856,3.984709712982562e-07,0.0001292220843383012,0.00010877839291185326,3.7562787228527352e-06,-3.4241396943521326e-05,1.325862721227523e-08,4.30309544074577e-06,3.622320483964714e-06
11.692,1.5677163453307086,0.00013326920170134976,4.1046602202024167e-07,0.0001332685695869803,0.00011097738546746733,0.00012151660658450918,6.603581248090296e-05,1.3657572576847966e-08,4.437843400890512e-06,3.6955469360666624e-06
11.725,1.5677200408776446,0.00012947620755147373,3.9830520567989185e-07,0.0001294755949006431,0.00010673226189548155,-0.00011390372822450514,-0.00012748118834792144,1.3253233813195433e-08,4.3115373418998784e-06,3.554184321119536e-06
11.758,1.5677235950619657,0.00012960089815166115,3.982281657090983e-07,0.00012960028632701888,0.00010584092549739812,3.744462468090565e-06,-2.676685880130399e-05,1.3250722176277365e-08,4.315689566358302e-06,3.5245028190633577e-06
11.791,1.5677271195647848,0.00013365852448045002,4.1022506564515184e-07,0.0001336578949470871,0.00010818723650274363,0.00012185064050417037,7.045978995031555e-05,1.364972365968094e-08,4.450807934671613e-06,3.6026349755413633e-06
11.824,1.5677307221997603,0.0001298538176663421,3.980798366120755e-07,0.00012985320748817603,0.00010423239907222862,-0.00011425545988312051,-0.00011876388680225259,1.3245878656180316e-08,4.3241118406601855e-06,3.4709388891052134e-06
11.857,1.5677341931386495,0.00012997830849807948,3.9801033103193625e-07,0.00012997769911718822,0.00010352724387873267,3.738463415536631e-06,-2.1175831636515132e-05,1.3243605341369926e-08,4.328257411746179e-06,3.4474572211617983e-06
11.891,1.5677376405958705,0.0001340472177852598,4.100077357481755e-07,0.00013404659074226952,0.00010598019640251689,0.00012218946808349336,7.366223795147816e-05,1.3642619145737373e-08,4.463751504298515e-06,3.5291405402038125e-06
11.925,1.5677411697364108,0.00013023097822562255,3.978754733982618e-07,0.00013023037043911933,0.00010224597634622088,-0.00011460178857769537,-0.00011213874042930957,1.323918735076389e-08,4.336671366249416e-06,3.4047910123291557e-06
11.958,1.567744574527423,0.00013035538136006304,3.978117131594861e-07,0.0001303547743481931,0.00010167992838896546,3.735829863077775e-06,-1.699843715481731e-05,1.3237095204126505e-08,4.34081401634712e-06,3.3859416153525503e-06
11.992,1.5677479604690385,0.0001344347206086824,4.0980564063992974e-07,0.00013443409598934116,0.00010420726210264569,0.00012250268013871957,7.58959073177244e-05,1.3635990908507707e-08,4.4766554286660656e-06,3.470101828018102e-06
12.024,1.5677514305708664,0.00013060576488466746,3.9768038582471116e-07,0.0001306051594364471,0.0001006393558999296,-0.00011498365537582424,-0.00010714433041189445,1.323277812142798e-08,4.349151839661521e-06,3.351290551467656e-06
12.058,1.567754781861418,0.00013072893389855445,3.976173134982229e-07,0.00013072832921262562,0.00010017523171339886,3.698769185795524e-06,-1.393766325918147e-05,1.3230702300420152e-08,4.353253393043717e-06,3.335835216056182e-06
12.092,1.567758117696634,0.00013481927663182378,4.0960852272009274e-07,0.0001348186543931749,0.00010275515247090769,0.00012283311511319318,7.747509782308795e-05,1.3629505194927743e-08,4.489461222937614e-06,3.4217465772812264e-06
12.124,1.5677615394432112,0.00013097911640485777,3.9749315565210325e-07,0.00013097851325079426,9.931684244582475e-05,-0.00011532012693591641,-0.0001032525533057938,1.3226610833460667e-08,4.361584521258107e-06,3.3072508534459645e-06
12.158,1.5677648466940648,0.00013110241096364456,3.97433741279203e-07,0.00013110180855694417,9.89303562354221e-05,3.7025393029068468e-06,-1.1606192504584007e-05,1.3224651323351475e-08,4.365690254803493e-06,3.2943808626395565e-06
12.192,1.5677681410749273,0.000135204225206782,4.0942287832161146e-07,0.0001352036053020515,0.00010154619986921617,0.0001231776048990222,7.855386287669859e-05,1.3623384062370626e-08,4.502280088090204e-06,3.3814884556448986e-06
12.225,1.567771522563383,0.00013135291247771098,3.9731623961334204e-07,0.0001313523115753314,9.820826503177434e-05,-0.00011565503690903963,-0.00010023828340666158,1.3220772197570693e-08,4.3740320052064566e-06,3.270335225558086e-06
12.257,1.5677747928986085,0.00013147639191939757,3.9725977027056256e-07,0.00013147579175201018,9.787966739018507e-05,3.708091341939528e-06,-9.867797044722737e-06,1.3218906306944342e-08,4.378143894953577e-06,3.2593929240931633e-06
12.291,1.5677780522915326,0.00013558974926950582,4.092464617657685e-07,0.00013558913165995635,0.00010051855796971236,0.00012352424474799552,7.924596334916786e-05,1.361755691440966e-08,4.515118115442487e-06,3.347267980391422e-06
12.324,1.5677813995595131,0.00013172731673513803,3.971476732035424e-07,0.00013172671804901633,9.725912878670022e-05,-0.00011598896499602973,-9.788075624661095e-05,1.3215200099878529e-08,4.386499740558079e-06,3.2387289885971173e-06
12.358,1.5677846382885017,0.00013185102543471854,3.970936175665945e-07,0.00013185042747312456,9.697362561404525e-05,3.714975963378535e-06,-8.573668848497447e-06,1.3213411734074868e-08,4.390619264313731e-06,3.229221732947707e-06
12.392,1.5677878675102346,0.0001359759878280795,4.09077605990035e-07,0.00013597537248095443,9.962589334081031e-05,0.00012387274454537408,7.964767948243427e-05,1.3611971876734653e-08,4.527979934627204e-06,3.3175422482489836e-06
12.424,1.5677911850524828,0.00013210245162733694,3.969859941379393e-07,0.00013210185512729696,9.642861260634779e-05,-0.00011632240843070712,-9.6014436470346e-05,1.3209849143571999e-08,4.398991805251611e-06,3.2110727997913818e-06
12.455,1.5677943961252827,0.0001322264228449328,3.9693395790338277e-07,0.00013222582706037437,9.617512181642745e-05,3.7228593872630826e-06,-7.6123360336438675e-06,1.3208125612921218e-08,4.4031200703198265e-06,3.2026315564870344e-06
12.491,1.567797598756839,0.00013636304502502345,4.0891507361819763e-07,0.00013636243191201576,9.883349849837608e-05,0.0001242228882910102,7.983113159004885e-05,1.3606589924866979e-08,4.540869013366608e-06,3.2911554999959235e-06
12.524000000000001,1.567800889912339,0.00013247840898843562,3.968301189901167e-07,0.00013247781464820397,9.568613773997431e-05,-0.00011665573683446917,-9.451533809014307e-05,1.3204685193149921e-08,4.411511256940513e-06,3.186348386741145e-06
12.558,1.567804076260726,0.00013260266771050616,3.9677981118974516e-07,0.00013260207407776224,9.545635798919211e-05,3.7314931552715427e-06,-6.900292816282273e-06,1.3203017665803041e-08,4.415649095828056e-06,3.1786967210400977e-06
12.592,1.5678072549574469,0.00013675099915734623,4.0875795164561163e-07,0.0001367503882534506,9.811537420761256e-05,0.00012457451792312517,7.985033688950296e-05,1.3601382904728667e-08,4.5537879596085936e-06,3.2672419611134985e-06
12.624,1.567810522199408,0.00013285525789823107,3.9667925016556435e-07,0.00013285466569442706,9.500879789410117e-05,-0.00011698922700045546,-9.32905799853271e-05,1.3199683540892169e-08,4.424060396618542e-06,3.163792969873569e-06
