Ground_Truth_X,Ground_Truth_Y,Ground_Truth_Yaw,Velocity_Linear_X,Velocity_Linear_Y,Velocity_Angular_Yaw,Delta_X_X,Delta_X_Y,delta_X_Yaw
0.8084719715118658,-1.1155786466461413,-0.718322353324229,0.26599945450782886,-1.7700008183357043,-0.3202616203666435,2.4782905740173633,-1.161416466730433,-1.302779016708481
-0.31895514438539885,1.1129567581156146,1.603946948414529,0.009658185174392753,-0.01998322913529918,0.09066298653325726,0.045757521211403,0.10333424878798732,-0.03056408099275003
1.562312889640933,0.6134131217809315,0.047728991495982996,1.7274483426929732,-0.1166494169026636,0.08471457774238784,0.04803782249526767,0.10313873548935926,-0.03058104985213867
1.4619409454927195,0.6172590302686303,0.07862566851742574,0.009540720411168893,-0.019910606465899663,0.08694327879962702,0.045757300680346696,0.10333439034493544,-0.030583968660708716
-0.7348218087338149,-0.10159347436879927,-0.9380177038851266,-0.3995684968390053,-1.6963487400747252,1.224286276097653,0.04519668164511508,0.0999634307691884,-0.02264840110885931
-1.4068756225540473,0.6387083932050968,-1.5690908902692295,-1.6126219335523921,-0.3596698453916945,-1.6223553769278016,0.04360848817403854,0.10260870163330527,-0.041540668629941754
0.12011665311666661,-0.04725729793699164,1.8005345260486705,-1.1572944192109076,0.06365446908176918,2.277239546749971,0.04427985252887905,0.1035297312008829,-0.016384002774246523
-2.690669743386547,-0.8197106387332873,-1.033402897156837,0.6951665146004095,1.57542781191915,-0.36493432497436945,-1.948181666747741,-0.4498072302687752,-2.1293620802202233
0.8663015480189623,0.43477262127594407,1.2831548036837932,-0.8207103926429649,1.284313272139622,2.8154716811456373,0.9668327886421301,0.11201087488995581,0.3598823183717429
-1.3390340164652232,0.6722787599064396,1.7248753852760512,0.05967862478777732,-0.028441785415674957,2.570635837275243,-1.131566844812129,0.9763700860369715,1.5970944158911948
-0.558232070777971,0.3843304197537871,0.07864012333757843,0.0094864142831973,-0.01990458213942293,0.08696664291522113,0.12053833426599075,1.5266251887085687,-0.030584053826081228
0.6448559171615594,-0.028872385253019224,0.055182554410152254,1.7285478809660277,-0.09346454006992706,0.057960259494765215,0.6873214606505237,0.5721610571516128,-0.04044867979058603
0.17836827216000548,0.2526122841906668,-1.1605456549870674,-0.9382529312430226,-1.3188000968630293,0.29670802225333415,-0.26558234051820395,-0.006873561365561229,-0.598995724327592
-0.4339198948311326,-0.05337141654876686,1.7705364002447543,1.7123049562105446,-0.23342076728631808,-0.04425869437070797,-1.6807515218353937,-0.44716964101638923,1.566950546003828
0.1643189529200528,-0.5923713695779159,1.7041690241566816,-1.6574345377486963,0.39801246467900536,0.14837593210168595,0.29908330398676697,0.4563358966942958,2.5681546272723286
0.03737863760336834,-0.08512452692813648,-1.6176573907706095,-1.0796680656148765,-0.1476371311143476,0.03350781949549064,0.18404509844060798,0.38266904132796287,-2.2065681978282052
0.737110649567629,-0.6630862285128406,1.0877961850686468,-0.3493623610057759,1.543901657071443,-0.03688744986056347,0.5424719677880641,-0.45620427335432573,0.5480987608222903
1.4619402375675794,0.6172603292760019,0.07863745426824417,0.009486414527940707,-0.01990458358772722,0.08696663635914978,0.8652963772403138,1.4530884933575767,-0.030584110597755686
2.1753230344012224,0.6212816233212577,0.6787861597625517,0.7787515666285927,1.4199032372493132,0.7152376842574159,2.842960327872433,-0.7259833942899853,-0.155103989798203
0.2319828567190256,-0.6569940594869509,0.38262500809473315,-1.3439705409865854,-0.8534090250302874,-1.46434706210946,0.04393367143868613,0.10158476802849425,-0.040970215415553485
0.3409930860875295,0.36106682027196024,0.2630907738752781,0.8580146611251321,0.2771513893015609,-0.5287011734901454,0.45724909828918925,0.3742980913074173,0.8268953773368043
0.10376264097779639,-0.7635692782783389,-0.5417739207897616,-0.7378902247342272,1.510383816615073,-1.461341029997986,0.025436688057715207,0.22488666375244,-0.18254341397468432
-0.5236730433619299,-0.3307326921862351,0.9472653998156964,0.04456867297543712,1.7464572281554445,-0.21471138925052133,-0.09914170607163036,-0.9111446154902992,-0.5553528881183254
1.8389050458674803,0.3528144372685359,0.13489633341643187,1.6017775256437856,0.14389867432378903,0.27301150643216593,1.1115019252126908,1.1447944534485703,0.8078321135337675
-0.3189750893986665,1.1129698689392782,1.602454395256661,0.009687521110558112,-0.01999918372350924,0.09067309044323126,-0.4965187847368197,0.6259098922539559,1.453304371412037
-0.1283392376291657,-0.9474331061545812,-1.3088874678996334,-1.2553856923538491,-1.033271224274572,0.9728104937312524,0.04386924000432821,0.3071550641984823,0.06555831756280113
0.07772835456294697,-0.8158277816261638,-1.5899320940163677,-1.6830378604009066,-0.30554898666987956,0.20033454765085298,0.043509205673870316,0.1027604205934159,-0.02985308992979043
-0.2630393519459541,-0.23710430966442234,1.5028250207944776,-0.7868770046208563,0.537441895271076,0.5672989792135612,-0.766626069516377,0.2442994133979473,0.38905636047355424
0.7824164780613844,0.3144027902551298,0.14867260324707304,1.0315292590382152,0.11191201028609017,-0.40630190621924045,0.9675018363953086,0.5005232366399079,-0.6112184231410815
0.5988104564454677,-0.06320907161387222,-1.0290702283994535,-0.3473900810307641,-0.8738588759301329,-2.097179481710734,0.3155362576048995,-0.2081725275244894,-2.237746167440244
1.8638870231928586,0.6627871842741115,0.28452095989332565,1.591301800177392,0.6020661603800567,0.6102408529742671,0.327770667580607,0.3775585615592167,1.4216407729233538
-0.3417828819200285,-0.7875053169704799,1.516172238955229,-1.4138599301850148,0.9257911522039821,0.5946779346306119,-0.25529123136678183,0.020563347966293017,1.7184583634506003
0.521176219556823,0.766412892861738,-0.10362386111113822,-1.4629163624684725,0.4879176980579315,0.15817801913403634,0.33310706794649414,1.5186675247289085,0.0573157628026711
-1.7579220121004806,2.16752439829682,1.7329206960208736,-1.6242183023440455,0.2997338524860111,-0.015621220270343248,-1.2362610973705654,2.149633281841074,1.4755040622927456
-0.638139638371508,-0.568083979355115,1.5348680397370775,-0.8791145851210839,0.5274384642795145,-0.2636851142810316,-1.4258040218440373,-2.0986491330605817,-0.2066760276751475
2.1415124437196837,0.9114756590145845,0.717304382693333,0.6262944518988668,1.3496057590324666,0.824045590632358,1.5419017716331167,1.215488022750275,0.4857539708155104
-0.035081102810746397,-0.7291229105642009,-0.2978508838553106,1.3471591864013295,-1.108220575798487,0.4548805375068343,-0.3123953008056204,0.07471041487168456,-0.030402813630756073
2.1212996180519417,2.407197747604945,-0.040408312079191766,-1.64566034437594,0.34551010072769817,-0.7653517547807444,1.2672511544589316,1.440334007699842,-0.33111758668416
-0.1818278083608737,-0.842206238614437,0.356278508931663,0.009511671906584774,-0.01986854188311484,0.08675672938401902,0.04575732313336356,0.10333442083436005,-0.030584786468198868
-0.5515377153974191,0.9804579619957622,-0.7394434874298983,-0.12727427216065337,1.2346589034669189,0.5586514554891109,-0.05957349209527915,0.7390621577693354,0.6108740374759148
-0.7194303986187279,-0.009050391714181424,-1.6420226519599794,0.009647834986689198,-0.019913909077148212,0.08540318133927899,0.04575746958593954,0.10333440352642435,-0.030591825328086818
-0.4193190383481569,0.5007827386561127,0.7921981437972719,0.26047448416181296,0.8166667810972547,0.3743004595653333,-0.16686306151571367,-0.2711043840769808,0.7081431860368518
-1.1282159031714787,0.4679208154995635,0.23737880303422912,1.4818435032676085,0.41958039672211983,-0.9012551228467527,-0.9241365445374234,0.47369531442391083,1.4757236144021113
1.4470283706400522,0.6172588502186002,0.07862328427819888,-1.7083631437851983,-0.019932118291419474,0.08684418364509035,1.539979279999065,1.6903030247784,-0.030588944401181265
0.8136085485429719,-1.2249572837168703,-0.8035547564805966,0.0015419721942656604,-1.759326898317902,-0.2188146134643065,0.38388700103447354,-0.9105280913459597,-1.0437301947626074
0.442846398324093,0.3691371736151414,0.41221521936913197,0.0829431142812661,0.034933489552635144,-3.666174497193865,0.4477218234454735,0.1693675619401984,-0.6616078364817456
-0.29260185717315645,-1.2415796920954494,-1.184005346643851,-1.0128262981650562,-1.305997571976225,-0.25378074575696336,-0.7733336674270844,-2.7192002329995155,-0.05372971316548758
-0.11767689633482824,-1.2312171893004196,-1.4053354385746004,-0.012731997331099908,-0.03178662806834025,0.5952068161741634,-0.3123505556889202,-0.23772691140495805,-1.3758944793506567
-0.26476524247387767,-0.10694015875307442,-1.6193306266897658,-0.6731257091986036,-0.09751218034610128,0.39230444899902883,0.33228013918510263,-0.16051878045552903,-1.2688095439759735
0.2482393305181763,0.6857679958352413,-0.03428217734193014,0.009208205322518667,-0.01984045469375119,0.08724912659073,-0.03713968562213369,0.19179198474119413,0.7378248348059957
0.01797298367114975,-0.8366322701355265,-1.527835539131152,-1.5232192607507382,-0.4613992533027414,0.3135245134124149,-1.5977854793640622,-1.6598073737227779,-1.7609980749801677
-0.15448598482466905,0.602343315051241,0.9623582828008955,-0.0018441190941564255,1.743996053398413,-0.1210816800340689,-0.3812212980362205,0.2692475025103762,1.2908322701366621
0.067151319023575,-0.8492329542249711,-0.29112413488718636,1.370796025060234,-1.0996814113651203,-0.007004654491022439,1.999581696274139,0.3318123649965882,0.3607741025628503
-0.5252500878496413,-1.0735677213355832,-0.7992651244218401,0.00948137388388037,-0.019823385272809968,0.08946152693360884,-1.2143119569809382,-2.6127255924527204,-0.5717102985165566
-1.7784193992274628,1.7482104598081987,1.0762469873911114,0.01722386504159241,-0.053875296025616914,0.9593900320422881,-1.212431193976001,2.43407113450375,-0.5971161417505919
-0.24317167735081474,-0.2416703939352832,-0.5877254749800992,0.6523815062453002,-1.6574557528894234,-0.12729930665862005,-1.7543667575732271,-1.4501096001320053,-1.5360984431291
2.180503925384671,1.8370838556338178,0.987945436615465,-0.07991313795145867,1.732450021305564,0.006775399876963256,0.19374296147157935,1.193005730590341,1.254128166396517
0.40388583924900373,-0.5582548696902976,-0.8371464277254557,-0.10055052412299528,-1.796012025719924,-0.3878172279517656,0.0262108316208785,0.5026126867961755,-0.7159069648021197
0.46303547590529603,0.5438557666165189,1.6464240537032868,-1.5142652322408654,0.5370288866223379,-0.11973728580068646,1.6720960545458055,-0.5612557507572684,1.7123600069803802
-0.0603866540027234,-0.09032103755970806,-1.6799864037674943,-1.598246775435871,-0.024544495609101307,0.29928515435714126,-0.11390593485684407,-0.03090093524748117,-2.711842724766999
0.3669969727924628,0.380958855705028,1.3117646897977424,0.00940872897577125,-0.019811607974552732,0.08941498339367221,2.1295368241457577,-0.5255694097662142,1.644050346224829
0.50974618128099,1.4874919286266202,-0.5297863719309316,-0.4254702695042073,0.8209258326802535,2.5922059343255492,0.4181017914935857,1.5793273776428731,-1.1674847372506467
-0.4521828169003187,-0.6998303415126103,1.6104002111351448,-1.57197692070764,0.678158622774682,-0.04891693017125754,-0.3246234388959666,-0.0587253663789807,1.8904145767122313
0.3452534557307049,-1.0346411919745548,-0.9179433445303579,-0.34474944341281094,-1.7363707346657888,0.2320602341518415,-0.9695565507311305,-0.8651249004230536,-0.8715043432449326
-0.30641595477681816,0.15759834057547267,-0.01510921293323871,1.4953519501748367,-0.27632993658166133,-0.015699735946066162,0.139348803260556,0.17263716076963764,1.1561202602615004
-0.7194446250570562,-0.009051517652321333,-1.6414372512843711,0.009644850404891882,-0.019913243705443576,0.08542545842761252,0.04575746559181434,0.10333440337643597,-0.030591695102230344
0.3007122756450822,-1.3035685916085435,0.07864798919035675,-0.951220486201614,-0.01996038041882275,0.08671556785839618,0.6389402182931524,-0.8455290210036253,-0.030309356385168535
0.5166133577640669,-0.7466174164559768,0.4553546195237356,0.00966165845128277,-0.019733586709246947,0.08585605598676785,0.04575749575945184,0.10333464852261275,-0.03058982432475178
-1.0006085466176249,0.5816527492697389,1.183840073208053,0.4117375172151756,-0.9880904887027546,0.0547543923722804,-0.9456587008232136,0.5112468020668675,0.8826564478398472
0.2785485124530732,-1.5244826833631204,-1.3497161370002526,-1.3521746526219989,-0.9587013058256361,-1.2351928250658923,0.04398256489425479,0.10143822405304327,-0.03861014230174834
-1.2309378545306038,0.42278559934497617,0.19194347714204876,1.6897375973922637,0.33218020561012257,0.19221470136746108,-1.0758992293496323,0.43242393145114044,1.4349726769609
0.45482309171012736,-1.1300061230311667,0.04485503066898658,0.009540533013435224,-0.019912101569277574,0.08537112463734738,0.17461701451989733,-0.3281045019371301,0.7791707821705263
-0.6479288639107408,-1.641152686314028,0.07860542910635851,1.4813106376676752,-0.019694710725615197,0.09275763362026786,-0.18396861862457486,-1.7943855363860153,-0.030189190220611967
0.28339425999751383,-0.6882168209579979,1.2443767261800946,-0.6103439744201412,1.116859085388127,1.5582471656362311,0.04497468976973471,0.10556419935352176,-0.022321575720081917
0.1402748356152353,-0.9505668560983167,-1.5390202293441366,-1.719932218731732,-0.48291851164918176,-2.2499922078196772,0.043495557729727685,0.10235382338282988,-0.045135177458200774
0.5026047448098023,-0.03871416008556415,1.7910540356755422,-1.6842295228532498,0.12910862365923473,0.7594839366476591,0.1787701043948161,0.06868196999148284,1.4519243641575479
-1.1064533207967586,2.565095924511416,0.07854954858246221,-1.3518064421033298,-0.019858158682090798,-0.005732284047149912,0.0440625344824625,0.10333414436898183,-0.0306584631450004
-1.5272091434858297,0.6688908584395644,1.5716800212408857,-1.5367729988514385,0.7955247190567132,-0.7826018523734872,-1.2879351024260364,1.2339027301278627,1.9500310413176616
-0.07629514122404671,0.9689452965031787,1.6744259430305315,-1.6306211097717966,0.4871295653826034,0.27279051934328313,-0.2252337454918061,0.6083919339578817,1.9171753564117524
-0.5427471662303996,0.9725563374980499,-1.1016209333334226,0.02042891569631173,-6.934060849564972e-06,0.45759641043250404,-0.13517857308623327,0.8638380914136672,0.4219524030893494
-0.3189647329428903,1.1129629952747586,1.603201335527178,0.009668063116735192,-0.01998849249204682,0.0906670209441678,-0.0714130191115257,0.5119204477183489,0.47004958102559063
-0.12589189335061216,-1.4588423836848885,0.9202999751329073,0.009493914779834332,-0.019937447723654352,0.08853144312209453,0.04575729508127127,0.10333434540632355,-0.030576175354956544
0.8846696620998424,-0.43846787355471223,1.008254546108338,0.03701453514812469,-0.33420525062171974,0.4997320768418784,0.10982073531824306,-2.008834913640222,1.8790788305403638
0.2358514310198646,-0.6666676454144197,-1.0881233204860845,-0.0009957864845667023,-0.03558435817768842,1.8307557533075183,-0.1647106015268361,-0.35320170707944865,-1.029266754923121
0.21422143868020416,-0.9160893153898786,-0.5632872708022784,0.6782153398189081,-1.5286426059291773,-0.2783262861533325,-0.10431580449062862,-0.42280609153851784,-1.198927055531727
-0.2592277926100427,-0.7360742887956181,0.09240347761192239,1.6187589095149684,0.02023368210050751,0.33277804699854663,0.04789450998353787,0.10340979995712583,-0.029013369553168553
0.32759560450668723,0.10987668420107652,-0.8687507504661797,-0.19608967937362567,-1.7616666692779714,0.18999774137500908,0.04548317086910311,0.09982297722241221,-0.030019138061603733
2.232342888254964,2.3699878505306904,0.4355864183986177,1.395564654684453,1.0301837254718358,-0.9017305964900705,1.6705672480384348,2.4722963110485585,1.3807441674619993
-0.5675323237991102,0.20562486701312943,1.4589380471946352,1.0439138768569567,-1.046240039618146,4.332894303935811,-0.4884530757099557,-0.3066856870721901,1.437330492149567
-0.13403684862166879,-0.697254754669462,0.08505763831606698,1.7242637865957888,2.23170398978824e-05,0.23678382483318494,0.048034561185347456,0.10337096647503327,-0.02962077015347429
-0.06952903949688358,-1.4765277074845014,1.807209381551769,-1.0266350831834004,0.04106739338253051,-0.2674763651661831,-1.2114504413575062,-2.7774156862248036,1.513321579341396
-0.6638760538116886,-1.6411491224366017,0.07863626917187706,0.009486414635759294,-0.019904584225115454,0.08696663347391492,-0.9447098516664261,-1.557171534145012,-0.030583765897357895
-0.4595301365624553,-1.298291573582926,0.9751537069106567,-0.03726869653087728,1.615447676109145,0.14229327819044266,-0.23244472947653755,-0.4335455621960544,1.0819458819571448
0.030512627313320776,-0.7016500323151186,-0.33982664249363587,1.2413792048010315,-1.1874604831192481,1.1289677233140092,0.0473902472590136,0.10094911434381221,-0.024634893502879264
0.1935922180027431,-0.8792456534577219,-0.9639569960465151,0.15429947333419392,0.47233171250167466,-1.7053733565281617,-0.04191649120227259,-0.5192838745995906,-0.22940794380476848
0.46137319372420244,-0.6345672015885286,1.1639290798870636,-0.6002023080577387,1.6072570648105102,0.5853000906440906,0.04496217097451412,0.10659556967349745,-0.027067382304044603
0.13687338870447327,-0.8700165409485904,-1.0865982802923337,-0.4300438975842731,-0.8256606176964764,0.06130633158700203,-0.07669891451721048,0.24025914606102572,-0.16565536858121813
0.5592431431151498,1.598012615020433,0.6785320333817461,0.8179116551918933,1.489491451399905,1.2990703891730717,0.9271073164911336,1.5873113240122516,-0.01218617675772317
1.167287315187612,-0.07725051553951966,0.02813637122931796,1.6213280743737082,-0.16852533127551741,-0.14931647854124122,0.6496346768871287,0.4593674750034606,-0.25933387490311655
0.4708812531375456,-0.6883833989422983,-0.2981351282726542,0.00985742379657536,-0.020201775518064125,0.08826646074913062,2.278603120426032,0.29105896378075125,0.43262285100874504
0.3318256723192458,0.5479594188194673,-0.6157754884289129,0.5483175088199734,-1.616296967178397,-1.048772094238082,0.04649077593245182,0.10011341460823728,-0.03793880994250508
0.2943919896683455,-0.821742599085555,-0.5420471457909284,0.7923994907880554,-1.6199767715851034,-0.9174693086548945,0.04681097277959668,0.10011641743179119,-0.036911341607528965
-2.653791111245396,0.1783178444829761,0.9906685611902883,-0.0819316159256881,1.607675105805257,-0.46661346358037675,-2.3783989801908354,0.6615662898320515,1.5391347131617643
1.1282077073874799,2.6588917431837706,1.698688636120126,-1.5752582355718947,0.3939982927772364,0.15936524158504584,2.7548666809914617,2.5703839439550817,2.1260805371644933
0.4337157758426444,-1.5354508259294468,-0.28969098851718134,1.1179483788598243,-0.895535437710891,0.8085175168385076,2.2758675279995764,-0.30957374384086184,0.48789112271580126
-2.687018623691359,-1.5083719116118188,-0.5783791648145639,-0.6604680490805284,1.6085188125349235,-0.1929489861020134,-1.844816318555859,-0.5244622090339282,-1.3526322185696307
-0.2326759194173838,0.39985812340352794,0.07862742207762546,0.009486415330268724,-0.01990458824302671,0.08696661529235276,0.3509860019846566,1.537537133274725,-0.030583332065173323
-0.12976233315326402,0.22130885910974454,-0.7376926439882074,0.1935169386463391,-1.6536324825511786,-0.9684428109165985,0.04601099918383809,0.1001352820152846,-0.03808564929566999
-0.1442313704834632,0.8177412193856002,0.8915786700877156,0.20977000494892484,1.6779932163991587,0.006062555713294155,0.2868122674548227,0.6307976568233512,-0.013595047243086095
1.4084790469844302,2.1130019383578116,-0.7291349569385881,0.23167144947630966,-1.767670944689243,-0.04273410213311649,2.889475223703138,0.9279294183083899,-1.3587758212432952
0.22524441851253837,0.10078047486685636,0.3875457736583773,1.4737097153265084,0.9005406162098443,0.1248299222024126,0.6555062957725287,-0.5575412908901936,1.345013387523387
0.3041680848992429,-1.303569262144193,0.07863608178658851,0.009486414652778214,-0.019904584325707735,0.08696663301857324,-0.7737817758795805,-1.2464197126679013,-0.030583826726659716
0.08249761760679991,0.9121969985628691,-0.18827648991656032,1.4739890491117273,-0.7914773251702947,-0.5828656103768673,0.04766701896058381,0.10181869148831221,-0.033901035286140774
0.30777703553020813,-0.11294284702530646,1.0209896383942028,0.2001901965797622,-1.768034421132616,0.15271012822770402,0.04600954086692586,0.09980449888947023,-0.03016409888712405
-0.0702740405371914,-0.7158782535452352,0.12267498807014815,1.7174609018414535,0.11751793694353158,0.19663856530224802,0.04801594787780969,0.10360781838177123,-0.03016178613143451
-0.5582319452397874,0.3843292618858053,0.07862497122140635,0.009486415360620684,-0.019904588268305923,0.08696661518773943,-1.3842391786367387,-0.06034412662633894,-0.030585079638425012
-0.2290690488579829,-0.20461331870355484,0.1647632345458018,1.588049909708676,0.22939558096064622,0.6957715272223055,1.6711503129563334,-0.015338820713276063,1.176978102831414
0.9948398643337905,-0.014826586032296224,-1.5955382929289257,-1.6926498329481707,-0.28957479904171907,-0.025792377501440568,1.972834830758735,-0.5078048729712269,-0.8099701172372578
0.04703367006001031,-0.6863898665159501,0.02048312695915848,-1.6979563025136117,0.1619336372412814,-0.01267744412231675,0.043491238590951685,0.1036989219439036,-0.03127779711145527
0.2495938099402436,-1.4787303432915577,-0.3047157164687118,-0.13355000341728496,0.09868669917819184,0.7197353989692061,0.03934942921083534,-1.4299955799224322,-1.4994525275856507
0.768695646898987,-0.8161496280633539,-0.7100813327473219,0.2820500323333282,-1.71304276702857,0.3808525275389138,0.8872609398624435,-0.10016076775376449,0.37682337951253453
-0.5252488528297165,-1.0735946147757975,-0.8014681109110298,0.009481578150832183,-0.01982359798188291,0.08952073116298832,1.5398522971774002,-1.2404477211668863,-0.008649945026289574
0.7353680880400473,0.7219105200068684,0.07864307614046159,0.009486414011134339,-0.019904580528521332,0.08696665020740912,0.410735625651437,0.5618329169895494,-0.13873980005777176
1.428569138356381,0.45656122358085116,-0.9732296531890731,-0.5102250219376773,-1.7007046444263108,-0.24336263039226375,2.4162774851209026,-0.7463720148283624,-0.5416114680614919
0.16912267180218404,-0.7956924409392516,0.00018085057811356104,1.6953207731602646,-0.2634845732837891,0.648214746154787,-1.4853014453961375,-1.6195615648062507,-0.4805616693911217
-0.3097035919703427,-1.2530308379381014,0.6767555945873432,0.8399300677409663,1.522296343993644,-0.02219278642450244,0.046858662937152434,0.10644987154335377,-0.03132603834248643
-0.03567603171680197,-0.6711941355087435,1.1734648799145428,-0.6294009872801267,1.5989039828213738,-0.293137970818516,-1.6156469342042017,-1.450322623938145,0.3530363754261563
-0.06900260795923673,0.9955950717197252,-0.05288410091281076,1.6554874564403566,-0.42209518556750886,0.025305759816087122,-1.1492167072280983,0.3749677021647551,-0.12165150874065103
0.35380313348061915,0.25987384668987723,1.3778481837662224,-1.1511593878950994,1.2604661362389142,1.069198878843848,-0.11398310918592897,0.3034376572956102,1.1594031772371653
-0.1258915313220386,-1.458839610096232,0.9198759844482232,0.00949503554506419,-0.019936556392942666,0.08849592791092573,1.831316370041752,-1.2843516856405244,1.400291709226117
0.3811388584155838,-0.36346119277945327,1.166232350022825,-0.6161381245346106,1.6261728534848352,-0.22343890388511356,0.04492165405414395,0.10665698940994432,-0.032547240772450615
-0.03395488951258639,-0.4079940171894593,-0.41359183411433414,0.9855438744845637,-1.224192487087652,0.887305786414115,-0.16032839332230053,0.26745841926525643,-1.5439444635197381
-0.6100144825032533,1.213010330317114,-0.5370001990467025,-0.018561782394882532,-0.01835938501456936,0.016737425848052753,-0.2915868911657335,0.8831540896862748,-0.39411085207350055
-0.5485789900178631,-0.624981364096754,-0.042580589953062874,-1.6555189083547568,0.3544278726220913,-0.3725127142700254,0.043558319398452325,0.10407475678199665,-0.03371881217640581
0.22137699955159326,-0.633432457971074,-0.045582418333345566,1.677652880638834,-0.4046466886718568,0.36816603200451414,-0.33428479361991753,-0.1917480649846366,-1.443115236770191
-0.0702917766464984,-0.6943326893369554,0.1024210129636756,1.71357857906956,0.05395645338047171,0.19467921546377048,0.04802440325320457,0.10348155196804797,-0.02995764252901998
0.313262896457448,0.11790124765795597,1.0686028693320004,-0.1768392464247285,0.9414773018844587,0.4037667401338904,0.04551660264010712,0.10524049786687505,-0.029039637806127415
0.30863484696453497,0.14975782828394557,0.762590468801666,0.009538523793197395,-0.01973451122515444,0.08414198343422864,0.04575737227570789,0.10333470490477319,-0.03059892432918905
-0.9765691548554469,0.554569468883866,1.4189726100843856,-0.6958193368172387,0.6510673979706157,0.07215982711183004,0.044820502122515114,0.10468908097635558,-0.03067947732757003
1.6342264880461126,0.36100712565642096,-1.556345986423212,1.6589695076671145,0.36309583884274804,-0.8077134903498294,1.04952230499299,-0.21131013214702143,-1.3374488677129475
0.7991294943599964,-0.4280661855505429,0.03861230451273961,1.2505581419769105,-0.11041841547850889,-0.15574076989002023,0.2713274153924691,0.8838133056877807,0.005812022012723207
0.2596972320144326,-0.46445479420475794,-1.0605457959149698,-0.7575436826942132,-1.5933243755376523,0.106784330221386,0.04473849427680623,0.1001580436629674,-0.030450377342249462
1.2726509573761382,2.61335486693083,-1.658343312297337,-1.6144554873870545,-0.09045442307122303,-1.2652379576163149,0.9890470242300888,2.281867261698953,-2.427115241497321
0.2998812638903849,-0.3349137879609245,-1.058257462793006,-0.6998327264084038,-1.4899518020164118,0.16890083241679854,0.0011531226003530246,-0.3928416008796058,0.2039819769049483
-2.6174659358737933,-1.459920725199187,-0.5386795808986146,0.7983983271481683,-1.6071665677446592,-1.4031761097363071,-2.0897299789898875,-0.4759044357368118,-0.3840909398480675
0.36962575490403266,0.4721612796870597,0.5804722768920162,1.1413794163790207,1.4321840314354963,-3.2281636006364414,0.21959170206993472,1.0718086982094361,1.3300978593968613
1.9715406460149212,0.2858497268609073,-0.6275596303060814,-0.06168566929123761,0.20033295579435245,2.785802807312843,1.1738478569423674,0.392499647460254,0.376419922856947
0.8870291343839588,-0.4520611948456731,-0.11883752419551775,0.45189540400894007,-0.185968360661412,-0.3502034077885293,-0.18426421011441976,-2.0582379821719248,-1.499912124234943
0.7656673086463395,-1.3959506603144465,0.6755531025440151,0.8290404828569112,1.4917429882243793,1.0432675475206388,-0.03844614646371936,-0.5700806945229415,-0.294724175744011
-0.10820695179386065,-1.4690894351556907,1.738650045828837,-0.9310432475416095,0.15346282421163354,-0.28358328798104665,-0.45475359699553275,-0.6988418274903501,2.461423840169102
-0.5930343181698093,-0.22705778222147768,0.6430188456141647,0.9363483767597639,1.4810105095668231,-0.5617244526700066,1.5249536116884364,0.5005525082911234,1.319355625013954
-0.04388344361144641,-0.6696668543084401,0.08411644779955194,1.7402614681311905,-0.0021045109441701674,-0.30533535704811016,-0.22081767494103596,-0.23067966345004237,0.6008314068340024
-0.5730282379740094,-0.6173458346093627,-0.16349904881806832,1.5158326402134294,-0.7291517453174599,0.7523231793528471,0.34649613496730325,-0.7426881451755116,-1.2693439612881052
0.24822996243347634,0.6857716471497886,-0.03423660573395148,0.009234543705925222,-0.019819997817464165,0.08734011719433221,-0.2297730803914482,0.3315264573159108,0.6309353786851027
0.44246550396431,-1.5451169958603306,1.7667090852560334,-1.6572341948534826,0.2004460853510096,-0.21179923160136038,0.4431585582421827,-1.7087448550831317,1.4884581164021609
0.3086288738058372,0.14973129006862085,0.7637058597539857,0.009536935994881394,-0.019738578665462324,0.08416715966307775,0.045757369948811646,0.10333469706717392,-0.030598782180685305
0.3709670554175521,-0.5608192281746655,0.5431121569773272,1.0946759013845997,1.1900993466931347,0.530224336344973,0.19805398101118354,-0.4304957942586484,1.2788136763635407
0.5876161486190296,0.004004671081029616,0.8666820141418115,0.27121186074050674,1.5973931000966703,-0.5426556753185979,0.7827115451001392,0.5090568677375313,1.9619577030246529
-2.3936649534262724,1.6841990564565041,0.373100862616248,1.3685679082513778,0.7864620478613267,-0.2706407151447429,-2.1970333462755796,2.3894353487705557,-1.1174692612195427
-0.5889723393962841,-0.7356444713108299,-1.1488288769627562,0.7249361051818586,1.0042349335605751,-0.5503910583957562,0.046697806814842154,0.10540023282415822,-0.03454533941267217
-0.5094096288902231,-0.8505649954582103,-1.0039055367180971,-0.5238842092083449,-1.45836736252127,1.6405799622794013,-1.6953338586252882,-2.2710941006307177,-0.6542872741226456
-0.6088333772383103,-0.2743896306960719,0.0689276857566868,0.010474303527365024,-0.021061826591535937,0.09020543880227508,1.5074668663711042,0.4455503455627815,0.8504642275531571
-0.05293559210012075,-0.14120161165476258,-1.4177949796829792,-1.51242450978022,-0.812141786259693,0.11655672644125348,1.8177669324024444,0.08901321668573019,-0.3445758458761051
0.9070329399119343,2.6467388977066766,-1.5138351928635718,-1.6220125735591087,-0.5344398617070912,0.4595988482541518,0.06162018204440872,2.270699525098722,-2.0483898078457288
-0.5026919473555492,-0.1043492807072535,0.8711602645562112,0.27685523015586766,1.7133734324562764,0.20837061952368763,0.04611418904745447,0.10683519841327424,-0.029822048152806313
-0.6638760048457797,-1.6411495740566486,0.07863035917142881,0.009486415144496683,-0.01990458720971832,0.08696661996530013,-0.2594714073651526,-1.3308682908596927,-0.030583684815342807
0.6613735556867986,-0.3803725066480505,1.2707031868581922,-0.9060080090417845,1.4832261241512232,-0.060597111182598216,-0.040478191674875715,0.48866078438024774,1.5342714019699302
-1.1256157839367862,2.5148556861421176,-0.5366410949981522,0.817455597081522,-1.6304690026542585,-1.7794983177558885,-1.0034005882186363,1.7706045843344653,-0.6972158480807112
0.3026246085704908,0.33344960599310614,0.36848212384534845,1.0335124618285605,0.576588160129396,-0.5497461594253606,0.047113806595328316,0.10454808686410867,-0.03466561500364041
-0.5252502975970028,-1.0735632328341203,-0.7989028497462213,0.009481341427642828,-0.01982335993898407,0.08945180467722595,0.04575729391548918,0.10333453373236032,-0.03057080706263296
-0.47477219190492287,-1.4124552841357165,-1.6543896511826923,1.0098081414902107,0.029671703629469342,-0.12309090848033766,1.604538534867965,0.02172091051161418,-0.8842191880921667
-0.39558872433789705,1.15181032847404,1.7449047426179662,1.563599899698094,-0.2893514080431703,-0.6567825633398032,-0.8018730397149909,1.9189013911653776,2.078058940807174
-0.12551909118008261,-0.0895956679761172,-0.7394958371770664,0.1964642194492865,-1.740004386479528,0.2046494299026339,-0.18931726354652942,-0.4900115077759385,-0.2854553986682729
0.35453298584611936,-0.3010211304669382,-0.4893751996055017,0.5260587290108785,-0.8705570996838675,1.38092809027447,0.2466301611005173,0.3683468742840307,-0.37613233583182293
-0.6695219194733052,-0.4988216482740588,-0.43615831443516884,0.9697894763476907,-1.3079570262476268,1.1346191688860763,0.23898025075097823,-0.604892933811899,-1.5572931952823883
-0.11358881988021736,-0.15266829909059015,0.287826384338433,1.5045595784086017,0.578592780722399,0.28726480232850266,1.8142072473940594,-0.001060442698021816,-0.9238373982692082
-0.16842281699767353,-0.09624076353687155,-1.647054220148808,-1.5680590573317554,-0.11979256432548203,-0.037574102551039365,-0.11175474563203076,-0.050640503561913026,-2.819197501287288
2.325183032846717,1.645371458646038,0.46134597646115066,0.24032958371477192,0.17091874679484792,1.678895565021653,1.9485168666390014,1.186698873933249,0.706599213885362
-0.4873142017231412,0.17531507815177122,1.4793491530017782,-1.2555831905496837,0.9476041837993536,0.8862992608408107,-0.10671897082522265,0.12237416728805499,1.1677803689481137
1.9370656934959944,2.4424316417027736,1.6376446679456222,-1.4962561407437776,0.5583732982076054,0.3342253529899584,1.3821008867895945,2.4012099634410276,1.5078863993522378
0.40856076702440147,0.12477591854308852,1.187492753553722,-0.6677248588666683,1.5822308162552288,0.5395109756591048,-0.026622666757214402,0.21181673859872346,0.5641031004965289
-0.15906058122970348,-1.2635396316725576,-1.4472587786178222,1.0064792298529492,0.433644992295597,0.8697090681101872,0.12010895631334942,-0.966797431927792,-2.1841717377741108
-1.0590089891199732,0.4850183009406414,-0.389916299781887,-0.09909268097032688,0.10843662771357504,-4.380058401622268,-0.5638779290942628,0.9342548566790868,-0.40227138082162506
1.006605070716645,2.6780244118360903,-1.6394965318648056,-1.6024033411823422,-0.14331241340213946,0.6948587358672776,2.634548342814436,2.4542589995014468,-0.5640320930478582
0.3472918194033848,-0.5592682889497627,0.1159361085511642,0.009829477363595768,-0.01988446650125118,0.08475257794000954,1.3921336811992298,-0.9297311272422508,-1.0028477884127098
-0.40510072116723905,-1.4783250226239057,0.5319641111182188,1.1806276595329264,1.2340644710120838,0.8845773913040756,0.5483995358355696,-2.672746678766346,0.9163367658467901
-0.17692244920814335,-0.19952108440571759,0.9578512578469229,0.011575358566217778,1.6005867238922014,-0.0750266025418434,0.49107750240667875,-0.2851852976683732,0.8500893938661135
0.396310249834458,-0.6341985417488254,-0.04849695391548536,-0.08215552113071119,0.00183347701539098,0.00024448174387210503,0.4558694659880699,-0.19334814186136967,0.3832662073718025
-0.429716046488819,-0.7372129055137581,-1.4367198624204383,-1.5036641708204863,-0.7415091385032417,0.9922918893067727,0.04374631697022905,0.10189747669348305,-0.025586819318025183
-0.1735624370310189,-0.36557587132112196,1.0426023980005912,-0.24781452672812992,1.7231391295071903,-0.10442880176439788,-0.21822461340456425,-0.20860246085937018,-0.4435165319278759
0.6483266757881582,2.3419079407653287,-1.1086962075159597,-0.8778840135724498,-1.5040568952772984,0.6592634006992818,-0.12059915656168166,-0.1621079652007173,-1.1512089648272217
0.2570094068239096,-0.5889239431285194,-0.9961450350082263,-0.310096344438697,-0.922301004110583,0.17292510113575546,0.04533580601327391,0.10152895676316633,-0.030037747805859254
0.4678667288726068,-0.7391714788755379,0.015449029615762108,0.9230938830771486,-0.12555477376643698,-0.08755725323014099,0.04698542619072286,0.10312108433567894,-0.03168650995472758
1.4342460952292597,-0.06083836540487972,0.46674010576618175,1.2087000101992382,0.9951993046753389,1.560180565704252,0.8151517953603157,0.45357576840110225,0.250786499946962
0.2539478324328694,-0.6021352172476011,-0.9978071978689524,-0.2897832470173442,-0.8575135457457828,-0.018833823058563345,0.10357283502006484,0.18433325047848056,-0.4617149805321916
-2.05846371482216,1.7835247206651779,-0.06566179292052482,1.6366922911980777,-0.45716531761501544,-0.6332614111601966,-2.441233722729994,0.8656332055700694,0.5749528093341825
-0.08925684127878322,-0.4363207782021987,1.4012799856526874,-1.1291072876376065,1.1345579285155345,0.450272656940401,0.44568349754480885,0.09640975792264855,0.5228711313669355
-0.473511366241419,-1.1146108938225268,1.1434430979019419,-0.5364613873629683,1.6153744272836175,1.0735953700038643,-1.2722931015269507,-2.494479670837531,-0.498999247156603
0.4344161325766493,0.3555829163379963,0.506660104291371,0.6233128072309719,0.5803989477174505,0.67526300687313,0.41099360504823057,0.22585258169932773,-0.7650424142592508
0.3143997201345346,-0.11949846061339635,-0.8320029168438141,-0.08416693753893252,-1.7716381816078743,0.2095580464902035,0.14756415090106867,-0.05819291279666839,-1.241477348048539
-0.6101453505290424,1.2130328846383223,-0.5381585488106951,0.0025603138030537804,-0.024580858738660387,0.06974319183098068,0.10556700996512479,0.7330096502067848,-1.7567331189504796
-0.33704762167580354,-0.07271504057623056,1.8016846537418902,1.733556742657783,-0.13691961018934762,0.750388251205597,-0.36870947629922324,0.5847928361438313,1.0735632105354727
0.5036826687603122,-0.07609430444605698,0.8368101560926392,0.38371712904587346,1.713263113474267,-0.4813513946260233,-1.144503617158983,-1.143661431630308,-0.15030323785446056
-0.5252495682137884,-1.0735789355225285,-0.8001768930177272,0.009481451472230281,-0.01982346239973431,0.08948597288428078,-0.2369316810263054,0.37405498320678526,-1.407964767918876
-2.624550619854959,0.718720372593652,0.8714693194224041,0.2603226671424215,1.6127615730631768,0.0835565226747957,-2.7921536702996765,-1.0276785828602404,1.2027695333616921
0.2612859987225179,-0.7429811987688941,0.4476322446259023,1.3587408405822503,1.046694754370192,0.571606663643981,-0.011773858008984766,-0.7550059648577621,0.8999892286051838
0.05973751431320447,-0.06122224353222847,-1.5187306288624387,-1.6088912138173586,-0.5138064926170028,1.1079443842084993,0.6273185267063537,0.06472823370091772,-0.681154179641316
-0.6585710722922705,-0.5475573387592744,1.5159616032365395,-0.7095612546811183,0.45806460846782926,0.24006321312881543,-0.7275925376671694,0.7374279306139383,1.3667161774273637
-0.2296820816177778,-1.1154845329021648,-1.1708217430563714,-1.0136842389647767,-1.370489363260128,0.05696889985664198,-1.7007017378521105,-2.1536068713585053,-2.049895059664166
-2.688378285823434,-1.0214106477836844,-0.8575803822857478,-0.15898188281990708,-1.734984892190732,0.23145951312963214,0.0455351686392126,0.09990915346553335,-0.030297020656458805
-0.541606570301543,0.980953513506949,-1.0032036633141328,-0.011954842017616913,-0.07873169041520314,0.4880915181379386,-0.13158556238597316,0.7214942220981706,0.47462855588978636
0.13766369407485762,0.14448145133325935,-1.0411055117330938,-0.6966595867557309,-1.6021824943337462,0.7035470673697233,0.28467515966631574,0.30796262464760493,-0.03202609859811805
-0.017162485443845986,0.2835416068405831,-1.3212647959259547,-1.3503528127189122,-1.061251924788058,0.611870820302816,-0.18635768894097826,0.9301410153942504,-0.5460411701348455
0.22376200559567563,-1.3185668216342468,-1.2418432694740935,-1.18191118744592,-1.2385613533134379,-0.9009338668959594,-0.04158124130930868,-0.356473460190452,-1.048727606506735
0.49822725536401796,-0.6120402787223673,0.6124881905453499,0.9137174704844233,1.2810156032888935,-0.20830248858501313,0.014609740736012256,-1.490147457935626,1.1987517956011051
0.3328564500564409,-0.6670295957262566,-1.3225335496498978,-1.285066745247466,-1.0073137634571956,-0.167865674792388,0.3719856305575079,-0.19909813117735412,-2.0076107680366113
-2.121565698591169,1.8000054226095643,0.03717965741954735,1.627171989130115,-0.14211510303902056,-0.19757687149234737,-2.4860473379477632,0.8031592405407967,0.6274241726208906
-0.495197199781399,-0.030286123351760213,0.8687213910978865,0.2849621645169986,1.7173706981445795,0.06560160838249014,-0.9300572559110274,-0.14305663650952755,0.5224703091394426
-0.3663746018088513,0.08783453080832286,-1.587562509241256,-1.5861648445485583,-0.29581765572412133,0.45467441926536123,-0.08540643548310344,0.12151143264225439,-0.6631847463203684
0.7747448161332596,-1.5691398996272217,1.7304465226021668,0.009078121407952595,-0.019811620644314323,0.0865112133217647,-0.02219110266605186,-1.2099774298666857,0.7965025997851214
-1.533667607097266,0.8727393258156945,1.3784586074056044,-0.594920210632921,0.6437227285817553,-0.46182954803138493,-1.951112706782462,0.7837359521257,1.049520810034697
0.599620842151907,0.07628457324666142,0.7583563537475146,0.56312127312362,1.4983599664555276,-0.8666739712970245,0.7854290842066611,0.560008763290138,-0.8134619480030714
1.9687872111720086,0.263923417101534,1.0956334574433415,-0.04210568550194671,0.17933893737423376,-2.55769243393056,1.5895622976137602,0.4370932712475929,1.56869130356114
-2.646892842198709,0.461234335672784,0.8984485618279219,0.19415221284998166,1.7281927898706158,-0.008750628807160276,-2.3032450635529855,0.7134308860826644,-0.30934105850950927
-1.3800356453494396,0.6966121863731745,1.6321714272386139,1.3951488296606414,-0.5677481143956632,0.2645787069288136,-1.154157086863138,0.984118938733266,1.3432548541779454
1.4471238141949614,1.0494016173734213,-0.7882426675663496,0.04984200943540775,-1.771867837734937,0.24693750683789065,0.5555072535420392,1.9433118333794985,0.6761657006171536
-0.5252487613651586,-1.073596650368482,-0.8016371902428542,0.009481679296545437,-0.019823444502313377,0.08953047387439209,-0.7624187206037646,-0.6406695883364442,-0.0037207026915661613
-2.727259661366022,-1.211271321943623,-0.7691792427262579,-0.09101598954257799,1.7541181757266688,0.7135057944386093,-1.9690802460385681,-0.7313627075352179,-1.8614809560307304
-0.28881066143483236,-1.1945451085744572,0.6748835458033643,0.8127545979396473,1.4597671587418373,0.19249177693511008,-0.2610706279084663,-1.3329998518875228,0.7494898723566081
0.7012216376733322,-0.23520087380131288,-1.404314306183275,-1.3185560917343313,-0.7523485822707716,0.4615256950189106,-0.7022406573313542,-1.8895300878893833,-1.136958552259072
0.3955077595876332,-0.6695410142040945,-0.8765978032442944,-0.1631055339714011,-1.3242991956659997,0.5924239502431092,-1.0679152387042892,-0.5553347670556366,-1.3397627886525882
0.31215738257285786,-1.3042599295219537,-0.86061298102337,-0.15989394152597322,-1.6501041434911146,0.5366841246186416,1.456422166906634,-1.4998467347170945,-1.6471545552746414
-2.5968282892325463,1.163811985108683,0.8744136660734567,0.2679304860082051,1.7233453343017706,-0.09515467932793983,-2.104690993110169,0.6636900260562549,0.21130625934930725
-1.4920982173569561,0.43094585594546087,-0.08982250005949739,1.6261392263028904,-0.5335074693659791,1.0214874006900216,-1.14511741544097,1.0491505786811175,0.5670025650505183
0.4601342581067643,-0.8584191552708663,0.6904443429997084,0.33441451543866546,0.6224754790221442,-1.1144799971985284,0.046125918865368605,0.10446394600564336,-0.037802810789130885
0.70073254079128,0.26822736931264746,0.39296819282534273,1.231151372556952,0.7662105726687868,-0.7394009262143562,0.2271648813417142,0.03171355305196251,0.16438890519717062
0.17469687657420507,-0.22729872139112978,-1.581901098770705,0.3883553464368211,0.048016023518933436,-1.1579482604054387,0.06637242393545621,0.48327287665113167,-1.3829638062890448
0.8134570500992415,0.3166182265908475,0.053115995486499326,1.3697724757292793,-0.083007660518224,-0.21018388365707333,2.410917410752631,-0.7145928796619592,-0.5131773371590399
-0.15431157922247574,-0.1755430638069711,0.25669311887538077,1.5404419794553235,0.49467751072766175,0.3514189963138203,0.09473250364426435,0.17320039683164068,1.287160525538851
0.3109363673426063,-0.4058249939852298,0.8716905979300857,-0.2465976650040307,-1.6895137624696075,-0.5354394303283412,0.045432382297880644,0.10003440487213934,-0.03359040024226291
0.7255183120787717,2.543814492600877,-1.1970764765765765,-1.0714986505554243,-1.3153734860880923,0.441187611020468,0.044343806781847066,0.10077419139419522,-0.02776929149659577
-0.039285479458502366,-0.8692483887299398,-1.452993599820815,-1.4994652542325417,-0.6865104684987159,0.4273129422155327,-0.6472095008522829,-2.590891435349832,-1.055907850633292
0.06023433866603708,-0.08114232643300064,-1.622691995131397,-1.2049410777697236,-0.15095476909372255,0.13689991723222347,0.4818257683083338,-0.6192813244214729,-2.2801486665646324
-0.12450358075311903,1.0273601424508325,0.8233405941957472,0.07502826159549186,0.25904659973786626,-1.292891800677725,-0.5117053426650358,1.9283741037287412,-0.8377831113644229
0.08246908832079786,-0.6838178010888019,-0.12252656153002993,1.5909430570536764,-0.6238970366892446,-1.905702883355517,-1.3147206748416098,-0.5446553812311171,0.9044191291064038
-2.5686033390279976,1.1395163588445165,-0.7195595761127151,-0.07252659477489397,0.5526269372412959,-0.27895367202196564,-1.7796531650099328,1.2399362387687105,-0.3567454042916065
1.4530068112536354,0.6480496625919295,-0.8466343653709654,-0.12904375043821453,-1.7770220962919812,-0.15510276800377606,1.3684186682863864,0.1938502892425092,-1.2974815926964551
0.229412960713035,-0.631139923693567,0.23356270755952344,1.609035059896153,0.4438980676995736,0.22676939373549823,-0.5369970046511253,-0.29013540854406566,0.08927411533129335
0.5392442383316749,-0.045355895019135437,1.7733748279732777,-1.5676515731682021,0.1691132435761284,-0.1747360131999862,0.20339317342099314,0.0651459535270386,1.6930385974440243
-0.276558733446633,-0.21609440343577777,0.33121334631427735,0.009532278000413877,-0.01986270502204343,0.08718957401107516,-0.6840262481400256,-1.8784383257824846,-0.12704762877495157
1.5837850144805254,2.545657491217152,1.8257008728016784,-1.7057913855732119,0.021554104873944317,0.2209697048462535,1.117115523674596,2.1510059099138923,2.071657639308912
0.3520200349266168,0.3643053268555953,0.6216847719499555,-0.04232552684874093,-0.10164885372611612,3.3449894764407806,0.04568092109340049,0.1031608696130584,-0.009385807330697679
0.3670036743028124,0.3809441386050666,1.3106931285365848,0.009429026624856202,-0.019824151070556913,0.08934387840222716,0.045757250985443365,0.10333450048579466,-0.03057202112266754
0.6174762464079461,-0.6144561500369213,-1.018984475621381,0.06604423211967934,0.11520043568966458,-3.0981142206543124,0.525113723983279,0.07132105810477064,-1.7627039198011412
-0.43520125159316314,-1.4150279005543225,1.7245485267845284,0.32161477003966543,-0.08667326207789286,-0.3565710520661407,-0.6926063614276169,-2.4447099531882337,2.1315339778762934
-0.05697479031895633,0.9870540342446555,-0.15123061401320162,1.513658470968479,-0.6894127991384941,0.715747729772562,-0.9769407790850022,0.5785425175957988,0.7257898915125983
0.37142034342286406,0.37969750514115247,-1.4381350845926881,0.03985842632335144,-0.00815978979325609,-2.7298323606352346,2.1077904517576855,-0.6573425699329201,-0.37346995873420125
-0.562012284311853,-0.6253289162937145,1.6201513760275001,-1.4801251141457745,0.6070097478327249,0.21879600264200927,-0.5819557536877038,0.5850503731343626,1.5583381691831708
2.18766156587659,1.5396890409813215,0.9470901156565974,0.04529707792466517,1.7397655321069145,0.03939423417495467,0.18883888678927865,0.968831141440642,0.5206323951144491
-2.620699683338209,0.7580099465415243,0.8766189376233356,0.25992308842904754,1.7142676423867065,0.20778440461109474,-2.227037301988287,0.7367216365923006,-0.19163163980360326
0.2698536090454885,-1.2255628200244961,-1.107317640062187,-0.7863843662552689,-1.3604489132244528,-0.5059323396894055,-1.2453907077270754,-2.457154307924825,-0.8579980978481726
-0.5432541150542399,0.9710879542882542,-1.0796023150434537,-0.024046172773293985,-0.08271517527979531,0.3573630437236393,-0.18691433180185268,0.7088143457064383,0.42696388292504345
0.1350460659826866,-0.800624763304943,-1.5732805977304907,-1.6848309989540513,-0.35944928452643865,-0.17934766964128823,0.42903867993120853,-0.6010273598292889,-0.9073621288714052
-0.1243601844767652,-1.4639412221156969,1.4560084983868384,-0.06710168904215856,0.04007097546086747,-3.1759756548893305,0.25779972162052806,-1.060532481961798,-0.311060367450702
-0.14305051981274505,-0.06645750026910942,-1.5465614361514852,-0.6765172570402345,-0.19125680096850994,1.1884102059536472,-0.14176672574093394,0.5610966040913238,-1.0498120170803469
0.6109386783267242,0.4237120330199479,-0.5564562822900803,0.40074288529410773,-0.8726591562894636,-1.0321736247162991,0.3703447279691203,0.36947301505504165,-1.102561330354455
1.213680287353573,0.07676099509407727,-1.4359778578945916,-1.5396568675888203,-0.7631420179258326,-0.20088693004841968,0.6986231021285664,-0.315108997303792,-2.4133124494979223
-0.3028796572351246,-0.10903328574429384,1.7890699646073243,-0.764102266599054,0.04963544933847329,-1.1345760264230018,-0.044062358545945195,-0.052160287386570525,2.7301272593896333
0.6984092956978762,2.4445553245467493,-1.225286689429368,-1.1592793016948388,-1.2853235089222759,0.6525604704820926,0.5654007645145074,1.9106257802912623,0.12013067655649882
-0.7480038479714703,0.4135591652656396,-0.8770835779194099,0.2434130150606303,1.7448593103368297,0.8600274362064566,-0.9157647450296665,-1.1679481375304335,0.08077336730690299
1.6740554169943487,2.64409085569072,-0.14834724321427067,-1.572150305543944,0.6734479823577018,0.1343136969794685,0.785412474870412,2.1713472700743863,0.9574313589104907
0.12128462097372104,-0.6951354813447157,0.1005222440923565,1.7287340651840295,0.048888251032525545,0.02159282158896314,0.04804054025015557,0.10347490843170604,-0.031001431978442302
-0.031968039555097694,-0.84738989965226,1.4069987541568112,-1.2289667929075514,1.2088011057786423,-0.4707114606797091,0.41336151437097096,-1.140878818470391,2.311642888541733
-2.726449000467101,-1.0461320728019963,-0.8408408799810453,0.1233487607847435,1.6299727912032227,-0.2737367260511513,0.04590393004350017,0.10665265816962423,-0.0319607545903236
-2.191563348851467,2.1008164099459474,-1.3242206991269219,-1.3674618043483606,-1.063069285211268,0.3010156349194383,-1.3528878183804365,1.7585282948492964,-0.4134840490299081
-0.7206180549246556,-0.010805211706798558,-1.3318468916787833,0.1051379430595964,0.04995832664695846,-0.5077646649183357,0.045954986801235574,0.10355742925468657,-0.0350963194476651
-2.1527040474159786,1.801249684289369,0.09004009324645718,1.6467643247720307,0.015006997482122237,-0.6114248802137572,-1.9024570896206947,2.470118679942892,-1.4067254985312923
-0.28269679700628697,0.33564607965204496,-0.5949102685322999,0.035832256885915285,-0.08398278395265361,-2.2018036617830146,0.04580336267625917,0.10317308987517423,-0.04899132092490169
-1.760334566288698,1.8701401878229678,0.7739666538867377,-0.3383853974256912,-1.05639647948301,-1.2475571871791455,-2.7166207258635366,1.0357303021126305,0.14666885009608946
-0.49157277179065506,-1.5893458067715325,0.3374507790151184,1.522768931231551,0.7493542195530716,0.9872199862322208,-0.6052943702124411,-1.7740674653134823,0.4618316270089391
-0.1886278234910846,-0.05961900641548919,1.8386519827169652,1.2045185520526343,-0.020985656165821796,-0.901929952994361,-0.2763305621381351,-0.21962590729888934,2.46789720141584
0.0059768240466677005,0.03927711930957501,-0.05328375604036657,1.668590774767141,-0.4273375126530589,0.5338538210829192,0.5331582159754503,0.3017282257242612,0.8330683092390673
0.3084554783561221,-0.7060975337324892,0.008295941307155075,1.6180697593226967,-0.22725663075331437,-0.041869617699744205,0.04788021766497033,0.10292047328500084,-0.031121170651201593
0.45482137396699845,-1.1300064322059629,0.04522469955796429,0.009568396048886487,-0.019911869361116854,0.0854061911379933,0.5263358820783941,-0.5153884269956,0.5217171289245899
0.7588421435216712,-1.5682888006015696,-1.6743178400661394,-1.4374959860848961,-0.039324951007844146,0.04264358878796973,2.2149939997173167,-2.229106517953568,-1.6042094611481788
-0.3156967358255118,-1.3104750608013171,0.6354640912060778,0.8896448605412944,1.3624395939502663,0.13770663769415833,-1.5590550896554047,-1.3349911570309905,0.136158704645904
1.7224616280280118,0.6130706932297301,0.13506812487622724,1.7070561260507209,0.15494226637536299,0.5249213046603453,2.05027644759106,-1.1117072394108543,0.7519688771049107
-2.5632424442814408,1.345136776603607,-0.9072913066808207,-0.3096488893657991,-1.7248268374951632,0.5914383362684035,-3.315462409935138,-0.5647922594212271,-1.2554559021350484
0.6315177073824382,0.36714485986817036,0.2392979158368089,0.12643557441856568,0.018609161437200848,-3.333713566307417,0.31986886733555286,-0.20687933882289428,0.10381635493459361
-0.16853546404886516,-1.2310903046669608,1.7832955732725975,-1.7497539227290597,0.15698201055120592,-1.5641466648705116,0.043469789406506594,0.10364552792710763,-0.04033498437564677
0.10331406699923484,-0.8564660159038987,0.2185150536843363,1.5619136244951537,0.3842283573968293,0.5262384134044286,0.46911350891413894,-0.47397503395347457,-1.1858114570122023
-0.10552054840631077,-0.3421719110375349,1.1336951227292116,-0.4717594243242543,1.5040970600700672,0.012345659717635866,1.8579526655649108,-0.4085729958863286,1.6581475499468668
-0.2572093495106033,-1.1142403012566187,-1.6055285254376894,-1.7048943836809893,-0.2599513499993592,-0.3163968934165262,-0.24378469539435751,-0.1004279082640216,-0.4743482942899207
1.3728110592611762,2.587136635997925,1.734416365091239,-1.0757618462674128,0.1895598283376912,0.22881102290957137,0.9338286885325027,1.9525216886869068,2.202459695740963
0.3486250806079844,0.3617962646382027,1.7406679462317263,0.18309557376373684,-0.047217563497334476,5.1359005880268,0.05977705369459945,0.14926590356637212,0.20126062012977447
-0.5582320039329445,0.04674992864048172,0.07863205565182332,0.009486415007528658,-0.019904586413790455,0.0869666235672101,-0.41208575874475417,0.1033343946958507,-0.030583903780118316
-0.4822848190921219,0.03895752408607092,-0.0629882109952814,1.6835018542276416,-0.4596755356341821,-1.6038862607583633,0.13047867612962147,1.281891931932599,-0.18518208822530557
-0.5199540513681749,-1.603547923191302,0.2985410995422573,1.5770527466427875,0.6424957531450002,0.8604436445612321,-0.18435313559180463,-1.752432308283268,0.22461482229263433
0.3668819663597264,0.3812081918702552,1.3176712643754218,0.035494616878136036,-0.05731949006281739,-1.1895764490801577,0.13145050421590446,0.7281871266777658,1.8744884290267585
-2.345589388404268,1.8680744843740347,-1.2245963592570306,-1.0807074961317082,-1.204349693452631,-0.09059258373209357,-1.8054224933483183,1.789803751366593,-0.22932041156715316
0.4593150577198375,-0.48958057493336143,-1.2778728011885543,-1.0997347540965114,-1.0146428487473709,0.7161795782711993,0.42419214428648916,0.10560650090418248,-1.9574114966057232
0.010312145040470096,-0.08991538412087735,-1.6242325042571442,-1.2810784572254916,-0.15644617880688214,-0.7204040129082301,0.7159199756542687,-0.28509420985867095,-1.1824290365572712
-0.24507548845854724,0.1409178342728665,-0.018320407457477643,0.8949614604386553,-0.1779884712104555,0.05191073100524666,0.24012670252056262,0.05660845173372783,-1.3043891536541317
-0.6403113271696529,-0.9987289346121148,-0.6631814312048407,-0.39111025260614907,1.6083991349233735,-1.4113310843135995,0.045195775630000795,0.10666264575740822,-0.03912175521572498
-0.05955874555007823,-1.4771794349043348,1.8240658313722724,-1.0946996886803462,0.009467197184288676,-0.3618244556239673,1.867091085769469,-1.60055324549461,2.093682471873016
0.30984503068787783,-1.37964558378466,-0.7875223877622199,0.03442036825000906,-1.055378585239679,0.4545877648102851,1.467765900456202,-1.6155596295466434,-1.5522453253749053
0.3206252028223616,-0.0204197844745316,-0.7527048397544444,0.1491366281352756,-1.6566301302928879,0.19999708890159903,-0.17549518730326064,-0.16928445051775964,-0.7397755697297731
1.4237247044283905,0.25503544543594114,-1.5214587672216102,1.645476414759595,0.4712417888941309,-0.3938462536490022,1.45524074057836,0.04377236143033393,-1.6941507094559185
2.364709873908671,1.6651281026229479,0.4409234669606599,0.13989899213552223,0.08156481291085912,-0.649229176404427,0.7278019826594841,-0.6381192968038241,0.36051113468713547
-0.6112570195140222,1.2132837804575853,-0.550026995727108,0.009720745329339545,-0.020820601944871873,0.08753477724012351,0.11195953443894464,1.1914519334726446,0.1938105878231674
0.5955271541839103,1.9550483009199722,0.969568247433371,-0.023504793033931996,1.7353071252235286,0.16291310768448417,0.5621676690244048,1.7402563302946985,-0.42660397314666026
-0.3250372029208778,-0.6925886449509693,0.04854440523273411,1.7013774810740898,-0.11289830155298913,0.10224375833114235,-0.5982304449720137,-0.36536734683414757,-0.03336466123184599
0.05384745313514581,0.34755386878614597,-1.4531908526220458,-1.5545448690956212,-0.7098011139347222,0.6309382101517713,0.08506923469100823,0.6718136830454583,-0.9177544418881273
-1.7915943948446296,1.3215339336773986,-0.6332949341593672,0.520332894466101,-1.7059393998915802,-0.171073873907259,-1.2825873958571576,0.4011187995216629,-0.39662514615731975
1.1044582511571075,-0.07185318855844904,0.06579034867595666,1.7276663411611939,-0.06005013629761453,-0.04886232207318006,1.8292620031775706,-0.4412838045717991,-1.0693323031013822
0.42596531673359683,1.0847231325672366,-0.2648184380967081,-0.105353341907625,0.06309531003669877,-0.44418449882272504,0.045526178213356486,0.10358554925657425,-0.03523764641999698
0.09186283734342784,-1.578224269363258,1.8204389701135613,-1.7133072917781311,0.03815421778319391,-0.05063841792499917,-1.4453708059630488,-1.5047216000124861,0.7912894898471303
-1.2299774592623607,0.4540728386712492,1.5774034891986153,-1.5355100545494629,0.775340963067666,-0.29904038991587883,-1.4669242825400424,0.45838973209360173,1.2367087740674814
-0.47952818114378154,-1.092747162683088,1.7932233151258348,0.009523221750969249,-0.01992279082559561,0.08947754597432549,-1.683664426265093,-2.43199702587292,1.5987322141837752
-0.0362952002969752,-0.10208653008559687,0.3105134851845334,1.5776999611012523,0.6843530361730741,0.18134428921025175,-0.5391484001454555,0.42551389359889613,1.1881774846662032
-0.2673135842781501,-1.1913989803690221,-1.1692820775485808,-1.0408245722389324,-1.413926144321486,0.038238903128364636,-1.697940965269804,-2.258810667669719,-2.071309954708573
-2.6580271993975972,-0.701204884295757,-1.001707377770524,0.6147871210108395,1.6382919739610797,0.5154453415254493,-1.4041474263218927,-0.19654430805536935,-0.8890685936568846
0.7630144422782341,-0.7117261870980761,-0.8004209223489691,0.01205703262147999,-1.7598979001453752,0.6859096333807465,0.5617202481927684,-0.4868135781624983,-1.552740781423309
0.20930941740241218,-0.770970902875434,-1.4953205566577505,-1.6325182285434088,-0.6004771560478447,-0.5432386309468675,2.1192281355565283,-0.5258446698664968,-0.5868214731953881
-0.5896587458457587,1.173138816613926,-0.5273474665111271,-0.570878630897477,1.0937834345680137,0.5614174072032041,0.026350544943922426,0.7611909624417345,-1.7625241867060086
0.5760984446956539,-0.5818055772948354,0.4072681667426137,1.410670110298607,0.9305622423190103,0.7434987921819647,-1.120741457586586,-1.1946191987687864,-0.286256105006512
1.4619403302930618,0.6172594740401648,0.07862626246664149,0.009486415366747582,-0.019904588403476912,0.08696661456956432,1.475753784748611,0.5042279978236291,-0.030583506426793552
1.4727524126164833,0.011356456551256191,0.6542563541267825,0.8857676715151002,1.4609411211678436,0.9782484046160912,0.8579965121365543,0.5046213890992842,0.4694886846719234
0.3247949612447218,-0.08778962042132901,-0.7436161427908977,0.1754922653840369,-1.6567106368220201,0.07972565394292984,0.1920682500962007,0.6389660354291096,-0.21056628232427066
0.6238894199436372,-0.2812611778411279,1.2314598750293388,-0.751779866389176,1.4499909373696582,-0.2758604538204348,-0.47670867684075663,-1.8079595762502,1.4214999996477964
-0.24062704637256105,-0.10398557430673853,-1.6427080584790157,-1.3466978983349722,-0.11639118019048912,0.07240493567231071,0.26274239138725025,-0.6432584628511013,-0.3999410302559295
0.5073564536593652,0.7735400924565559,-0.09694790373126379,-1.5149649899585367,0.48502686546274754,0.6312776607889597,0.4955676257292685,0.5220982211540397,0.5297400448610663
-0.13894771265696293,1.0205949473467384,-0.037753549367266714,1.654253229611488,-0.3739464360604197,-0.11151144244421245,0.047948294094822076,0.1026224078922161,-0.03185038031738334
-0.1722795567180619,-0.04064353482179325,-1.0484168716608229,-0.6358106582453341,-1.4184062441641738,0.21540053802740988,0.044881468637876544,0.10045747321824056,-0.02958152463035853
-0.22796744727034937,-0.22681582950309173,-0.6677182563859353,-0.36878442942077466,1.5696849100896795,-0.5078119124437309,1.4897826307131525,-1.458364395078434,0.4270834373684663
-0.5582321021700188,0.3843307092575709,0.07864391186098128,0.009486413934017479,-0.019904580071837763,0.08696665227472314,-0.5647001056675326,1.289410009275627,-0.030584731136703968
1.0117034797320499,-0.07002754102345732,0.05178588417981486,1.426534090392367,-0.08957509260515888,0.1734919808489163,1.7049037973133179,-0.3416361256702947,-1.1410638357711387
0.6174549455900261,-0.6053062421629841,-0.5502400754564074,0.05843676806598045,-0.11637550356866336,-3.5240094879871315,0.7614133848800029,-0.45355060611045017,-1.8695595380704677
0.20042014200744956,-0.06334655888404965,-1.645162330770182,-1.608064607486588,-0.1277665542727093,0.038780072235298065,0.9596835088988187,-0.27903304063243217,-1.4802887140553531
0.7944943685850203,-1.1168931619983535,1.0304805261473573,-0.20737146720752836,1.706039865781058,0.39501498091820886,0.6593674274030826,-0.5714824857929821,1.9341404279198153
2.1032443129861917,2.3012681125571186,1.4751698939924844,-1.3523481950304803,1.0371737942871275,0.42332273984381136,3.42725093435105,2.3278520958352016,1.8860577568126697
0.6196049066672161,0.14033723461758887,0.6494104459736666,0.8692710720123129,1.4094768417356327,-0.9844886901734382,2.3281711499117814,-0.5390359933058478,-0.24215228423772653
-0.7411853243994686,0.6463379840564953,-0.8043316562136503,0.018168813977138123,1.7361444501467789,0.06688549236679084,-0.8849087045318877,-0.8456401623267253,0.038733942201401486
-0.5623478150182456,0.923920260642276,-0.767017956586739,0.0243401828598358,-0.21477720300663983,-3.3537344510796285,-0.22664806268021037,0.9320415755232303,-1.4000804492317112
0.2937886872149648,0.32519811651145897,0.39086473357673435,0.8724221658729246,0.5305547203400023,-0.41707785933680547,0.04691655160081818,0.10446732514949172,-0.03357333142458868
0.2887618355930922,0.807321021518204,0.06809324637859139,-1.6069240561072806,0.011177165021211004,0.08726399917940356,-0.035287572705529575,0.17411643444170388,0.8468320209738428
0.20222422952961636,-1.320907049589704,-0.761950251422467,-0.11045077508338606,1.7186470847130157,-0.36055047964884435,0.045589870369868446,0.10684019601685915,-0.03400448097640618
-2.2043124436326202,2.0856670590101385,-1.3109128413954223,-1.3300902595288004,-1.0861457080423713,0.4187686356102458,-1.6729533634964466,2.237371814434763,-0.6044103043083381
-0.07765101518266329,-0.6599495396499627,-0.1644902518068425,0.020604228160904552,-0.024836077525673156,-0.2263394502881651,0.04578220009871997,0.10331799436470511,-0.034852375685702354
-0.6106963560783649,1.2131555766319242,-0.5441842694878783,0.009077794718591508,-0.019870729341068143,0.08591516668719787,0.08545336360205626,1.1034556149343526,0.4739750504515391
-0.11747887868119057,-0.1985816600510135,-0.7363621192967373,0.1826775323183453,-1.540574117609052,0.5180410081806384,-0.2194660212003694,-0.6041679880595875,-0.6749346372187834
-0.5582320167721786,0.046750047059375806,0.07863360530755308,0.009486414874164423,-0.01990458563140562,0.08696662710837119,-0.10685704582802236,-0.6083110709754096,-0.03058485268454488
0.5643486202864013,-0.01855614639390012,-0.02803249789412249,1.7520284643167985,-0.36041811138247093,-2.0569050448794863,0.1960667172471352,-0.16107063760816323,-1.0729990179790532
-0.5459629400484173,0.38055809452798234,-0.24238772078531876,-0.5606740620968882,0.35783374642426663,-1.8497739809756404,-0.645153470366413,-0.388603185647196,-0.054688201976978025
-1.0122582587755928,0.4886680704962682,0.046232283041880505,1.6379067293949074,-0.11538626925469553,-0.3299219460317707,-0.278670841433425,-0.21655817175929878,-1.2356996280553434
0.9001707779945093,-0.5249508731410253,-0.8031766131214682,0.007618649208040033,-0.08163346909782064,2.9576533498829427,1.2246160986210324,-0.4406563667752423,0.027828565216625994
0.36476681874490563,0.38603100744439967,1.2757992107299616,-0.38748190168771673,0.6151650125985735,-1.913001828026085,0.3494142134829288,0.22148787709657244,1.9758381577370079
2.2178249432012698,1.2425637012593462,0.7365791252217402,0.6358968884857736,1.5101445955494537,-0.11703140690892463,1.760219891547549,0.9867491015922799,-0.4452241225277071
-0.2638977409229469,-0.15188501795455814,-0.1717184700133342,1.5519256122088896,-0.775803634546205,0.3644456445775814,-1.4390699840129906,-0.4576599699345982,-0.36317911194621333
0.11914095471090368,-0.023433707300577325,1.5177829216171213,0.009176236367615383,-0.019716348321613515,0.08496500647216507,0.04575693042952133,0.10333474862326765,-0.030594295443251495
-0.23791786460876665,-1.0497977039924151,0.9731918027787406,-0.029697605501261624,1.6009516369908374,1.3977024249415801,0.2275153916527239,0.359506533840383,2.0305828140543807
0.5607085264569069,-0.7577587168841186,-1.0064998367541393,-0.5776714944920514,-1.5889907804667405,-0.5036820395732438,0.4534531522373043,0.003034881614004054,-0.4441897111279042
0.11864460830667388,0.8684160968948424,-0.23239729603639497,1.4781152891985083,-0.9505680810078968,-0.20910742997117004,0.04766373750348525,0.10150462296981612,-0.03202201422758625
0.5327269924517091,0.5120850113821315,1.721806339154512,-1.6242816554884427,0.33285050659043547,-0.6001756994128798,0.043554305910709176,0.10403943196484011,-0.034916288514009394
-0.23164823811834123,-0.7955944800250178,-0.16948492991482583,1.0865982002411811,-0.5414720339229522,-0.1582812295746374,0.04720328727922126,0.10227286730774628,-0.03180220883814717
2.3481155299332648,1.8254608606904845,1.1307874816333523,-0.4988483245854672,1.623686077407557,1.1793301393426094,1.0619708485319663,-0.710848261172771,0.9960438480002175
-0.17686670004062027,-0.05595565990807652,-1.0459657825273858,-0.57591589135666,-1.303071471350171,0.1706315830456832,-0.24382892922073085,0.9807978819740435,0.1065899226278684
0.1495077182091244,-0.7333851642478494,1.7685080181463615,-1.6991053977152502,0.200553084477289,-0.014018672447243094,0.11618983394543135,0.12313809162192056,2.1880625258002024
-0.6965597541951677,0.9587833788580995,-1.2184626355895436,0.9189294931930925,0.9892599670008538,-0.6587090339656206,-1.3673415324665645,-1.0471134843537957,-0.6903353282725245
0.3127251015145001,0.0962899965653435,-0.7613542867138037,0.08610701898454494,-1.111031780299628,0.08456869682984174,0.1313636877598391,0.8911732927120039,-0.03633358381152203
0.28553661686967435,0.4248613833861411,-1.3038155641695233,-1.330616943226388,-1.1147879427497787,0.20686586634392864,0.09628871322075112,0.925596879933562,-1.2970599497043522
0.8226749940220008,-0.5322023940467305,1.800075095899118,-0.4119146224298475,0.013696639151667111,4.06444029976813,0.09434537503264954,0.2808686079939419,0.5573217913678405
1.4619403502131494,0.6172592905953675,0.07862386147013685,0.009486524430895121,-0.019905059831102835,0.0869644882054515,1.0179105058702458,0.5042281523876857,-0.03058551245750893
-0.5085876810121397,-1.2971279053300186,1.4636612357589254,-1.186236475390166,0.9487526070857657,0.6049573558575526,0.04412394726173172,0.10535930315196429,-0.027954702178295963
0.053118190778182535,-0.4565988737029619,-0.6206192570237636,0.5617873472878258,-1.7052806218532222,-0.5536043804670266,-1.3111675383957373,-0.7165882522703755,-0.7633842842197054
0.18501417839148243,-1.370271000110013,-1.336686433851378,-1.326425468682982,-0.9872328495570991,-0.755895229519632,-0.3479203983672536,-0.7100475114094996,0.17070825365256256
-0.5661908621747263,0.384203007296416,0.026213109102818596,0.85739967294305,-0.1007804919489901,-0.3896713721083907,-0.004776746504729964,0.34308283895027825,2.2063198406789792e-05
-0.2526609507319163,0.10574488803110385,-1.6453693136989844,-1.701934198321595,-0.13302022777338762,0.2597271847028087,0.25451177550038606,-0.49581999548971906,-0.5183268929041622
1.441823705265264,1.6633046041418185,-0.7548646748739987,0.15289979257908343,-1.7749067239133853,-0.06068980070358219,0.5224006438024825,1.0536160014938478,-0.7832357886196823
0.5672275571486415,0.5029026834985619,1.7651808333016181,-1.7090654775808471,0.2119178167779258,-0.4328758813691783,0.21870562067950783,1.523119631106047,-0.01181101903160929
0.1346538147949484,-0.05181333688049172,1.5964786982131154,0.42606221048297527,-0.2156581360928744,1.4984926068724542,0.4335052867916278,0.06625330030407596,1.0307853547792902
-1.7344875703189544,2.1609319073632838,1.7483897057609368,-1.6220602164563855,0.2510415839278173,-0.5008349138928518,-0.8943796375736496,1.6633066415656326,-0.040877504028119994
0.5246092566566947,-1.5431146779465668,0.08393261534478366,-1.719394014361838,-0.03640387547964053,-0.729473579039776,0.029564594686943276,-2.0833806598645155,-0.45032735028336873
2.0985519326746758,0.6568264749471031,1.0868305156080906,0.40350920198208473,-1.749915379351979,1.1601855506413916,1.3079792601141615,1.6058518843490064,1.974062342313017
0.40619146150800706,-1.4938591275086892,-0.2364725670504471,-0.8530138676920679,0.5358970063662608,0.015456253779733012,0.2489674018309516,-0.9299421613402985,-1.4347193636033504
-2.661299158714611,0.4091651843400271,-0.9515665661926265,-0.449121635084172,-1.7310010406550234,-0.4569954420420115,-1.4662638692196537,1.1452472522406898,-0.151952740994716
-1.0989568986722258,2.5650959604239074,0.07863424340961025,0.009486414817896865,-0.019904585300196107,0.08696662860755175,-0.7948425638085619,1.872959365676684,-0.03058284133761517
0.07019540310549408,-0.33309959177247145,-0.8003300835866957,0.00593487692898868,1.7348708690113934,0.03952445874321154,0.04575181473492849,0.10687786041115152,-0.030890184871113613
0.7620988255583608,-0.8481853284873857,1.0757350222904378,-0.32752078810785806,1.6046222953454823,-0.15745351456950216,0.7551093666950733,-0.2886762935789902,1.9294223286014553
0.3510920134928481,-0.7657189994953555,0.24576115949290384,1.4229290547041984,0.4234680697034229,0.862886671961023,-0.3278315053804081,-2.552725861388441,0.4455036836746741
0.2328017382169242,0.3746218613690218,1.694987882377183,-1.5677095976992652,0.40435483694622876,0.8098436542258344,-1.3222518010546793,-1.1982443382054524,0.6627952103999031
-0.7052242671986004,-0.3830541016822329,-0.508536522707501,0.8310877274611115,-1.4792184004553188,1.1126869601754,0.04683777973790073,0.10036849656297267,-0.024103723361091477
0.31139685804355977,0.009377449899972318,0.4548381419166485,0.008784938449001276,-0.02047545796277197,0.08795879584526677,0.6088170896704844,-0.5633989018726379,1.5532456705813902
-0.1644954607948477,-0.659482877987724,0.05288002552673403,-1.6948168759100506,0.060385860995079685,-0.34630114232092,0.043492928447190986,0.10348611981722473,-0.03335067702284261
-0.6328948273722517,0.25446392811543617,-0.04213796338818056,1.6847615773655056,-0.3949352909003123,0.22049182566354228,-0.27172389615446096,0.26373908635578697,-0.8802723948698836
0.5952022011901738,-0.5611925715398255,-0.885306555317567,-0.2381865298588649,-1.7087528089294868,-0.6032472369904757,0.045427769683775376,0.09982331147982015,-0.034229667275876535
-1.773462594506539,1.7371868265140502,0.9228866176009257,0.11339023178540317,1.6470956124146259,-0.4420984420470493,-1.4308681501443785,2.36672868240951,1.8091826317891786
0.3178158822027647,-1.4789148551922444,-1.2236288734626695,-0.054891116077933844,-0.09441908149792169,-3.1734036518257667,-1.2055166629166068,-1.4016352114428137,-1.672969570573435
0.140053124370267,-0.8609668622918211,-1.0786074641386574,-0.4131281137461967,-0.821856553829199,-0.22337109921012083,0.1003701968003869,-0.1232536188529034,-2.156586332263783
0.19609656601386982,-1.083345659146037,-0.738050624679933,-0.17592038491563064,1.6445399792066417,0.19652858085986025,1.3105815176644502,-1.021497263929166,-0.3739304193580998
-0.3289080469572051,0.09562164620139886,-1.6199266898827818,-1.6911335364602316,-0.21187919184922094,0.33766620528684216,0.04349857516783901,0.10295301616624243,-0.028928424366910337
-0.2512652788570538,-1.1010862582865013,0.6014541977096701,1.0412687090127695,1.4047281347907106,-0.4166240504813073,0.7600849908043863,-2.2000842379800343,1.6978429519692155
0.19932924969414312,-1.14737915435989,-0.7727189640052893,-0.08015995117335487,1.756404043604435,0.8005607760765824,-0.031738386269641386,-0.8388643836256929,-0.033017192375676685
0.31301752941269484,-1.4342215117714214,-0.7099355017665372,0.1668167839674132,-0.9978234162663444,0.44151161326826294,-1.1740368638777778,-1.2443010604323477,-1.0925117293704496
-0.16291912452408616,-0.08767792517480656,1.1639264864259722,-0.5976865260364526,1.5985053695708027,-0.013732207403785739,-0.9244758020307255,-1.93859562797357,0.9895839540455283
-0.6176810595326536,-1.6401664966279568,0.11549806639379143,1.7000379507968988,0.09290678932627586,0.9624476655067135,0.003675813084928844,-1.0820509571772259,-0.0010700521972422823
-0.4524986638290385,-1.4241257448399636,1.0936744946907528,0.03679257506113602,-0.1343082580315699,0.11211258497138916,-0.46863717297071567,-0.04274780556274329,1.2113759051706647
0.0499205648038575,0.9226555735086299,-0.1447789878048282,1.6079234567954273,-0.7076771449044128,-0.4037043100025996,0.04788315567822379,0.10195687836262536,-0.033724099280001446
0.054479176268249614,-0.7426114013337385,-0.9949327888658649,-0.5774902395603562,-1.690824161764552,-0.5295023231501629,-0.03447861850972359,0.09916455819020431,-2.2565315150311
-2.624875811473501,-0.47942506168439314,-0.834417624613159,-0.0856623901163725,-1.6895110520954781,-0.6822306447857712,-2.43905063409524,-2.341260053833851,-0.2748127393389748
-0.10298075473711278,0.1433800164847421,-1.1550744941069093,-0.945640308225445,-1.3560846176383858,0.18128863716894714,0.04449224203678875,0.10064787806205155,-0.029754870918098898
-0.0340850279657076,0.09715758331296678,0.19698243874634483,1.0311703062879032,0.20362841887098196,0.47373522164961934,0.5493361876233208,-0.14389271364024375,0.8084715234844794
-2.6120079495499824,0.8701861865246936,0.9081084738267874,0.1642098781460348,1.723854661544839,0.30684014092087386,0.045966342428954615,0.10685731328942911,-0.029266118188551394
-0.12038010313045396,-0.6501906539188467,1.2029003887135057,-0.6479831743760948,1.4221930548769932,-0.42538450186774673,0.04487609587916357,0.10624578198542324,-0.034040258385052424
-0.02863683348019201,-0.565722190270542,1.1952745565403593,-0.6697875456085659,1.5295480570793767,1.1797261856381351,-0.91926208139242,-2.1482385943218456,2.0820641354051967
-0.39658480968864945,-0.7396029263597148,1.5857390872498018,-1.4639881890351298,0.7117371015245161,0.6443198725292266,-1.4456934241832835,-2.196047713465537,-0.1790010398494514
0.22254014574648326,-0.945657145658428,-0.615871750436639,-0.4112191838195963,1.2307541302373144,-0.3629789400902721,1.7789281762687539,-2.0073224205594724,0.5045503776131316
-0.2959691535175396,-0.07314342483046013,-1.6538853399246745,1.445201151336008,0.05304576859995109,0.815131821930095,1.1391020079141139,-1.4944248433985832,-2.6804332697818083
0.7413886649244248,2.5875363976815535,0.47171224169044157,1.2527258110069575,1.054806965984242,-0.35508106534998013,0.047427870442656325,0.1055452729317477,-0.033940197697160356
-0.4660733653865764,-0.0459121195312102,1.7353017149619034,1.714155527229239,-0.34558123844158767,0.6468322317557269,-0.3362407466092221,0.501798135040764,1.9521819973227756
0.013812828976482425,0.9447060549943107,-0.12137299585411813,1.591512730472082,-0.6228733493930265,0.011173757937953659,-0.11983941760701261,1.8153045306333437,-1.4331640594024277
0.5872487912855964,-0.4774986414179911,0.3823472744032034,1.2163594243458808,0.7281446365280881,-1.9554271562711756,-0.478227076388855,-2.0583919533546156,-1.1377053237479176
0.5314980183547886,-0.6197577963020037,0.31631745370657866,1.556253406372411,0.6933296499668234,0.8143768996674512,-0.007600063412105591,-0.49491939830194465,0.7620429887726214
-1.7472863184974181,0.9674697539074121,-0.6926361584827506,0.3392884811582273,-1.7359052141966174,0.4577822558438636,-1.949302722280732,0.778648380601764,0.6695331371451383
0.4038461461881315,-0.4887299426815626,-0.760090048844166,0.1287460334143561,-1.653204545500473,-0.7020535481038697,1.8328889859662125,-1.7614232540064383,0.5344605908521006
-0.5582320565098461,0.3843302881659656,0.07863840134621987,0.009486414441311925,-0.019904583075250046,0.08696663867897951,-0.18469036602695568,0.09242243652540892,-0.030584828410126504
0.16499747263543052,0.8055172835711735,0.1135105496647705,-1.0571990595796383,-0.08773625126144792,-0.2106487180654953,0.5402451096081198,0.5807570306610885,0.09929176964112751
0.278053079361698,0.415387313272248,-1.2959442468150715,-1.3099550435844565,-1.128849125374052,0.49459150624301973,-1.1825506915488633,0.18351512531402275,-0.599206515152926
0.898705067531262,2.9937772479259186,-0.17494598920255242,-0.9084566299412905,0.4370660000665372,-0.8602786105252836,0.8850728425072062,1.9805769167758618,-1.187870189734442
0.7747631015369149,-1.5691454767177488,1.7305161736709536,0.009071860543221311,-0.01981300960013738,0.08648415985965383,0.6988040555518759,-1.5394129538841281,0.6380792333761418
0.3469517010549638,0.36261054788302755,-0.8176373912454227,-0.03929821218129109,-1.7825383925126097,-0.582153571472872,-1.1186689002014096,0.1222554281468074,-0.5512412483872721
