Time,delta_position_x,delta_position_y,delta_yaw
0.154,0.0,0.0,0.0
0.188,6.960037838046364e-06,-1.211369513304814e-05,-7.08718639539363e-05
0.222,-1.1430758206252764e-07,2.440679023303985e-07,-1.5508400519337329e-06
0.256,4.818068176353643e-07,-7.529115276876629e-07,-3.1879356106045975e-06
0.29000000000000004,6.705896249147884e-07,-1.1981419438529366e-06,-4.300765646281235e-06
0.324,8.38536872545953e-07,-1.482375697195273e-06,-4.759640726881287e-06
0.35800000000000004,-1.0852481609471484e-05,-2.2671196525081965e-06,-1.26853357995671e-05
0.392,-2.026556687193333e-07,1.212040615375649e-06,-9.31558958638945e-06
0.42600000000000005,-3.353975545220332e-07,-2.8129266331110114e-07,6.5970137068660514e-06
0.46,-5.068569023554403e-07,-4.1282190564378807e-07,9.831124770709465e-06
0.49400000000000005,-5.49309511217299e-07,-4.454779081570163e-07,1.0631640009250987e-05
0.528,-5.60157411804655e-07,-4.537519704482344e-07,1.0835472307402227e-05
0.562,-5.629928895856118e-07,-4.5593457854986416e-07,1.0888940573661188e-05
0.5960000000000001,-5.63741470430059e-07,-4.565314322972826e-07,1.0903255184047111e-05
0.63,-5.639448629642108e-07,-4.5671399260443016e-07,1.0907341267518689e-05
0.664,-5.640058081141791e-07,-4.567882745561136e-07,1.0908754853211633e-05
0.6980000000000001,-5.640295241324776e-07,-4.5683423080316796e-07,1.090947000603748e-05
0.7320000000000001,-5.640435006789603e-07,-4.5687275314777037e-07,1.0910002479214143e-05
0.766,-5.64054920485467e-07,-4.569093028962412e-07,1.0910487033388707e-05
0.8,-5.640656612097492e-07,-4.5694530989657395e-07,1.0910958894605471e-05
0.8340000000000001,-5.640762143379972e-07,-4.569811503794992e-07,1.0911427283488704e-05
0.8680000000000001,-5.640867091834447e-07,-4.570169251042616e-07,1.0911894623877316e-05
0.902,-5.640971803781009e-07,-4.5705266264479266e-07,1.0912361564585638e-05
0.936,-5.641076377652272e-07,-4.5708837251735163e-07,1.0912828287690246e-05
0.9700000000000001,-5.641180845579637e-07,-4.571240590114794e-07,1.0913294851810919e-05
1.004,-5.641285222577116e-07,-4.571597249369807e-07,1.0913761284481183e-05
1.038,-5.641389518211762e-07,-4.5719537253600265e-07,1.0914227602132343e-05
1.072,-5.641495071772462e-07,-4.572311109321928e-07,1.0914696380037727e-05
1.106,-5.641600294712182e-07,-4.572668178617934e-07,1.0915164604607952e-05
1.1400000000000001,-5.641704794467385e-07,-4.5730246100517133e-07,1.0915631501351442e-05
1.174,-5.641809089442819e-07,-4.573380811808206e-07,1.0916098046820366e-05
1.208,-5.641913294793764e-07,-4.5737368805634157e-07,1.0916564457730262e-05
1.242,-5.642017444113141e-07,-4.5740928501444844e-07,1.0917030794477256e-05
1.276,-5.642121549353195e-07,-4.574448737187376e-07,1.0917497079709904e-05
1.31,-0.00010339737439155758,0.00017757857642456938,1.5415851975841832e-05
1.344,-0.0005171329699375,0.0008939282787976,2.97233071995251e-05
1.3780000000000001,-0.0009528926164213001,0.0016483291553886998,4.358609784649304e-05
1.412,-0.0013866232662975,0.0023991400732936,5.745368199949752e-05
1.446,-0.0018106824570657998,0.0031331130292136,7.482590697893698e-05
1.48,-0.0022107921350575004,0.0038254984538022997,0.0001004434418288014
1.514,-0.0025653816834925007,0.004438919070844401,0.00010087686069759627
1.548,-0.0028486794217232984,0.004929527618557299,-0.00014766989335202038
1.582,-0.003034750110602901,0.0052595523688805,-0.0008311410252019868
1.616,-0.003079933096707498,0.0053466470883352,-0.0008568811546281196
1.65,-0.003073685522906003,0.0053215492069213985,-0.0001295166806767334
1.6840000000000002,-0.003104414928917599,0.005375300941764201,0.0023412844095638263
1.718,-0.003246803933184099,0.005580872545165601,0.004944844634004131
1.752,-0.003468622952442303,0.005879182272720503,0.008315918516424325
1.786,-0.0035996686838013006,0.005988413025155702,0.005412307882835421
1.82,-0.0037455671661763973,0.006160800526665296,0.007781074522295484
1.854,-0.0038951130602620995,0.006264415025632894,0.011181712373163231
1.888,-0.003966611053398898,0.006219762267206705,0.011694633255968865
1.9220000000000002,-0.0040424590460133025,0.006178112519074297,0.011700397650549197
1.956,-0.004117647915748902,0.0061363476501013065,0.011650113010660322
1.9900000000000002,-0.004197120631853596,0.006113188705679895,0.00929099600723182
2.024,-0.004250448745554795,0.0060735605298523065,0.009107162077323759
2.058,-0.004295309012273804,0.006017190111777995,0.008658825234703738
2.092,-0.0043606168014102,0.006017232324364102,0.005356478053031299
2.126,-0.004392090380199998,0.005996472434473793,0.005183547102374674
2.16,-0.00442039802532361,0.005968390361859699,0.005422806398236001
2.194,-0.004461458423738587,0.0059431775312903945,0.007303172882209719
2.228,-0.004474109302371812,0.005868299158070911,0.007929405414622613
2.262,-0.004529970016326101,0.00584544259659639,0.007578604659005172
2.2960000000000003,-0.004581414655636287,0.005827169461537218,0.0065025488798315925
2.33,-0.004621124423363113,0.005800345276026686,0.006530100831875883
2.364,-0.00463451969099779,0.005739242318070409,0.006612729903313851
2.398,-0.0044674605304355075,0.005464761314914607,0.0054967140544461834
2.432,-0.004489800241074995,0.005432656455685386,0.005238728107582968
2.466,-0.0045204998337808056,0.005412781222615015,0.005198695776422291
2.5,-0.0045584879057940925,0.00539359468868289,0.00522209644259286
2.534,-0.004593295232210304,0.005379461602663588,0.005342075639680476
2.568,-0.004723123953796288,0.005469086765021114,0.00655509225045403
2.6020000000000003,-0.00490063665286361,0.0056016522665645885,0.005724090218754085
2.636,-0.004924616118866687,0.005569942236486103,0.005248475224282956
2.67,-0.0049088306407349125,0.005491212141466917,0.00444380588323856
2.704,-0.004800519179838009,0.005333683153560892,0.0029458178864620876
2.738,-0.0047317270434648895,0.0052210885169158006,0.004468553239544981
2.7720000000000002,-0.004676583974959403,0.005111836689897592,0.0041031641869651025
2.806,-0.0045042971524139885,0.00488823037296332,0.003985330375680274
2.84,-0.004529170585392511,0.004875284516742684,0.003945904899118168
2.874,-0.004623695593915705,0.004939535370472092,0.003492040880431979
2.908,-0.004922351495916105,0.0052313626355331155,0.001995702400028332
2.942,-0.0049920110496746994,0.00527285975805708,0.0029570762182378196
2.976,-0.0049251853541540935,0.005173446893161737,0.003823281032730552
3.01,-0.004874822128994899,0.00507483749701565,0.00465120785649109
3.044,-0.0049021770547917065,0.005056981910013525,0.004634151804864039
3.078,-0.0049352577293236,0.005048676609211877,0.002905799969467271
3.112,-0.004955115845491798,0.005049749308505436,0.0019328635989355194
3.146,-0.004965546132131404,0.005040932538926068,0.001984437436335807
3.18,-0.005067280506696498,0.005116766690991925,0.003717523016248503
3.214,-0.005174513511323892,0.005169508358708219,0.005442653480204562
3.248,-0.005200790921577908,0.005141890122824788,0.005489218647578119
3.282,-0.005130045449067394,0.005021283474663296,0.004687296762902803
3.316,-0.005048382023255499,0.004895744641284672,0.0052632963459555695
3.35,-0.005077069608420887,0.004871087983875422,0.005211503899969382
3.384,-0.004970153107919623,0.0047152171114244745,0.005779469904192869
3.418,-0.004878319164295375,0.004577097693662213,0.004405581759681976
3.452,-0.004863412261367495,0.0045322955029004075,0.0037474309522087523
3.486,-0.0050762091530436315,0.004696995656899183,0.0007032454895541385
3.52,-0.005422099368223465,0.005036134525692515,-0.0025469070759305272
3.5540000000000003,-0.005482170036410827,0.0051126504128610195,-0.0016438094151318692
3.588,-0.0054666447984358935,0.005106380859281168,0.0005194961296655087
3.622,-0.005472334070332319,0.005105626693234999,0.0006993713146710155
3.656,-0.005474354907027856,0.005100484848533426,0.0007577626097359236
3.69,-0.005462374102315148,0.0050791003710645155,0.00016301780592309356
3.724,-0.005349429355964275,0.004980906697735876,-0.0013751113969289186
3.758,-0.005216648267289792,0.0048637049222057804,0.0006057996777757423
3.792,-0.005356733949112902,0.004979228648045009,0.0030918671629951433
3.826,-0.005473993603501037,0.005054009292891515,0.0030193045277004944
3.8600000000000003,-0.005489918687556272,0.005039573959071286,0.0028107172607070297
3.894,-0.005503158718581813,0.0050247208242665264,0.0011438091486026813
3.928,-0.0054808310433671625,0.005001286559669804,0.0006257608449731223
3.962,-0.005514901072832201,0.005023497246890385,0.0008131033383977916
3.996,-0.005528227076406045,0.005033479477699776,-0.00020210906305972998
4.03,-0.005531486341955771,0.005038876987424223,-0.000199185463304552
4.064,-0.005512950813640505,0.005023967100202198,-6.810707545401584e-05
4.098,-0.005277435497288818,0.004799883582697895,0.003030869506869926
4.132,-0.005242818702497987,0.004732506840876893,0.0038633761803508193
4.166,-0.005275348623165699,0.004725486328961692,0.004273792537898391
4.2,-0.005344560554313482,0.004733842779503394,0.005189923969209254
4.234,-0.005377595093551013,0.004716858321283601,0.005049595628570547
4.268,-0.005491716777701883,0.004775018203568904,0.0031154706141642836
4.302,-0.005629300045360497,0.004880718372325121,0.00021231200257165736
4.336,-0.005647264466288715,0.004893496370276085,-0.00012270671948266812
4.37,-0.00559311041063193,0.004846362846938734,0.0004301091882550345
4.404,-0.005431953081431962,0.0047016115142434756,0.00036113893411027226
4.438,-0.005349911824062303,0.004637702955219314,-0.0011717215842748097
4.472,-0.005412675996874616,0.004702685963544062,-0.0014433521974863694
4.506,-0.005611434406189497,0.0048852410238189314,0.00023478780033370228
4.54,-0.005644337958880086,0.004907500642308993,0.0006824833631799976
4.574,-0.005655422828418022,0.004912716217428281,-0.00018756096831484825
4.608,-0.005657168377541377,0.004921590431112344,-0.000835559711157785
4.642,-0.005649475932721915,0.004923547177878795,-0.0007223801527325158
4.676,-0.005669300050426707,0.004939073405964556,0.0005039885055597715
4.71,-0.00562626490112389,0.004889557587198445,0.002461607171727387
4.744,-0.005640121156533617,0.004875937616111492,0.002466298649782761
4.7780000000000005,-0.0056526748150727,0.004866214470477415,0.0015585358809957484
4.812,-0.005661695303645298,0.0048603962083380026,0.0009956091288341187
4.846,-0.005650170367673568,0.004839847395424424,0.0005718275093071768
4.88,-0.005508716083028831,0.004715468791908428,0.0008555931221585489
4.914,-0.005368945658899671,0.004592862858301294,0.00020409400870935457
4.948,-0.005379720393190068,0.0045976354774760475,0.0003962065878320154
4.982,-0.0055303744245494,0.004723429992431805,0.0004736513004881538
5.016,-0.00568418039776708,0.004843544710057768,0.0019463422064194267
5.05,-0.005697008660817904,0.0048357518011257206,0.001957500496521103
5.084,-0.005714069433954139,0.004835607820064314,0.0006659933285542152
5.118,-0.005716304939928252,0.004834019466812389,0.0005151316948457386
5.152,-0.005715146612171651,0.004820600365708749,0.0006741214457615108
5.186,-0.005516417198576651,0.0046559914739855435,-0.0016954291727584445
5.22,-0.005356437492839428,0.004541505681940117,-0.0006456214940966376
5.254,-0.005400750899608675,0.0045771559769485215,0.00024329776476017528
5.288,-0.005220561257797907,0.004418721549221183,0.001042281690165403
5.322,-0.005098664485563065,0.004306542066137231,-0.00011532297727434582
5.356,-0.005063677350097717,0.004285427578282874,-0.0007967984210974777
5.39,-0.005275700639395975,0.004478471084648272,-0.0041457038651637745
5.424,-0.005444268679218323,0.004667637072964248,-0.00351422322605055
5.458,-0.005613826656029497,0.0048344049258096655,-0.000376267345404635
5.492,-0.005673812138060286,0.004887058730314142,-0.0006608096101174965
5.526,-0.005674254781925514,0.004894958964811069,-0.0006393904075987499
5.5600000000000005,-0.00567304717811723,0.0049008058238358965,-0.00074140566675851
5.594,-0.005673877226425095,0.004912924406318631,-0.0015646337574577451
5.628,-0.00566195176916473,0.00491447188867522,-0.00140723146670263
5.662,-0.005631832895801048,0.004900556996830674,-0.000672476775056996
5.696,-0.005625018895844547,0.00488976573380151,0.002034478045951804
5.73,-0.005638519112691864,0.004880914765062805,0.0019498995766444869
5.764,-0.005650716761920083,0.004873941858427933,0.0015606175441149619
5.798,-0.005645370062428601,0.004855344700898323,-0.00028324547387059695
5.832,-0.005610048192309147,0.004837113914146762,-0.0008920812679926727
5.866,-0.005598391597812724,0.004831908086558201,3.063694191718369e-05
5.9,-0.005357361966604524,0.00462132862352771,0.0009010258209967149
5.934,-0.005362671249184325,0.004616276385826512,0.0008386086505365319
5.968,-0.005421518036398454,0.004660007099031804,0.0007366090527973767
6.002,-0.005668325830868737,0.004862671027215604,0.0013916306941279544
6.036,-0.005683599074982504,0.00486368203142129,0.001498106016033951
6.07,-0.005690199327428758,0.004855133080947538,0.0007527370197197847
6.104,-0.0057060016191268215,0.004862068623171734,-0.0004680896660560485
6.138,-0.005674613424153208,0.004841256118016668,-7.508246950838072e-06
6.172,-0.005615416411936636,0.004789623242535845,-0.00040486416805052267
6.206,-0.005387530572844912,0.004605885786653885,-0.0006418238181833402
6.24,-0.005380652451933088,0.004605191751701487,-0.0006777722578426016
6.274,-0.005405786458014483,0.0046296228910127635,-0.0015319589735809378
6.308,-0.005409095743756143,0.004654036175762433,-0.002620280329859614
6.342,-0.00544663705127324,0.0047103623755896384,-0.0017708844466901572
6.376,-0.005432615223576187,0.004709101028246732,-8.471078165728228e-05
6.41,-0.005344966137116325,0.004631473743959447,0.000831865712733748
6.444,-0.005353042463788982,0.004626097032302545,0.0013819350716879344
6.478,-0.005483837645882117,0.0047275863940792195,0.0007532433566210806
6.5120000000000005,-0.005681697383867812,0.004901020838690595,-0.0012805115720291302
6.546,-0.005674221443524585,0.004908110038503444,-0.0012065095691635719
6.58,-0.005664229940828158,0.004912316338876788,-0.002084328066744412
6.614,-0.005650127731117394,0.004920410464474667,-0.0023411185038804128
6.648,-0.005623747104845811,0.00492322555760949,-0.002114839053502404
6.682,-0.005623586094784638,0.00494359634635555,-0.001627785164905138
6.716,-0.005613451549948745,0.0049502908759823105,-0.0015186662702832976
6.75,-0.005604218434342889,0.0049531031290641625,-0.0017146420350049316
6.784,-0.005580605688384033,0.004957323130892366,-0.0031142445077829706
6.818,-0.0055756247389252556,0.004986522745464961,-0.003169689169076228
6.852,-0.00557283574393741,0.005015824031616489,-0.0030264778556103877
6.886,-0.005559710792071959,0.005030806852227343,-0.0022868436506335854
6.92,-0.005552218650464624,0.005046793014211959,-0.00222842782096766
6.954,-0.005544816336265912,0.0050629037903366925,-0.0022288682586193436
6.988,-0.005258894076182741,0.004827065192368751,-0.003272220897390987
7.022,-0.005209794705612336,0.0048090937301474845,-0.00198002476434489
7.056,-0.0052111876000418,0.004828641060436012,-0.0018322038031728383
7.09,-0.00520686216574473,0.004832571913874428,-0.00030775536685245797
7.124,-0.005271592825706883,0.0048883897556326605,0.001205432284184127
7.158,-0.005409470360253854,0.0050140867173054104,-0.0007565441922801065
7.192,-0.005482227860921451,0.005092510847506726,-0.0009469458588999836
7.226,-0.005477672587334781,0.005095666714398095,-0.001088756322138007
7.26,-0.0054566935896851465,0.005088510390051315,-0.0016716476351748
7.2940000000000005,-0.0054541293824680315,0.0051127019246224314,-0.002740975425784331
7.328,-0.0054524930871415744,0.005138423524776337,-0.0025960685887067565
7.362,-0.005440507185466847,0.005152807241216251,-0.002181043020474504
7.396,-0.00542489321822659,0.005148947002969972,0.0002778286313471767
7.43,-0.005431040248792818,0.005151384732471342,0.00026995099988802446
7.464,-0.005407050480060183,0.005126441349129651,2.88091769156118e-05
7.498,-0.005078347506963343,0.004825914117856933,-0.002517025150543528
7.532,-0.005130977875236864,0.0048897391171798255,-2.3400223892355857e-05
7.566,-0.0051293642865696265,0.004882913551487067,0.0009437333350663658
7.6,-0.005298152597381756,0.005018092618250702,0.004115491909602031
7.634,-0.005417123018061409,0.0050958869574020405,0.0028808149180510334
7.668,-0.005397712336852378,0.005048363608561202,0.003033220998140962
7.702,-0.005208834144383001,0.004842050909228401,0.0025847562327960816
7.736,-0.005158999247177776,0.004774066229818019,0.001288184251265534
7.77,-0.005162318089829587,0.004771402173739392,0.0003732443499186999
7.804,-0.005200078264528396,0.004805769395719972,-0.00022048084524506348
7.838,-0.005200327274582084,0.0048094923510861864,-0.00026801729737258034
7.872,-0.0051053235395215335,0.004724291289090798,-0.00023307861152321863
7.906,-0.004914254266492057,0.00454900068992925,-8.317613205699459e-05
7.94,-0.004918642786880811,0.004554812275432973,-0.00018675355885688916
7.974,-0.00499911069216441,0.004630403676750605,0.0005193839258659239
8.008,-0.005302945219417765,0.004894975230307574,0.0027467611431868377
8.042,-0.005375107776085408,0.004930828242943441,0.0022010405885710686
8.076,-0.005280292016810462,0.004825265866671202,0.0012100150778957541
8.11,-0.005003980583638379,0.0045700596562125995,0.0009246012452415187
8.144,-0.004928605734584757,0.004488276775047373,0.002109279531347763
8.178,-0.0050224689302984515,0.004554525718332925,0.0013211092864540142
8.212,-0.0052438031928820905,0.0047488291784822945,-0.0013292121760750677
8.246,-0.0052331377401941825,0.004757684125031636,-0.001841677555713073
8.28,-0.005320996870369354,0.004858444593290212,-0.002709488970089602
8.314,-0.005453456215732233,0.005008832950784248,-0.0015280229137664136
8.348,-0.005506210295179059,0.00506477553165352,-0.0005879456728856703
8.382,-0.005506841456555334,0.005071737389522157,-0.0005215170418253478
8.416,-0.0055080313854021234,0.005078176980386262,-0.0004998815975643112
8.45,-0.0055077578530646765,0.005083170058773012,-0.00046839861216430023
8.484,-0.005303696461913754,0.004903610186983487,-0.0024775521020208298
8.518,-0.004995780452408782,0.004650363049925943,-0.0038827310718612114
8.552,-0.004887448163552799,0.004582007232972085,-0.003032341036401931
8.586,-0.0049557122944083876,0.004663491681207388,0.0001687990501744174
8.62,-0.005229100618560967,0.0049017400762816354,0.003577237582320869
8.654,-0.0054303680725162895,0.0050596893877841165,0.002134319165643994
8.688,-0.005293914426202528,0.0049045659329378655,0.003638409133571496
8.722,-0.005250004727160862,0.004831250680539467,0.002242335676431395
8.756,-0.005193230763793633,0.004767888953464361,0.0009703806747318744
8.79,-0.004997180678294022,0.004571217071352107,0.0027193398364371295
8.824,-0.004941887926279032,0.004503079077288197,0.0006297521143037166
8.858,-0.004949207705534864,0.004505995673536489,0.000547338414108367
8.892,-0.005201919397281873,0.0047354801553813886,-0.0010141191449251075
8.926,-0.005250105207087241,0.004794354156745895,-0.0015606797556371177
8.96,-0.00525332985271465,0.00481279406193913,-0.0014722011372461097
8.994,-0.005478199020057195,0.005026320239953863,-6.133391843432534e-05
9.028,-0.005515038785118831,0.005060256147904729,8.845944760782487e-05
9.062,-0.005476395000082457,0.005019558264471868,0.00041767911920320705
9.096,-0.00519811803127479,0.004770802283828424,-0.0019798513105739875
9.13,-0.00496302922848213,0.004568627873393405,0.0007598097986085683
9.164,-0.0049303049544600075,0.004525978516286111,0.0012742349847312264
9.198,-0.005114997506868502,0.00468729447760885,-0.002003400216090245
9.232,-0.005144203691645588,0.00474471507627916,-0.003605424597568518
9.266,-0.005190626847841662,0.004822204332018076,-0.0031139116051286386
9.3,-0.005343196103277048,0.004992899577851206,-0.0017239333332210729
9.334,-0.0054532975853982535,0.005102781447620108,0.0003290871301087072
9.368,-0.0054632802728715735,0.005108451453305296,-1.6512094302534305e-05
9.402,-0.005469801941603736,0.00511886598569844,-0.0006256097124199833
9.436,-0.005469987927306574,0.005125683963414618,-0.0006094544057808626
9.47,-0.005425928402788882,0.0050899906588113275,-0.0006216976338264679
9.504,-0.005230877819140778,0.004908649027384193,0.00030703291328526555
9.538,-0.005169637008557881,0.004847039613011583,-0.00025378524908736816
9.572,-0.0051683101021577915,0.0048469692080925775,0.00100411471621209
9.606,-0.005352143110796792,0.004998748182808654,0.0026906933650852056
9.64,-0.005458638223996948,0.0050806682077311205,0.0012811527065461625
9.674,-0.005392410504394096,0.004996651842996691,0.0024272745442508463
9.708,-0.0051785258751457786,0.0047646522006250525,0.005020084009208059
9.742,-0.005209965775592629,0.0047648786410183774,0.0009681503742196007
9.776,-0.005322670808125318,0.004860094586254249,-6.132409559223007e-05
9.81,-0.005526620838490315,0.005059170579355898,-0.0019481481719085814
9.844,-0.005520494770002493,0.005074203263771393,-0.001964221480396322
9.878,-0.005508536243211459,0.0050802488136070245,-0.0007847823170896717
9.912,-0.005507013163385199,0.005081711089969909,-0.00016745262298201172
9.946,-0.005507158650258193,0.005083992629563605,-0.0001231806402621771
9.98,-0.005356291877571806,0.004948711553913077,-0.0019318730228143897
10.014,-0.005152898785395266,0.004786706946428909,-0.001845885978645878
10.048,-0.005181084769064981,0.004818924235539868,0.0009306565008011525
10.082,-0.005269304005090625,0.004882625049275058,0.0016383127267229902
10.116,-0.005429249761704558,0.005021885461548914,0.0001955186887689919
10.15,-0.005486558158855237,0.005076036089182834,-0.0007596272667744764
10.184,-0.005418510199504567,0.005019412489703168,-0.0004394399102145563
10.218,-0.005429242997980754,0.005032648348421542,4.6234514558651796e-05
10.252,-0.005474397273726117,0.0050712006698290235,0.0007678786971636598
10.286,-0.005480785795855203,0.005068728160651403,0.0008977568447527952
10.32,-0.00548937105736913,0.005067785892121979,0.0009013686753434057
10.354,-0.005498325347392363,0.005067206518413636,0.0008986160818755806
10.388,-0.005514444584336475,0.005081868193359096,-0.001100551082347856
10.422,-0.005512019619752451,0.005092374893834517,-0.0011698535005386643
10.456,-0.005504897440168133,0.005097684509282274,-0.0010566762267223415
10.49,-0.005499699226855448,0.0050901737851563045,0.0012108856396544356
10.524000000000001,-0.005468859805841664,0.00505067282863747,0.0018470315875016574
10.558,-0.005495731720393193,0.005054156815358146,0.0015365584397937226
10.592,-0.005497577721583324,0.005054306240498185,-0.0016258110264768533
10.626,-0.005500324792024003,0.00507560189397549,-0.0023184202634141116
10.66,-0.005446193386768439,0.005053300221570467,-0.0028676355571115586
10.694,-0.005198204979221632,0.004842025184786047,-0.0004624330950626643
10.728,-0.005178317606670868,0.004825492230374984,-0.0002854488381998088
10.762,-0.005180415273134953,0.004831461245958568,-0.0005104150861661161
10.796,-0.005185711134215065,0.004845342428704269,-0.0012947208971545443
10.83,-0.005183398348181045,0.004856269825676662,-0.0012951750302718779
10.864,-0.005205728617529104,0.004890503971383131,-0.0012198431333216853
10.898,-0.005441697839572379,0.0051180825896688376,0.00028209818284929966
10.932,-0.005456934259968627,0.00512841620772253,0.0005922939298304009
10.966,-0.005435392898730962,0.0050976929236357105,0.0002088169621838887
11.0,-0.005220442713555817,0.004912798154149689,-0.003508543980043743
11.034,-0.005160604131140056,0.004878356178605658,0.0002095014165757192
11.068,-0.0051695885093905325,0.004881223887727604,0.00048462327028619967
11.102,-0.005358551713613435,0.0050592308613204295,-0.0011994373442472117
11.136,-0.005391678703219771,0.005105147130059162,-0.0021584038548452256
11.17,-0.0053637657411698125,0.005105467969462429,-0.0021557189674838995
11.204,-0.005397162174746839,0.005155048317203592,-0.0009632165595410136
11.238,-0.005403601995216389,0.005170327349049542,-0.0008496487561071574
11.272,-0.0052947160520868675,0.005074210585501504,-0.0007624198782933967
11.306,-0.004814209900391608,0.004617428246333377,0.0010043842345375253
11.34,-0.004829182889993122,0.004611291205985246,0.00269102685815481
11.374,-0.004925910892092489,0.004677500064532714,0.003362168194004145
11.408,-0.005201363083545685,0.0048932883620216305,0.006152017909322183
11.442,-0.005418978458577195,0.005036937648663198,0.0052037579631880595
11.476,-0.0054482093341245985,0.005015952556037151,0.0034756270316238513
11.51,-0.005411696767485763,0.004952612863008854,0.0026935069021738474
11.544,-0.005480847989596693,0.0049943969839572055,0.0017172917012882039
11.578,-0.005525720546451174,0.005022247738686536,0.0002364019829088626
11.612,-0.005498327533611125,0.004998318093144327,-0.0009004465979183252
11.646,-0.005478558499715458,0.004996334831688598,-0.0012026151245962957
11.68,-0.005317179052494625,0.004853823374623811,0.000952550288188192
11.714,-0.005060094956319983,0.004599301431837732,0.002461234318964056
11.748,-0.005248454270260661,0.004761313562396952,-0.0005114247420654471
11.782,-0.0054071146943872606,0.0049122143347086755,-0.00028195788537388466
11.816,-0.005538501776679805,0.00502868079174168,0.000745954127243209
11.85,-0.005545628233232458,0.005028639716332162,0.0007492014690164694
11.884,-0.005554872963687174,0.005032092991545722,-4.562514433636977e-05
11.918,-0.005553204997984951,0.005032467454445744,-9.227680245249559e-05
11.952,-0.005549916200951133,0.005025497178856364,3.398852452907164e-05
11.986,-0.005397715437495343,0.004897968739055791,-0.0020863252475837864
12.02,-0.005234767977468691,0.0047705243657074625,-0.0009189241711768935
12.054,-0.005230977135198378,0.004770144502760365,-0.0001262845418628089
12.088,-0.00506689172262087,0.004606639625019504,0.003451198185625337
12.122,-0.005061684865758753,0.00456309909726027,0.003142995392353409
12.156,-0.00536859251404187,0.004831970045093614,-0.0013312932429645485
12.19,-0.005063713385327739,0.004567542831959592,0.001008386902281
12.224,-0.0051087529430815515,0.004593106524136914,0.001030673999524723
12.258,-0.0052712012857405455,0.004735681318063234,-0.00017633360867774786
12.292,-0.005275729405229246,0.004743602347611953,-0.0005099302895605895
12.326,-0.00527742399532416,0.004750276187975189,-0.0005091088822242186
12.36,-0.005287864812350884,0.004765091749059591,-0.0004591336914345767
12.394,-0.005528441163300535,0.004980767170760458,0.001011295483011487
12.428,-0.005566844832082696,0.00500480452984875,0.0014150838105786436
12.462,-0.00556356312108508,0.004980678931137961,0.0013607288356003444
12.496,-0.00537137249436781,0.004811135370134556,-0.0015478139547364655
12.53,-0.005255921983919887,0.004716155152775903,0.001277887967346736
12.564,-0.005269816274261707,0.004710915306245678,0.0010892939257942658
12.598,-0.005390630284977993,0.004817621967318386,-0.0025577396595188873
12.632,-0.005451934576843787,0.0049074258106183155,-0.0032385579272578013
12.666,-0.005479387153716209,0.004959853267893166,-0.001420091456422412
12.7,-0.005033328906247414,0.004557823711596853,0.0012679333432541462
12.734,-0.005227244549757204,0.004725362028090485,-0.0008138907703121312
12.768,-0.005310400801599835,0.0048138399466970405,-0.0013484883524506053
12.802,-0.005534083860561756,0.005023428175696454,0.00021565471405704528
12.836,-0.0055468757824133075,0.005032215816817676,0.0003481905300883881
12.870000000000001,-0.00555487186474557,0.005037454445302236,-0.00029301266231351875
12.904,-0.005555840564475334,0.005046894517393374,-0.0010743852705386026
12.938,-0.0055460354677672186,0.005048247271896011,-0.0009540392695770451
12.972,-0.005487341785574529,0.005002266783961096,-0.0013435551329705753
13.006,-0.005257276879266692,0.004815605751583352,-0.002622960074415648
13.04,-0.005162349649175946,0.0047432957066129156,0.00016672468815892572
13.074,-0.0052160078838792145,0.004790757089053077,-0.001956124035552342
13.108,-0.0052757643219185635,0.004873933018575194,-0.0036833905312119164
13.142,-0.0053599407645681385,0.004989998194279144,-0.002858172617310473
13.176,-0.005310799500809482,0.004963229589402207,-0.0005416503782007531
13.21,-0.00515584727799312,0.004822145394397737,-0.0009043242833128851
13.244,-0.005176943552468449,0.0048539688659365865,-0.0013207937961188243
13.278,-0.0051724576882143936,0.004861348268685894,-0.0008239845248994017
13.312,-0.005171726317104497,0.004866844330099207,-0.0005905624902560191
13.346,-0.00517210511570898,0.0048732920212357644,-0.0005817042939160189
13.38,-0.005301963799376086,0.0049995362589911885,0.00034177505234689326
13.414,-0.005452029308806061,0.005132843631468154,0.0013362347446617127
13.448,-0.005452243887995145,0.005113729051014593,0.0015032525690426013
13.482,-0.00533697608799244,0.0049918642249096035,0.0008673061335642274
13.516,-0.005156576408764435,0.004821240183359166,0.0009369704127490942
13.55,-0.005166038037041076,0.004812845948296562,0.0010664906535682306
13.584,-0.004987381968197591,0.0046366121796224125,0.0028688281215063505
13.618,-0.004864758077192777,0.00449500395680591,0.0018173560492593663
13.652,-0.004903227751543948,0.004518320764184569,0.0011418058071326342
13.686,-0.0050901545199903975,0.004684047999180985,-9.781107877504526e-05
13.72,-0.005372383625611654,0.0049494066759538935,-0.00028892839347172133
13.754,-0.005497599646602014,0.005059487586413169,0.0011306339005492383
13.788,-0.005512587086587972,0.005067011351054473,-8.630811306575836e-05
13.822,-0.005516592801095177,0.005072386181906419,-0.00012105632775272214
13.856,-0.0055168829464116165,0.005074442878614249,-0.00011212331411281086
13.89,-0.005214951264064682,0.0048024535849215955,-0.002460921355674994
13.924,-0.004992420522800245,0.004622029416246454,-0.00027017229948311794
13.958,-0.004917942782492357,0.004543241915128338,0.001436114378114528
13.992,-0.004999274942910414,0.004593695362562933,0.0038978110106846478
14.026,-0.005168325517919126,0.004700549083467953,0.004482390164556982
14.06,-0.005329382130936811,0.004818160164877572,0.0011743344131271982
14.094,-0.00544706117000282,0.004931752089411212,-0.0015286433104018113
14.128,-0.005509307232635541,0.005002360408318474,-0.00034899875549099235
14.162,-0.005504624042242945,0.0049976327775898,-3.389994450486711e-06
14.196,-0.005245995845171603,0.0047571476774692645,0.0013580366818763956
14.23,-0.005252202364921521,0.004755738668126508,-0.00010421647467051542
14.264,-0.0052835326905265045,0.004786181075327134,-9.409626957168626e-05
14.298,-0.005521640241995973,0.004994460272452095,0.0019743400691005775
14.332,-0.0055548271854615194,0.00500209818470676,0.0023138191331408815
14.366,-0.005568269499869105,0.0049929904464276476,0.0017765619266594257
14.4,-0.005585315197504048,0.004998593922008299,0.00036760219215814516
14.434,-0.005581500609762813,0.004988970095788803,0.0004960293596609766
14.468,-0.005527345352257962,0.004933064739458093,0.0008773795764596137
14.502,-0.005318127269746231,0.0047410898935655865,0.0006750551558183382
14.536,-0.005255212093924655,0.004676827109376669,-0.00043071388964177615
14.57,-0.005265341889605146,0.0046953009031172055,-0.0011794280177097605
14.604,-0.005400923909054001,0.004831303286453759,-0.0013081912198158463
14.638,-0.005529001775679276,0.004950439323216038,0.0010775060496537314
14.672,-0.005457795994051384,0.004870998246722769,0.0016603533909522739
14.706,-0.005278401768033181,0.004693827077957513,0.002050357398505121
14.74,-0.005293709167355498,0.004687849994901683,0.0020429228099203556
14.774000000000001,-0.005397870500606139,0.004761622271258759,0.001463125950486699
14.808,-0.005627279283712205,0.004961863305822822,-0.0010950981376409707
14.842,-0.005625446548756852,0.004973134982976246,-0.0010985559353038354
14.876,-0.005615873688799233,0.004974161976234903,0.00030431005926701005
14.91,-0.005607244312054505,0.004955131766327225,0.001480986679190277
14.944,-0.005594378699782965,0.004925468412178224,0.001800227205915217
14.978,-0.005576632663932823,0.004893128910312461,0.0011543867862289225
15.012,-0.005577554221146919,0.004881684718727186,-0.000687331073452313
15.046,-0.005560571499720446,0.004883575029060339,-0.0007700695958146042
15.08,-0.005604305605835247,0.004930055394919863,-0.0010897085990317912
15.114,-0.005607036838566781,0.004946662316473116,-0.0014401722975843079
15.148,-0.005605264264451737,0.004959144129712101,-0.0014423831150023325
15.182,-0.005310766162013536,0.004711422408163912,-0.0012847840385168394
15.216,-0.005065688774627208,0.004503303030259698,-0.0006611500182729381
15.25,-0.00530757813335514,0.004726940431230009,-0.001259910081790494
15.284,-0.005485790983884353,0.004896863354266312,-0.0004006770253748293
15.318,-0.005591603920870991,0.004990131045011115,0.0005794056509809132
15.352,-0.005594154967448972,0.004986842817907622,0.0006415545169993209
15.386,-0.005597921057584276,0.004988347386971181,-0.0005550485052623344
15.42,-0.00558546434341034,0.004979638360804728,-0.00055949519388232
15.454,-0.005564575128481408,0.004968338913073911,-0.0004986554685522115
15.488,-0.005437929622456039,0.004848867582711858,0.0011030115723942304
15.522,-0.005320483468949533,0.004735640923883455,0.0003362730098377398
15.556000000000001,-0.005277096547450455,0.0047063782153591305,-0.0011831343957808829
15.59,-0.005434306414688894,0.0048585437888961636,-0.0012598152885092693
15.624,-0.005559334280758055,0.004973407934549368,0.0007007798976430557
15.658,-0.005562706840501086,0.004968618990838891,0.0007321502400423618
15.692,-0.00514849473958634,0.0045938031116476985,-0.0001779329380080519
15.726,-0.0052495609945806265,0.004688795821270464,1.6440735159051204e-05
15.76,-0.005293555446583387,0.004724208722122203,0.00038271427996017243
15.794,-0.005305272964914565,0.004737349455661288,-0.000919580206275583
15.828,-0.005300714410920282,0.004742722389238008,-0.0008573363398274304
15.862,-0.005301729949663159,0.004752511931199521,-0.0006495610535419695
15.896,-0.005429395801307635,0.0048592954363506635,0.0019719441896342
15.93,-0.005452000860345585,0.004854671017781698,0.0026149175782363976
15.964,-0.005513819457255487,0.004880387193821001,0.001512179098866806
15.998,-0.00532893604591278,0.004706527024589846,0.003820553502805968
16.032,-0.005303165235404528,0.0046541108738922254,0.0008304040926905287
16.066,-0.005340864222182606,0.004681924496080292,0.00034187280840924933
16.1,-0.005548603386736239,0.004861453087792178,0.0011866624803933412
16.134,-0.00561538520835736,0.004900800502011027,0.0021366278248611255
16.168,-0.005633020783777365,0.004896225078134364,0.001617662235641415
16.202,-0.0056494749381661435,0.004899950513118423,0.0007897761848800755
16.236,-0.0056577216802304875,0.004899630259711518,0.0007837182299978984
16.27,-0.005669013518335042,0.004903151904838143,0.00013669366837110175
16.304,-0.005674402651349553,0.0049125193013970225,-0.0006645541537015909
16.338,-0.005668355677682868,0.004914733929124893,-0.0005814279168707691
16.372,-0.005644072261925537,0.004899349602450087,-0.0008731022343320128
16.406,-0.005598365901965607,0.004865592564790244,-0.0009717212098228067
16.44,-0.005623174086502036,0.004896924458998253,-0.0017527339446479218
16.474,-0.005558460148674005,0.004861314947372186,-0.001644920954841478
16.508,-0.005539375843974348,0.00485565901301932,-0.0003275708008136924
16.542,-0.005603521422499647,0.004910802858746788,0.0007675038608292439
16.576,-0.005615426318050343,0.004913120508123647,0.0006371863298602065
16.61,-0.005623171833394558,0.0049146789578067285,0.0005253278661214723
16.644,-0.005630457766059749,0.004916156865959476,0.0005196747695452864
16.678,-0.00548368490411244,0.004784145711886012,-0.00011700105956302666
16.712,-0.005351212674441719,0.004675254727925626,-0.0009629267343678194
16.746,-0.005350543369304184,0.004684076741413801,-0.0009587990876007702
16.78,-0.005482947425488938,0.004807734270093622,-0.00020518306611228
16.814,-0.005634850150635806,0.00493850268208007,0.000990225312099913
16.848,-0.005635000197051543,0.0049263521293179124,0.0011022179042510238
16.882,-0.005585334139928122,0.004872209416164175,0.0006783007204278491
16.916,-0.0056102788830498795,0.004887458085370167,-0.0003601107027777495
16.95,-0.005589247444594658,0.00487680677419533,-0.0012646138699143885
16.984,-0.005376698710886529,0.004702328313626936,0.00023490559936290012
17.018,-0.005236334390307018,0.004575325655003848,0.00018036901552420662
17.052,-0.005328536734775291,0.004658835426078589,-0.0007105077935403158
17.086,-0.0055097236560550655,0.004825105571575339,-0.000344865339805267
17.12,-0.005622328863410075,0.004919645334028999,0.0008606870490099894
17.154,-0.00563113369322954,0.004918842782577926,0.0008536831728176431
17.188,-0.005646164916611518,0.0049297885191283974,-0.0005838706327860876
17.222,-0.005647633874193314,0.004937945330181659,-0.0006318737437780442
17.256,-0.005644749554254425,0.004942222334817892,-0.0006074908492443853
17.29,-0.005376317560267019,0.004716821211211197,-0.0026185133905798352
17.324,-0.005268233060363059,0.004648526986345658,-0.0009214975936013837
17.358,-0.005281993999992629,0.004656199698167995,0.00038164896495107575
17.392,-0.005332311500506837,0.00469126925601282,0.0008865269031663736
17.426,-0.005413408047659551,0.004761661479992352,-0.0010822021546661451
17.46,-0.005417397533641566,0.004783097511595891,-0.0012014337469969938
17.494,-0.0052925770637561875,0.004675421245121658,0.0007818610264052062
17.528,-0.005297877455513689,0.004671621393524283,0.0008450461870972426
17.562,-0.005324010648395827,0.004687117335322455,0.0007653029427219238
17.596,-0.005566128728244912,0.0048893813946806475,0.0019839482585823904
17.63,-0.005616384676610409,0.004909391235986327,0.002559734673536873
17.664,-0.0056353346869038035,0.004901415760048877,0.002176697115713555
17.698,-0.0056554759204927585,0.004903659612229383,0.0010761875127776044
17.732,-0.0056634827532904275,0.004902471399245378,0.0010894773396246116
17.766,-0.005641471862707803,0.004871989702956103,0.0009202337941078831
17.8,-0.005357672958768767,0.004622411059598264,-0.00092442801870396
17.834,-0.005327500312625855,0.004597567458159535,0.0018285038807905885
17.868,-0.005301308760252255,0.0045530371132476155,0.0022320366107080325
17.902,-0.005177231864232024,0.004423222219384737,0.0027457892363753618
17.936,-0.005097299862480753,0.0043351927066548335,0.0010918071748666769
17.97,-0.005120780487431809,0.004351228295508047,0.0003393728945515484
18.004,-0.005424748131714008,0.004614956396065573,-0.0013007071815218652
18.038,-0.005636300649044745,0.004798739439574096,0.0014351428941568047
18.072,-0.005691337785665329,0.00482754076804337,0.0009680814468486787
18.106,-0.005706608679527214,0.004839810929199828,-0.00023519534160021396
18.14,-0.005710213760127036,0.004845351420128097,-0.000245323490791538
18.174,-0.005596363806959381,0.004751252241018911,-0.00010455363968020492
18.208,-0.005412990695044417,0.004594097093097993,3.173450698357172e-05
18.242,-0.0054199985807796836,0.004604656139625796,-0.00056357042023647
18.276,-0.005486509127101691,0.004665106094649651,-1.2821301580423494e-05
18.31,-0.0056848389806098965,0.004826712168545022,0.0020834763929866718
18.344,-0.005683680101361777,0.004800986380427474,0.002709205728659292
18.378,-0.0056905627108916335,0.0047720750041255755,0.0019073204631436804
18.412,-0.005702300936331284,0.004781404742977724,-0.00021810174271319485
18.446,-0.0057168778807596965,0.0047932543807469585,2.85695056287949e-05
18.48,-0.005554871451383558,0.004657812646055248,-9.759029645506345e-05
18.514,-0.0054223331392107,0.004551932629672795,-0.0007678798339019188
18.548000000000002,-0.005423952900108553,0.004560340423557907,-0.000779063054789475
18.582,-0.005572886849878778,0.004691248448110752,0.00035462200645408615
18.616,-0.005719079014534945,0.0047994829092519176,0.0022304537102701967
18.65,-0.005734217871804059,0.0047903918477314456,0.0022222855136511117
18.684,-0.005759055575573324,0.004796884103243304,0.00010891238379739931
18.718,-0.005763723463936721,0.004805101086767127,-0.00034074790311455777
18.752,-0.005760087879244313,0.004805937217414513,-0.00028074158689328493
18.786,-0.005620717972296241,0.004691469618429256,-0.001441062084797995
18.82,-0.005486664747274883,0.004600869680078112,-0.001618533580249437
18.854,-0.005413577064341091,0.004543320965634479,-0.0005253986637994145
18.888,-0.005452290778424018,0.004584976071655866,-0.002394775658920434
18.922,-0.005529446117593206,0.004678508589638586,-0.002090640747633543
18.956,-0.005646848679494276,0.004791182507690284,0.00015459650611715503
18.99,-0.00542911821724168,0.004595641137463691,0.0015627136767681904
19.024,-0.005397675525187662,0.004553359542734725,0.001770350358519579
19.058,-0.005416427904882948,0.004553130612417355,0.0017575494644699319
19.092,-0.005684678639067187,0.004768745010235609,-0.0005570595477415453
19.126,-0.005741491119768849,0.004829148811252182,-0.0013592558582353753
19.16,-0.005727276328953312,0.004830375904949946,-0.0013924399003042431
19.194,-0.005317195712691625,0.004500410165584778,-0.0025485744126396703
19.228,-0.005372418415304114,0.004572659255595024,-0.002131458455301605
19.262,-0.005416354590337402,0.004628017548252039,-0.0015236211145626124
19.296,-0.0055074408338717795,0.004709577000840959,0.00020867847309125054
19.33,-0.005554407303453246,0.004737145496557904,0.0016116623501467584
19.364,-0.005602694629757821,0.004769581215178675,-0.0005437933703156261
19.398,-0.005665923342595747,0.004841232721799038,-0.001696346135107607
19.432,-0.005671870630798992,0.004862306707707376,-0.0014902460041068544
19.466,-0.005618254786155408,0.004830660772139783,-0.0013713035369056215
19.5,-0.005185033766990088,0.004469689413817868,-0.0014327773670625985
19.534,-0.005363857333897659,0.004638523896242752,-0.001534544188801057
19.568,-0.005418600999105738,0.004700303942786199,-0.0014373878270732556
19.602,-0.005646538502160681,0.004905224023035171,0.0001722569019309006
19.636,-0.005657144761771704,0.004912134538766377,0.0002558480149454923
19.67,-0.00559124413312162,0.004852854699082254,-7.501927147046672e-06
19.704,-0.005228126269024358,0.004544165268101086,-0.001456749511423272
19.738,-0.005354097021830206,0.004665392414199054,-9.974521231947976e-05
19.772,-0.00531903858572802,0.004628877720789237,-0.00032948729181470077
19.806,-0.0051394169589560335,0.004490294012421181,-0.0025596289422806784
19.84,-0.00494056354753214,0.004330035422596357,-0.0019913385682821527
19.874,-0.004778400529458882,0.0042005071034880714,0.00010728106820634409
19.908,-0.004953518098027132,0.0043593795006322544,-0.0023054699590607797
19.942,-0.005237588058610854,0.004643374157016211,-0.004303517362338028
19.976,-0.005227132000425794,0.004667555938274948,-0.0019329111129433583
20.01,-0.0050754146339730966,0.004543453650383,-0.0008679588490507762
20.044,-0.005271616078052155,0.004721425620364705,0.0005379023591993715
20.078,-0.005419666498650777,0.00484943271646765,-0.00011561888666600241
20.112,-0.005587147037696916,0.005008346063592128,-0.001472183985100628
20.146,-0.005583078608459413,0.005020305252721791,-0.0014732239232011504
20.18,-0.005396049443971318,0.004866833367487278,-0.0021475128047092618
20.214,-0.00499715436570769,0.00453045663727325,-0.0015655553444844372
20.248,-0.004970810742127352,0.004515034945810292,-0.0006011920701114448
20.282,-0.00501525307353079,0.004554708458927248,0.00047887046729133687
20.316,-0.005094723365541398,0.004613177835417037,0.002779452679325445
20.35,-0.005173956641782329,0.004645093345954976,0.0016487731382617274
20.384,-0.005304117621646398,0.0047718354697239285,-0.0014790239701945043
20.418,-0.005462291208383707,0.004938836260980128,-0.002132009874001195
20.452,-0.005532646741424507,0.005017193353863636,-0.0007763530807376462
20.486,-0.0055116756023134705,0.004993185272927914,0.0025119147267034236
20.52,-0.005533905669335759,0.004981284627707083,0.003225894636337489
20.554,-0.005554729725525842,0.004967823587968212,0.0032203820593417194
20.588,-0.005585189145903335,0.004973062618420343,0.0007997925271272521
20.622,-0.005595164516119411,0.004975972614009283,0.0006503711821594926
20.656,-0.0056020213510081796,0.004976338643982725,0.0006168961731263244
20.69,-0.005613178879872116,0.004986846836453562,-0.0007800508519149041
20.724,-0.005604883482015488,0.0049885644828231435,-0.0007083915935139906
20.758,-0.005590903061753583,0.004980160794954891,-0.0006199975792458012
20.792,-0.005471579986399355,0.004882031247944507,-0.0013053628627170966
20.826,-0.005307402160286578,0.004742520002072315,-0.0004908086482391383
20.86,-0.005269641840160322,0.004717135546891349,-0.0010397630260623458
20.894,-0.005411595902780952,0.004856615095707895,-0.0014324371192673269
20.928,-0.0055333628063829465,0.004973747360983882,0.0005387003168237924
20.962,-0.005527744012691738,0.004960292469393224,0.0007632395996681751
20.996,-0.005093476672085817,0.0045647271285718105,0.00017862511225219535
21.03,-0.0052548419471194485,0.004710165917369391,0.00012344118538498705
21.064,-0.005309780088801119,0.004756799502609432,0.0003780763552359012
21.098,-0.005560239910308962,0.004971598706194236,0.0017431534701333185
21.132,-0.0055856905615914165,0.004975585999004828,0.0019545974017272094
21.166,-0.0055993979647599446,0.004970540283075309,0.0015225157866618488
21.2,-0.0056108865749791015,0.004971730323403811,0.0005613735981691015
21.234,-0.005606137941134293,0.004963701997265257,0.0006381014204968061
21.268,-0.005571398297659957,0.004920649140694788,0.0009138260048837666
21.302,-0.005424271016602589,0.0047787388319999735,0.0016632360843393812
21.336,-0.005329828309016182,0.004680808065690378,0.0003920007573161577
21.37,-0.005344724119136224,0.004695562588834967,-0.00023632494741354646
21.404,-0.005533711854280643,0.0048647022441077326,0.000628885413278546
21.438,-0.005603624006591534,0.004911351797930674,0.0016844791971974973
21.472,-0.005619523891814193,0.004910373644365418,0.0009723863759574236
21.506,-0.005632193048132894,0.004917230200749856,0.00025163116960458254
21.54,-0.005638230084623608,0.004920132522890697,0.0002415495105272392
21.574,-0.005503998769746499,0.004800660170259707,4.1500050884213387e-05
21.608,-0.005171680321408356,0.004513641825666603,-0.0002862826174787614
21.642,-0.00535047121705734,0.00467098250199971,-7.385788424274509e-05
21.676,-0.0052584673265752,0.004592111776900332,-0.00044869645198142294
21.71,-0.005043173122629696,0.00441029178937713,3.884062377501607e-06
21.744,-0.005044632883426825,0.004410356714223518,5.048984252331579e-05
21.778,-0.005023441189015543,0.004382987695922047,0.00028831172572951763
21.812,-0.005067811079185969,0.004419075887662771,-0.0014623732729317494
21.846,-0.005223280197055757,0.00458517303348982,-0.0036981414819168283
21.88,-0.0054106330264453995,0.004789919472480975,-0.0034615831325841557
21.914,-0.005562880404220927,0.0049488198970375485,-0.0009673567469525858
21.948,-0.005582499729333001,0.0049722980692017416,-0.0006433478476002286
21.982,-0.005377112259658645,0.004794119513566564,0.00020870241029280479
22.016,-0.005287363355497732,0.004710032223043115,-0.00012616688747169036
22.05,-0.0052981978338544344,0.004723689466242131,-0.00041474987123546475
22.084,-0.005482281461357985,0.00489053530434802,0.00036071630871647997
22.118,-0.005592179318136825,0.004980013763795643,0.0013267591895864685
22.152,-0.005600895082240598,0.004976743101255732,0.0013403945402319373
22.186,-0.005609665122386254,0.004974990251739975,9.814471312985518e-05
22.22,-0.005598617557606378,0.004962876500560487,6.384015600868764e-05
22.254,-0.005560007445169823,0.00492607761002839,0.00037101041421161435
22.288,-0.00543064752613498,0.004798881196485638,0.00110712896891485
22.322,-0.005290405601199311,0.004674688548928163,3.1820413680438975e-05
22.356,-0.0052974654990016745,0.0046806154837431,-0.0002516578944740111
22.39,-0.005475743084095264,0.004841594829411822,0.0001839539019914405
22.424,-0.005589295461994048,0.004931200261658386,0.0017192435862791733
22.458,-0.005594369571428892,0.004918332010965365,0.0017074682791209383
22.492,-0.005344561674620163,0.004685654079036983,0.0008717571697087756
22.526,-0.0053325514543312025,0.004668650254455731,0.0006640611621131499
22.56,-0.005340737366680948,0.004670073489981608,0.00045989672603630183
22.594,-0.0053531665920978355,0.0046825455870291854,-0.000807518051367584
22.628,-0.005350892191293699,0.00468941689240765,-0.0007817811268577836
22.662,-0.0053545591749228905,0.004699936780398595,-0.0007029151243074239
22.696,-0.005504106263400033,0.004836100879638483,0.00024544681151539294
22.73,-0.005581983195673601,0.0048928284938889455,0.001669306003883708
22.764,-0.0055534368941527745,0.004845518279786187,0.0015056388545522381
22.798000000000002,-0.005340670013182169,0.0046498158015197966,0.001796417535885997
22.832,-0.005324532135591031,0.004621807889680696,0.0011208963294211394
22.866,-0.005365040400164833,0.004645933745313524,0.0010448046385200804
22.9,-0.005623115162915582,0.00486633712324025,-0.0009101977631527092
22.934,-0.005652777238728923,0.0049054947934914495,-0.0013611706035598914
22.968,-0.005572699513278767,0.004848872442239749,-0.0013840369825159902
23.002,-0.005146040766612625,0.004487566958054412,-0.00014393064085060916
23.036,-0.005354217011916962,0.004674724985341161,-0.0019050387498888988
23.07,-0.005416860622762698,0.004749800811795435,-0.0018905432270073241
23.104,-0.00563091548032002,0.0049486911610041595,-0.00013773571022168696
23.138,-0.0056340252625886045,0.004952822868393714,-2.652817219361836e-05
23.172,-0.005627188222594004,0.004948713753571532,-0.00039279850253626236
23.206,-0.005623492897034232,0.0049540404304533325,-0.0008558698741740756
23.24,-0.00557753621363144,0.004915175006687367,-0.0007767106315275107
23.274,-0.005528233961900053,0.004877643680322841,-0.0006224224546662604
23.308,-0.0055293875417206095,0.004878729581879071,0.0019886188720295017
23.342,-0.005589245519345365,0.004904866021982812,0.0027502433587085484
23.376,-0.005612032022523916,0.00490145342960524,0.0011633685073704216
23.41,-0.005628538462341126,0.004913860027007111,-1.4186791539749777e-05
23.444,-0.005633447677139358,0.004918270749300291,-2.5538464664354166e-05
23.478,-0.005642904852566577,0.004929498290552559,-0.0009934325879559227
23.512,-0.005644223832582451,0.004944893174607223,-0.0014693611197529322
23.546,-0.0056413144441949115,0.004957232510266252,-0.0014788448122202702
23.58,-0.005460590086461714,0.004812656812647642,-0.001891907042629981
23.614,-0.005207933186740288,0.0046120943398699765,-0.002401083782562985
23.648,-0.005316334809165824,0.004728449832152926,-0.0011632643693784141
23.682,-0.005330667356793217,0.0047484528974437445,-0.0005570967224968194
23.716,-0.005348581770033167,0.004754513504560354,0.000180664524034313
23.75,-0.005392278187176025,0.0048021826637896226,-0.0016786752267621274
23.784,-0.0054977759090748535,0.0049237060232170116,-0.0020759653911235354
23.818,-0.005555326517310721,0.004989903732443235,-0.000993097252730557
23.852,-0.005555394947383441,0.0049989274145687546,-0.0009822369750476234
23.886,-0.005214226122476351,0.004699367908519658,-0.00015840493850660667
23.92,-0.004961216586642614,0.004464715487896509,0.0014933524360158934
23.954,-0.004973330611160343,0.004461660863117611,0.0014792069582756362
23.988,-0.00530528742004277,0.00474663983524648,0.0010864094263878243
24.022,-0.0055891040310536155,0.0049951697157584185,-6.000727419364082e-05
24.056,-0.005591390212472902,0.004998607564714597,-2.7217430839332483e-05
24.09,-0.0055870044509398475,0.004991905477723435,0.0012959457047485579
24.124,-0.005592602554892245,0.004985272815848596,0.0013418525368207315
24.158,-0.005591314471458997,0.004971935817704942,0.0013935914057285892
24.192,-0.0055144525073829165,0.0048814290472551924,0.000832394648920598
24.226,-0.0053387628831278455,0.00471709297416778,0.001972548771084881
24.26,-0.005100981452323072,0.004485780738218814,0.0020939071521990367
24.294,-0.005240637716439345,0.0045999143338923965,-0.0003134145494114726
24.328,-0.005548134576392361,0.004879265330294924,-0.0007274665907690547
24.362,-0.005607412081591434,0.004933406285326125,-0.0001325913495899833
24.396,-0.005613687327497896,0.004942584529651128,-0.0005656782535830017
24.43,-0.0056155635429755435,0.004950205145522357,-0.0005756518081607709
24.464,-0.005579427229320366,0.004923862154607939,-0.0006248364800880424
24.498,-0.0053262463353176415,0.00470934015390112,-0.0009300485921648339
24.532,-0.005321932549555264,0.004711443583029773,-0.00036077457360894627
24.566,-0.0053511909976933225,0.00474104499966721,-0.00029004927708520256
24.6,-0.005584867539903726,0.0049481596351466095,0.0007034727141204122
24.634,-0.00560630976815224,0.004961562467765912,0.0010811439348832332
24.668,-0.005586688677585716,0.00493068730870494,0.0012698195206146676
24.702,-0.005567603348375805,0.0048976552829871345,0.00024965998765846814
24.736,-0.005599964012519276,0.0049279039632796895,-0.00034284937410999916
24.77,-0.00553000955852978,0.004870009388652008,-0.00011306083577089508
24.804,-0.005174661800039004,0.004558772659779109,-0.0003302213421441103
24.838,-0.005306343595445018,0.004679671653109896,-0.0005105776320939449
24.872,-0.005390712061839942,0.004759022442673011,-0.0005005654684686611
24.906,-0.0056008745258271375,0.004944183309758099,0.0007432343097799611
24.94,-0.0056107853126179386,0.0049452345629750205,0.0007555906172740379
24.974,-0.005480336340971004,0.004822862523545801,0.0005858357492098953
25.008,-0.005060996683984076,0.004452375986375046,-0.00011290429349219978
25.042,-0.005322004218740517,0.004681143251497932,0.00045081160437954177
25.076,-0.005240060916416045,0.004606664244094283,7.781281304186649e-05
25.11,-0.005036221903064408,0.004430410081341485,-0.00046773810989186876
25.144,-0.005027848680414948,0.004429279892629978,-0.0004363828013884685
25.178,-0.00498158928390291,0.00438388397561873,0.00014624158105824847
25.212,-0.004872609610771406,0.004282633275394687,0.0003807849133923291
25.246,-0.0047188251039185225,0.004153833121387063,-0.0006212917397205864
25.28,-0.004810887548650111,0.004238478249853905,-0.0013426533266351903
25.314,-0.0050988655017731865,0.004509795334880273,-0.0013649291375794625
25.348,-0.005274762198915539,0.004664806756752959,0.0016066682913402628
25.382,-0.005293728555904931,0.004660572350656977,0.002985621328719823
25.416,-0.005112358609840051,0.004472662635268243,0.0026035520719118743
25.45,-0.005036431611663339,0.004387028189099418,0.002009828872885144
25.484,-0.004850033074419002,0.004210219053502051,0.0008127567852405093
25.518,-0.004769097817685974,0.004138726391393011,-4.9858024208315754e-05
25.552,-0.004772136274918903,0.004142126582547867,-5.287884061111469e-05
25.586,-0.004968410103860066,0.0043139462252539396,9.185149181423212e-05
25.62,-0.005312723517155948,0.004609311459283116,0.0006221155964314383
25.654,-0.005492703991170078,0.004760347490866845,0.0013661687092323405
25.688,-0.005469083403478514,0.004717662164362313,0.0012784166688453167
25.722,-0.005401296375028064,0.004652183890165862,-0.0002475964439287992
25.756,-0.00534355728120639,0.004615368797087793,-0.0010892833223721257
25.79,-0.005116683499784003,0.004426467444904603,-0.0013293867196861875
25.824,-0.005052753210204042,0.0043866487615114025,-0.0018046731294489857
25.858,-0.005048875139364917,0.00439892812258913,-0.0017412260459703788
25.892,-0.005035308879181244,0.0043988577932752015,-0.0008208388204180573
25.926,-0.004767706480977907,0.004173751757821531,-0.001417590626914489
25.96,-0.004758351048779197,0.004178770982725233,-0.0015839498641483372
25.994,-0.005150348364072688,0.004537688061877265,-0.0013348564059980639
26.028,-0.005326564204337192,0.004699260671153116,-6.21234948274818e-05
26.062,-0.005312001788483123,0.004686847289145923,-0.00010555824739588715
26.096,-0.005048852099963863,0.004458210017534547,-0.0003645984165636662
26.13,-0.005030980896267856,0.004446615220967232,-0.00034402254335574867
26.164,-0.00501398292790789,0.004435071889276276,-0.00038582048619595355
26.198,-0.004897061510435563,0.004339098402417196,-0.001643874905615128
26.232,-0.0047514976392237784,0.004215166356828615,-0.0010387297699741005
26.266,-0.004691610288069636,0.004175916389552725,-0.0016166295225188423
26.3,-0.004808338527531042,0.004306591108039992,-0.0048473107508182345
26.334,-0.004982200514410451,0.004516920277525038,-0.007583599358422788
26.368,-0.004900617339604008,0.00451361209679213,-0.0077462990696646195
26.402,-0.0046473075571538125,0.004351631528181077,-0.008746968296206246
26.436,-0.004613817739532955,0.004396640568911536,-0.008772814712835862
26.47,-0.004494073007605959,0.00435755158808071,-0.00870219402023231
26.504,-0.00425919912751116,0.004200829683266516,-0.008028954390554954
26.538,-0.004229584489926719,0.0042387471274563104,-0.00804242005376876
26.572,-0.004271639464922927,0.004351534153867576,-0.007832550727730146
26.606,-0.004665595963408986,0.004820897850848382,-0.005925327456996587
26.64,-0.004983755114868593,0.005199398813862999,-0.003778958106782859
26.674,-0.005073807573499511,0.005329740205585853,-0.0033601979865784948
26.708,-0.005100202061067982,0.005380332145350053,-0.001144292252249102
26.742,-0.00496170811866703,0.005265737892651057,-0.005249608218067525
26.776,-0.0047964526914623384,0.005144462228297009,-0.005413867415433149
26.81,-0.004536979998789548,0.004904202369083954,-0.0013387004774068065
26.844,-0.004408789516826328,0.00478277261843818,-0.003461031020672412
26.878,-0.004355345131536126,0.00477322933215385,-0.006952036411819407
26.912,-0.004416910163021814,0.004918842002535229,-0.009532408929474379
26.946,-0.004227138222339111,0.0048200882837345915,-0.013194602171822112
26.98,-0.004015318385070188,0.004701082795646183,-0.012920047598431237
27.014,-0.0038520307559339884,0.0046286365694454545,-0.012628510168958496
27.048,-0.0037959166443948256,0.004680393563186502,-0.012635420045248758
27.082,-0.0035961758226696894,0.004550991466632848,-0.012710237111957843
27.116,-0.003434180098961015,0.004457600431523989,-0.011903356904066516
27.15,-0.0033780618760896886,0.004495379617017292,-0.01181813896383321
27.184,-0.0034183892138566208,0.0046475773860219505,-0.008512720931412863
27.218,-0.0033609999840669147,0.004634665113720793,-0.006761129439139423
27.252,-0.003051647431116855,0.004288041303539991,-0.010272443770892535
27.286,-0.0029019271545793757,0.00416522925882834,-0.008705414499656339
27.32,-0.002742970447668469,0.0040107451310578135,-0.009759049111200289
27.354,-0.002676631991915812,0.004001465803310733,-0.010367516094926808
27.388,-0.0026342726588834964,0.004026542471896821,-0.009882175105746072
27.422,-0.0025950942371517627,0.004053592030953457,-0.009921646976746688
27.456,-0.0025542195241063936,0.004078494215931983,-0.00996199837900047
27.49,-0.0023502502871606268,0.0038227100853225338,-0.006443849222287578
27.524,-0.002261163496709351,0.003726088088499502,-0.0061506980800491995
27.558,-0.002218181552495757,0.0037122768743818035,-0.006829141735484435
27.592,-0.0022642031951738417,0.0038568420411659865,-0.009534568407545406
27.626,-0.0020449542949805277,0.0035550242592830017,-0.006478439991643103
27.66,-0.0019660353664470165,0.003466137889378551,-0.0056673347821636355
27.694,-0.0019471541014839389,0.0034763059122999707,-0.005201099221292082
27.728,-0.001929475664824487,0.0034871317658198286,-0.005213182311217145
27.762,-0.0019093667028542427,0.0034943089366539226,-0.0055397905249678905
27.796,-0.0018989628885961451,0.0035292781375728666,-0.00796776558693546
27.83,-0.0018681628371925996,0.003541884905815529,-0.007871716512795057
27.864,-0.001836521357204468,0.0035453243523644318,-0.00781484737086746
27.898,-0.001791118948914594,0.003519817868714803,-0.007560750478138533
27.932,-0.001741990211143296,0.003491708883528677,-0.007018135641449596
27.966,-0.00173807631093581,0.0035452996895455335,-0.006595806407068137
28.0,-0.001722047330499521,0.0035493735052400943,-0.00022078431939576146
28.034,-0.0017149016628739133,0.0035389620205497074,-0.0014802393036945636
28.068,-0.001710635825935114,0.0035423601479274147,-5.0467118658303896e-05
28.102,-0.0016969880326458409,0.0034812636324037527,0.008378386785472536
28.136,-0.0017235962530683935,0.0034598839017929706,0.007351625465660925
28.17,-0.0017541951961179691,0.003461830754320161,0.00617203415745049
28.204,-0.0017939171938303744,0.003495981411370863,0.0030249472120016385
28.238,-0.0017987754386110666,0.0034888729613307135,0.0016223158754042901
28.272,-0.0018113933669718918,0.0035031723977509976,6.053999866884041e-05
28.306,-0.0018170214775423688,0.003523314443611536,-0.002215509444082109
28.34,-0.0018091531709947262,0.003528711786035643,-0.002254802529884081
28.374,-0.0018014073579974976,0.003534166764878499,-0.00238448794669166
28.408,-0.0017929068486361999,0.003539162996859968,-0.002505193245317283
28.442,-0.0017851235983421532,0.0035411946156216345,-0.002583816594199373
28.476,-0.0017183386104173692,0.0034259573565136314,-0.0009320634681633243
28.51,-0.0014727132295764278,0.002931633970694403,0.006291939720101335
28.544,-0.0012235022454438749,0.002380591352606931,0.013055319882995685
28.578,-0.0009743297378213001,0.0018228686555863405,0.019130315350985413
28.612,-0.0007886634887332988,0.0014096649722237231,0.022059716068912653
28.646,-0.0007365703414681235,0.0012528415099550827,0.020112986804477814
28.68,-0.0006140493536044289,0.0010030196528898472,0.02003576791681194
28.714,-0.00042877855352507765,0.0006715411861279996,0.021125837216826145
28.748,-0.0003223405308538929,0.0004844106073873533,0.018913594843434908
28.782,-0.0002127259476445431,0.00030977502851081695,0.016154340541316255
28.816,-9.11908265193162e-05,0.00013124980134282538,0.01315566529416223
28.85,3.2871698975256436e-05,-4.2214835943799045e-05,0.010180835596591995
28.884,-9.928302668527067e-05,0.00013261531455199815,0.006497929952396397
28.918,-0.0001611558511074307,0.00021167323502790936,0.0030325143670495436
28.952,-1.7438427341254226e-05,2.4421292279974693e-05,0.00018145798144741931
28.986,-3.1149692167886656e-06,3.321537128009311e-06,-0.0001668501547524848
29.02,-2.613040664734001e-06,3.0056940616418615e-06,-0.00017471304573035695
29.054,-2.6424248478207346e-06,3.077034110621213e-06,-0.00017477279914190905
29.088,-2.691371815188859e-06,3.154453642295607e-06,-0.00017463435662046225
29.122,-2.73834242836557e-06,3.2250403334543876e-06,-0.00017452484683211367
29.156,-2.7815237766404266e-06,3.290897963914574e-06,-0.0001744383711450581
29.19,-2.8216605638675674e-06,3.352872026241016e-06,-0.00017436854077157451
29.224,-2.8584186857472105e-06,3.4113453089013035e-06,-0.00017431611466012242
29.258,-2.8929178110814746e-06,3.465914044209484e-06,-0.00017428176661038464
29.292,-2.9264153944552618e-06,3.517570867028752e-06,-0.00017424665569309994
29.326,-2.957636133338326e-06,3.566375212926687e-06,-0.00017422339204964388
29.36,-2.986687784201081e-06,3.6122267719207457e-06,-0.00017421515605864357
29.394,-3.0142671505473118e-06,3.6557957279192976e-06,-0.0001742132486532988
29.428,-3.04048799826262e-06,3.6972397809975632e-06,-0.00017421718594201607
29.462,-3.0652535638608924e-06,3.7364602878398046e-06,-0.00017422990062287977
29.496,-3.0887024697889842e-06,3.7736002203025976e-06,-0.00017425024906669861
29.53,-3.1109929272687964e-06,3.80901821772639e-06,-0.00017427302979200474
29.564,-3.1000601889985546e-06,3.7911461219231057e-06,-0.00017349034768887606
29.598,-3.0949245992673013e-06,3.7873035161339885e-06,-0.00017304678098861712
29.632,-3.1051227660228164e-06,3.8024726087826366e-06,-0.00017284769596059846
29.666,-3.115858743463207e-06,3.821005348125794e-06,-0.00017271950954622642
29.7,-3.1266054172363056e-06,3.8410638669716946e-06,-0.0001726308499843121
29.734,-3.137321129997872e-06,3.860330445082383e-06,-0.00017255360075862924
29.768,-3.1480920892335007e-06,3.879146222907082e-06,-0.0001724870381871746
29.802,-3.1585907649400724e-06,3.897268732178105e-06,-0.0001724275102708006
29.836,-3.1690591324462503e-06,3.9150750561489644e-06,-0.0001723819991186204
29.87,-3.179297126010283e-06,3.932450987065295e-06,-0.00017234241795716088
29.904,-3.1892659730914374e-06,3.949297514349581e-06,-0.00017231044070298296
29.938,-3.1992243147982435e-06,3.966145808664834e-06,-0.00017228793451717903
29.972,-3.209023071271133e-06,3.982460476059657e-06,-0.00017226927740265907
30.006,-3.218464599719084e-06,3.998458077525413e-06,-0.00017225493926220636
30.04,-3.227990571730288e-06,4.014158665022194e-06,-0.00017225029215417464
30.074,-3.237246257725701e-06,4.029648902559302e-06,-0.00017225176631141537
30.108,-3.2461730858912574e-06,4.04475288950934e-06,-0.00017225653244556938
30.142,-3.255070211594102e-06,4.059534362443884e-06,-0.00017226398082437203
30.176,-3.2638498650428005e-06,4.074098082895716e-06,-0.00017227529756036475
30.21,-3.2725248413356667e-06,4.088626126552697e-06,-0.0001722923004776611
30.244,-3.281150535272559e-06,4.102945029504923e-06,-0.00017231131427219992
30.278,-3.2907790394887115e-06,4.11854264381617e-06,-0.00017230999419881599
30.312,-3.2996228114257065e-06,4.133403864070573e-06,-0.0001723242938367342
30.346,-3.3081265788936776e-06,4.147725676251213e-06,-0.00017234584217495913
30.38,-3.3164537436292107e-06,4.161631757426676e-06,-0.00017237126819358295
30.414,-3.324674346494305e-06,4.175238474957155e-06,-0.00017240019484443533
30.448,-3.332874234374117e-06,4.188742493305142e-06,-0.00017243357603557996
