linear_velocity_x,angular_velocity_yaw,delta_position_x,delta_position_y,delta_yaw,kinematic_delta_x,kinematic_delta_y,kinematic_delta_yaw
0.2182301959709371,0.082226541629335,0.0053184520910183,0.0050552301212218,0.0013452983050413,0.0052202007628306,-0.0050556614164111,0.0027381438362568
0.206745090884946,-0.0819915999342293,0.0053460995334315,0.0046987218845605,-0.0028635492542632003,0.0048042173096963,-0.004931261752033,-0.0027303202778098
0.2185222075567203,0.0487219872061124,0.0054454496014906,0.0051404356565911,0.0016241796017532,0.0049530681556661,-0.0053309257945079,0.0016224421739635
0.2174491115360532,-0.0004307981986115001,0.0053457156909286,0.005203083841645,2.4282384019080894e-06,0.0052304706355976,-0.0050075004183831,-1.4345580013763735e-05
0.2174582530046068,-0.0169482470554082,0.0054275728717791,0.0051253312431304,-0.0005754077705601,0.0052398925747004,-0.0049980812848159,-0.000564376626945
0.1150135623569883,0.2031597184325389,0.0025006222922092,0.003284606805963,-0.0008301930121454,0.0030934671720704,-0.0022580820114974,0.0067652186238035
0.2250483749596151,0.0355201708572618,0.0048322635189017,0.0057411388003729,0.0001794045833575,0.0057702706383855,-0.0047818059544432,0.0011828216895468
0.1378537395115195,-0.0935651899945822,0.0026718307980968005,0.0039388707434557,-0.0032318864157677,0.0038601674808482,-0.0024843613462841,-0.0031157208268195
0.2064342153356512,0.0190052678645137,0.005125122220461,0.0048998754536321,0.0006344317447612,0.0049934425655467,-0.0047245075576896,0.0006328754198883
0.2179118175720449,-0.1156837907833602,0.0054681610992852,0.0050032824735486,-0.0031358258923119,0.0051782032864297,-0.005083542908059,-0.0038522702330858
0.2066727242556926,0.0244987346575864,0.0052265405198936,0.0046398238080818,0.0006241266010261,0.0047401408702366,-0.0049895653504784,0.0008158078640976
-0.00025557583970070574,0.0006249572137792996,-6.212079165734963e-06,-6.035039135543485e-06,1.9781724283296498e-05,-7.016468378868594e-06,4.816717586308245e-06,2.0811075218851727e-05
0.224129186266549,-0.0432029385592697,0.0053729627218763,0.0048386821944376,-0.0008166491756395,0.005276502304882,-0.0052784822127321,-0.0014386578540236
0.2182467576707535,-0.0031817144821353,0.005672984678537,0.0048893942822427,-9.16721652082231e-05,0.0048892386551857,-0.0053771370285986,-0.0001059510922551
0.2179473878046365,0.052519729134015,0.0053579342939493,0.005161355920416,0.0014202217904358,0.0052579271061822,-0.0050027636176164,0.0017489069801627
0.2173748957778394,0.0517350115585711,0.0053886758385428,0.0051349205589343,0.0017640599774977,0.0049548267027053,-0.0052770046558171,0.0017227758849004
0.1949271161313127,0.0084905244850446,0.0050303367408699,0.0044071583116056,0.0002868382724365,0.0043476812445208,-0.0048199269476324,0.0002827344653519
0.2250247671978962,-0.0539393278190975,0.0053893154711062,0.0048995700595741,-0.0018805049010899,0.0052601790565915,-0.0053367046921057,-0.0017961796163759
0.2183992305844805,-0.0915855997254231,0.0056442458112585,0.0049797586650934,-0.0031563291209943,0.0050977712040161,-0.005186980940492,-0.0030498004708565
0.2062933184902575,0.00021439318461480023,0.0050684593147156,0.0049494292863054,-5.212140452903746e-06,0.0047970852183007,-0.0049172076551565,7.139293047675466e-06
0.2250472414652475,-0.0013596297970728992,0.0052264112896263,0.0050630146138326,-0.00015404221333399997,0.0051800960216321,-0.0054155089729977,-4.5275672242528485e-05
0.2249847425671416,0.0257070734124057,0.0053953987619053,0.0051798716119367,0.0008401176477957,0.0054581134464616,-0.0051321474276708,0.0008560455446331
0.2177865346687065,0.0119530453282706,0.0051410745640558,0.0053662568827661,0.0007221887748979,0.005246162071805,-0.0050073462370976,0.0003980364094314
0.2182307325596969,-0.0519457762319687,0.0055471703999345,0.0050603334901158,-0.0017948144521228,0.0051104782918041,-0.0051665752215144,-0.0017297943485245
0.2184450685201339,0.0549565352000468,0.0047294424762522,0.0057951368602395,0.001707017677862,0.0056753376775412,-0.0045502544389508,0.0018300526221615
0.217582617842335,-0.0417595840910848,0.0055779132263662,0.0048723224168361,-0.0011627562020359,0.0050334788055535,-0.0052116571183179,-0.0013905941502331
0.2173623828935778,0.0403793544112093,0.0056888591843231,0.0048065354453578,0.0013724280663386,0.0048984688885495,-0.0053287954779601,0.0013446325018932
0.2243525232802242,0.0354078989054063,0.0057470797515404,0.0046376531813342,-0.0005559116746898,0.0049330384539949,-0.0056107089626722,0.00117908303355
0.2241221756176645,-0.11815879529205321,0.0055167411227459,0.0050125500439406,-0.0024524313846624,0.005305381815704,-0.0052491168643754,-0.0039346878832253
0.2066162925136144,-0.0304911182300482,0.0054209395351771,0.0046454836831073,-0.0013452265815795,0.0046134799746173,-0.0051043742732036,-0.0010153542370606
0.1720989128709146,-0.1932864202062988,0.0051015472698958,0.0044595111013934,0.0017130954972564,0.0038515864426059,-0.0042436201787381,-0.0064364377928697
0.2016097980894372,-0.0455298979472917,0.0052160498492549,0.0044521616198429,-0.0012225106061127,0.0046135281651161,-0.0048772798228012,-0.0015161456016448
0.1715282250289244,4.308776252644024e-05,0.0031935286610469,0.0031434258309675,-0.003094356901968,0.0040400761233267,-0.0040377556977394,1.4348224921304637e-06
0.2242609975620928,0.016868761983053395,0.0055668942380977,0.0049736702857279,0.0005638919037419,0.0049500966887536,-0.0055915955291494,0.0005617297740356
0.2125593342688879,-0.0371349566004312,0.0052001408084806,0.004818773095889,-0.000988668945936,0.0050875238649755,-0.004921216867371,-0.0012365940547943
0.207105072298197,0.04419609730142,0.0052074603180618,0.0048169954189224,0.0015467076528294,0.0049118399717467,-0.0048411668013204,0.0014717300401372
0.2127378780999261,-0.0388402769751219,0.0051922689673575,0.0050146758119604,-0.0012502533207092,0.0051400625685282,-0.0048749598337215,-0.0012933812232715
0.1181536911898314,-0.0060980406731638995,0.00231427556227,0.0031657241333431,0.0014307687850356001,0.0032208694722865,-0.0022597413625245,-0.0002030647544163
0.2129719838683561,-0.0414415795769899,0.0051439218410775,0.0049003324146199,-0.0012389287103573,0.0050493900957995,-0.0049799245474689,-0.0013800045999137
0.217998121926976,0.00018058410047390016,0.0056610654216573,0.0047976935387048,-9.695522443053942e-05,0.0048448177461968,-0.0054060818868333,6.013450545783172e-06
0.2178449874964755,0.0088720527921061,0.0057139753596744,0.0048220841800057,0.00031459194999,0.0048357077330966,-0.0054073931345271,0.0002954393579771
0.2178904330834286,0.0297508682392378,0.0055075226867144,0.0050493076226439,0.0009332336576114,0.0051451823449756,-0.0051159576839689,0.0009907039123666
0.2127739955712743,0.0306039201373306,0.0052829084963239,0.0047518494596634,0.0009990110158775,0.0048706309863667,-0.0051458211117221,0.0010191105405731
0.1145006541443098,-0.0054792980470519,0.0023198891462175,0.0031745246166896,-0.00019235323547080004,0.0031221249010944,-0.002188681634064,-0.0001824606249668
0.2123634743558886,-0.0117974795194872,0.0053276783440814,0.0047367935741222,-0.00044128810385089996,0.0049353664591628,-0.0050646964800772,-0.0003928560679989
0.2180799061180532,0.0143877051158881,0.0051786459731753,0.005392895209098,0.000228164823253,0.0052510293966451,-0.0050163948609067,0.000479110580359
0.2251284333586607,-0.029133484379214397,0.0055913398154521,0.0050130144310263,-0.001209218236914,0.0051435439978647,-0.0054539539405371,-0.0009701450298278
0.1534611228792772,-0.0730817355036363,0.0028495135191524,0.0042688968199922,-0.0024346723218695,0.0043165404428364,-0.0027353566288272,-0.002433621792271
-0.00015251198050938997,0.0021894549468353,-5.755858066914046e-07,4.3316266383659763e-07,1.0836994556506774e-05,-3.5914951281289984e-06,3.590799061533507e-06,7.290884972961564e-05
0.2179976324339708,0.1043787932637805,0.0047694362701982,0.0051972681140646,0.0021231668523219,0.0053772493860767,-0.0048767693906965,0.0034758138156838
0.1944688224491303,-0.1507803180334064,0.005219717416689,0.0044835870948887,-0.0045125419826034,0.0043334543020465,-0.0048121953428927,-0.0050209845905124
0.2068911822698449,0.0047277430046859,0.0051358968470186,0.0049013111807023,0.0001385315067191,0.005006093673861,-0.0047332769491695,0.000157433842056
0.2183779327486043,0.0566675573331613,0.0055570370902213,0.0050156726212673,0.0019527933281956,0.0051169426491854,-0.0051670736793431,0.0018870296591942
0.2251941648293795,0.0233065169803241,0.0054898952320048,0.0050782564634912,0.0021683453817912,0.005342893812891,-0.0052619358874427,0.0007761070154447
0.2178995298949327,-0.0420495892145659,0.0052254117462908,0.0048806125489733,-0.0027416641856744,0.005151609551085,-0.0051099153706689,-0.001400251320845
0.2125100537075291,0.0875266017686758,0.0042867518894369,0.0055946142562532,0.0029122771084377,0.0056321404538886,-0.0042845082243408,0.0029146358388969
1.6277953461540928e-06,0.00023049069827130002,-5.75391138980634e-07,4.331255518625135e-07,1.0834346806265494e-05,3.8330021447675875e-08,-3.8328252032744347e-08,7.675340252435632e-06
0.2248959778105346,0.0307905518452364,0.0054863324098238,0.004715331311875,0.0007819443552222,0.0051761464215554,-0.0054123159953388,0.0010253253764463
0.2069088238460092,0.0209232024690055,0.0052570605841517,0.0047133473814917,0.0002540867191345,0.0045688483316139,-0.0051573833132524,0.0006967426422178
0.2244304275146508,-0.014274656646215599,0.0057303521413604,0.0046137933814242,0.0003849973135069,0.004931618081969,-0.0056154110334909,-0.0004753460663189
0.2184591088858033,0.0895067245501975,0.0054454549915843,0.0051222669438764,0.002481319705534,0.004939357932625,-0.0053407671990001,0.0029805739275215
0.2179122057674002,0.0761034183580144,0.0049536660243143,0.0051796521062783,0.0012632916899215,0.0052706442749942,-0.0049876578916365,0.0025342438313218
0.1948115388545474,0.1063788023006594,0.0040545546712538,0.0053247359760053,0.0034479455252711,0.0051757306497967,-0.0039109904912292,0.0035424141166119
0.2061717644041826,-0.0452575290567551,0.0051819906646497,0.0046522549961234,-0.0004618053085723,0.0047181220307489,-0.0049874519629888,-0.0015070757175899
0.2067007400625563,-0.0074058970797211,0.0052779232176178,0.0047463472910123,-0.0004081059102931,0.004655710131995,-0.0050697046714062,-0.0002466163727547
0.2177058187856868,0.0202785312355082,0.0054583643221208,0.0048778045064854,-0.0013179815409033,0.0048020464318566,-0.0054311235326416,0.0006752750901424
0.1886068708739046,-0.0677840359971198,0.0048292913172922,0.0041755512488215,-0.0024656075976512994,0.0043395809527103,-0.0045402717216795,-0.002257208398704
0.2006865827016366,0.0563456516492067,0.0046959929850438,0.0047152539746799,0.0019218953655137,0.0047373938844874,-0.0047135704814563,0.0018763101999185
0.2244010838213042,0.0349682244037149,0.0043813504646954,0.0056053440607812,0.0050851845572933,0.0059123521602169,-0.0045698118299319,0.0011644418726437
0.2061039622040316,0.0095844965439135,0.0053437681295379,0.0046306961616421,0.0003238273609512,0.0047547913183923,-0.004949376081374,0.0003191637349123
0.2179288258690464,0.0727699252913116,0.0053374139699728,0.0047495435099543,0.0018049081955812,0.0050496400970862,-0.0052120621743632,0.0024232385122006
0.2182164864412834,0.0011183335019999,0.005405789601141,0.0051236973940587,0.00038489569073790004,0.0049597352208346,-0.0053108034109783,3.7240505616598085e-05
0.1483974099932672,0.1644856120265295,0.0030995777953273,0.0047374270174724,-0.003746549304445,0.0041758607625554,-0.0026423228390533,0.0054773708804834
0.2181437865795828,0.0314171669433415,0.0053436372964534,0.0051452580787527,0.0005891720638259,0.0052968827380055,-0.0049710619689117,0.0010461916592132
0.2186009294159479,-0.025566483921434797,0.0055179338328009,0.0050942046491329,-0.0008830937905036999,0.0052226097056751,-0.0050709139643619,-0.0008513639145837
0.2185441656438308,0.1217442292480121,0.0056516636203256,0.0048779975214596,0.0042286340923709,0.0048585811273504,-0.0054181569431896,0.0040540828339588
0.1838981384821572,-0.0589368143826663,0.0034077731223312,0.0053593990616018,-0.0017617971244721,0.0051775391831014,-0.0032701835623502,-0.0019625959189427
0.2252455328882578,-0.0265471785935857,0.0055197675948147,0.0050867908304301,-0.0006481923689317,0.0053768206059241,-0.0052297170710082,-0.0008840210471664
0.1713239634025655,-0.2765060558425509,0.0049589540580057,0.0044606560614606,0.0008157490523162,0.0038738296542332,-0.0041882266809404,-0.0092076516595569
0.2174414373203023,-0.0238497680423441,0.005440551801107,0.0051201916152874,-0.0008112443935786,0.0052333262153837,-0.0050041459431366,-0.00079419727581
0.2248269458326067,0.0559154204677151,0.0056492010016446,0.0049013390173628,0.0019320079213569,0.0050595269068073,-0.0055183699248909,0.0018619835015749
0.2179111245616508,-0.0180438518768659,0.0053966788243819,0.0051011393089807,-0.0007738661781316,0.0052537221443808,-0.0050054300533921,-0.0006008602674996
0.2177838227543317,0.0578836157209065,0.0053323797177446,0.0052140201024897,0.0020002050985369,0.005243447097574,-0.0050100568772911,0.0019275244035061
-0.000253342823551328,0.0006204131869147998,-6.211699350444633e-06,-6.078568543177454e-06,2.1014986525069723e-05,-6.957894806841377e-06,4.7706527766792e-06,2.06597591242641e-05
0.11458637568873,-0.0056952652875074,0.0023224281652725,0.0031767540565588,-0.00019990428487509998,0.0031240547193782,-0.0021909014908999,-0.0001896523340739
0.1602387172994878,-0.2834162509791236,0.0053577509903997,0.0048387277000276,0.0008922331234929999,0.0035917265016897,-0.0039460922672951,-0.0094377611576048
0.217477278188457,0.0227322019827791,0.005139894300699,0.0054054546408042,0.0007810260965023,0.0052853001545801,-0.0049509663350797,0.0007569823260265
0.2179205242034222,0.017043612870731,0.0054465890132721,0.005114628361268,0.0004830227652473999,0.0052362108908127,-0.0050241979274464,0.0005675523085953
5.76966300652737e-07,0.00024046172618420042,-5.753484769504755e-07,4.331117490572606e-07,1.08337162060268e-05,1.3585833947583042e-08,-1.3585419844449704e-08,8.007375481936865e-06
0.2240186679967663,0.0016483245201592,0.0056947613937494,0.0048158738901555,-0.00033680790925309995,0.004979405356622,-0.0055546792207195,5.488920652130247e-05
0.2180174653040197,0.0065318785699058,0.0040970704841406,0.0039742221720469,-0.0040556199933592,0.0051356250567806,-0.0051315385434156,0.0002175115563778
0.2001766645662764,3.862389477218408e-05,0.0036966779456069,0.0036137346656816,-0.003607486131489,0.0047148512286597,-0.0047121304241181,1.286175695913716e-06
0.2249068855475159,0.0674256230489646,0.0055508536968722,0.0048673455743956,0.0022132496150925,0.005221024598234,-0.0053695419065866,0.0022452732475305
0.206636071140546,-0.0263522048720835,0.0052813811070406,0.0047634026801235,-0.0009457680709183,0.00465742073273,-0.0050652078859434,-0.0008775284222403
0.2243949173596489,0.0025009040037680995,0.0048180104170132,0.0057258231816583,-0.0007348647215936,0.0057564714217128,-0.004764353307751,8.32801033254782e-05
0.2063881641409137,0.0478530209481397,0.0053716755507933,0.0047054851104118,0.0026731870523375,0.0046270829326818,-0.0050817766939102,0.001593505597573
0.2178314914273798,0.0023445254189440002,0.005601409434404,0.0047872516332418,-0.0013667752037539,0.0050000190164769,-0.0052552126310836,7.807269645083714e-05
0.2133464076532943,-0.0100027323437821,0.00515227181363,0.0049878719023332,-0.0001083828800685,0.0049146709477577,-0.0051302057467588,-0.0003330909870479
0.2183021008042918,0.0561421536362676,0.005337229951555,0.0052310974538003,0.0019247471696357,0.005091072214719,-0.0051890284616658,0.0018695337160877
0.2143267363417857,-0.0358166617063271,0.0052251124329065,0.0044922633327917,-0.0034266972633312,0.0049224528478139,-0.0051679171258267,-0.0011926948348206
0.2067213030709684,0.017080446531086,0.0049188250573499,0.0051221163592676,0.0005614370757502,0.0049781266981105,-0.0047544950021372,0.0005687788694851
0.2070054074767869,-0.003388269014676399,0.0043631512123845,0.0055763250997222,-0.0004535238241164999,0.005460043786187,-0.0042077585377371,-0.0001128293581887
0.1829132524899714,-0.2019672504947796,0.0051086145183425,0.0046233612422659,-0.0022997199836809,0.0042572505833873,-0.0043561561471438,-0.0067255094414761
0.2183801291414415,0.015104015869311302,0.0057211747927996,0.0048391620945176,0.0005190993538507,0.0048530446716958,-0.0054157906370388,0.000502963728448
0.2241500268100691,0.00045497052151750005,0.0053404973334809,0.0052016057064465,0.0014438563488791002,0.0053917118540101,-0.0051617500527964,1.5150518366535694e-05
0.225097719674165,-0.0386533189702687,0.0045538514591991,0.0057017583378944,0.0004754204301793,0.0059131062939849,-0.0046066794118903,-0.0012871555217099
5.5240315956495145e-06,0.0002024389762826,-5.754903431255329e-07,4.3314546232121193e-07,1.0835703582068312e-05,1.300783438648959e-07,-1.300665972405249e-07,6.741217910212498e-06
3.806181605234271e-05,-0.0004309283792209998,6.843915480890181e-07,6.659985541182523e-08,-8.709969847031651e-06,8.962071879254024e-07,-8.962497759963827e-07,-1.4349915028061248e-05
0.2186052110340974,-0.0532515203444426,0.0056063779468011,0.0050098843652053,-0.0018476002869938003,0.0049872373064417,-0.005302768118815,-0.0017732756274699
0.2296438866523846,0.0738440303320337,0.0056077353778674,0.0049893142630821,-9.867547199537971e-05,0.0053310970805728,-0.0054825310243044,0.0024590062100567
0.2184272880288318,-0.0220984159460017,0.0056730325519569,0.0049134493178946,-0.0007677856288546,0.0049104498674505,-0.0053659252745066,-0.0007358772510018
-0.00024624645062951145,0.0005277105669119998,-6.213937115973067e-06,-6.030856222416503e-06,1.7740149942158112e-05,-6.75998697107071e-06,4.641410105477377e-06,1.7572761878170697e-05
0.2176024980211468,0.0175276298700131,0.0048340005944131,0.0055359954921261,0.0018325948976545,0.0054796191016627,-0.0047413767937932,0.0005836700746714
0.2177626895005294,-0.0550979511283597,0.0056190536278148,0.0049599709120091,-0.0019050251782415,0.0050032722617838,-0.0052489493035342,-0.0018347617725743
0.2176936949978967,-0.0135801424574097,0.0058212614713943,0.0046902230639072,-0.00047784670184319996,0.0047861112502592,-0.0054446340073717,-0.0004522187438317
0.1184255588905505,0.1064090084091847,0.0022667499821897,0.0031677368056577,0.0051341605616929,0.0032474825511455,-0.002237318465456,0.0035434199800258
0.2180097323975222,-0.0126775970436207,0.0053941714174488,0.0052009024757098,-0.0004616234766818,0.0052631515442559,-0.0050002828805466,-0.0004221639815525
0.2121897453763364,0.0582441716889074,0.0053731705809219,0.0047253382067857,0.0016252286883707,0.0047607166306251,-0.0052213758778213,0.0019395309172406
-1.5382832637966803e-06,0.00023017346165490025,-5.750680765670077e-07,4.329379207313952e-07,1.08288069858853e-05,-3.6221413361028e-08,3.622143975245972e-08,7.664776273110001e-06
0.2240680380805433,0.0750348001776317,0.0055442686902578,0.0049536811539179,0.0023514516588011,0.005205064237837,-0.0053460964479207,0.0024986588459151
5.5023615913862844e-06,0.00022295006046720023,-5.757126524969652e-07,4.3318537092107423e-07,1.0838712304117593e-05,1.2958238061383345e-07,-1.2954204535425317e-07,7.424237013558753e-06
0.2067133025961414,-0.199963214841039,0.005166583159528,0.0049238616935751,-0.0052282213867183,0.004895308174749,-0.0048393268514983,-0.0066587750542066
0.217510639688187,-0.013748209570741198,0.0058141239709283,0.0046892568173196,-0.00048283849137639994,0.0047845615042797,-0.0054378792023679,-0.0004578153787056
0.206259929823071,0.131021962470116,0.0047694029192468,0.0048078448530493,0.0022070183568323,0.0048840442248023,-0.0048292567098655,0.0043630313502548
-0.00024655107124779696,0.0006176451677956003,-6.2291193740904305e-06,-6.094131380862677e-06,2.150795180122511e-05,-6.77088791354501e-06,4.643452479143029e-06,2.056758408759407e-05
0.2184462644826637,0.0331993807402779,0.0053241876362504,0.0052681836003796,0.001121981884871,0.0052923510185691,-0.0049905793941495,0.0011055393786512
0.217806841084383,0.0022211823871038,0.0055413355777589,0.0050077985379175,0.0001662369093055,0.0049403624245164,-0.0053102129068328,7.396537349055875e-05
0.2180052573988094,-0.0645119859527887,0.0054129241567756,0.0045063185336574,-0.0006625320336223,0.0048306799077275,-0.0054190351150471,-0.0021482491322278
0.2175346866776118,-0.023656873141548,0.0054491005043394,0.0051200830027818,-0.0008218454030574,0.0052316089776891,-0.0050104316581831,-0.0007877738756135
0.2181547871982015,-0.0236341579441813,0.0055864965956082,0.0047688533607384,0.0005315098777123,0.0048604675578117,-0.0053990372498317,-0.0007870174595412
0.2184879127573283,0.0232672758074424,0.0057098405484934,0.0048435732916223,0.0008768580268848,0.004864658367731,-0.005410188793932,0.0007748002843878
0.1143645831543687,-0.002064672419035101,0.0023152743794967,0.0031699860916067,-6.529393018184226e-05,0.0031188302155115,-0.0021854876690873,-6.875359155387175e-05
0.1956131869701418,-0.0451190326809359,0.0051114443101853,0.0043751834336458,-0.0015239720892417,0.0044834422574396,-0.00472545023502,-0.0015024637882751
0.206455323894304,0.0031619366819889997,0.0043483215913369,0.0055952120459554,9.656389623458052e-05,0.0054596429214928,-0.0041782060212075,0.0001052924915102
0.2175107874767427,-0.013594620838702397,0.0057096592626177,0.004818488822859,-0.00048982481973,0.004831359287416,-0.0053963504107769,-0.0004527008739287
0.206619989961628,0.0502655530588332,0.0053639249807271,0.0046257376784968,0.0016434750470851,0.0046041164287302,-0.0051129867412913,0.0016738429168591
0.2183245562599356,-0.0187908602406367,0.0056022170025024,0.0049835659138068,-0.0006303990853684,0.0050989442049074,-0.0051823437374244,-0.0006257356460132
0.2177579688343111,0.0163745640462578,0.0048445434345847,0.0055316363533668,0.0017101840166428997,0.0054808549861376,-0.0047478589244367,0.0005452729827403
0.2248446966908129,0.0366345305956973,0.0055560461241168,0.0049911911388322,0.0012067149091138,0.0049775602878495,-0.0055932077732566,0.0012199298688367
0.2062624175014887,0.0141463838141998,0.0052052527263222,0.0047709744177795,0.0004915797618041,0.0048647267081517,-0.0048488405157313,0.0004710745810128
0.2245667638072015,-0.0201635976588983,0.0054824918541412,0.0046939562392714,0.0008829010456329,0.0051138035622711,-0.0054562432433173,-0.0006714478020413
0.2178267633001208,0.0442986374644882,0.004890133054709,0.0056248930626909,0.0013892494724236,0.0054939451890201,-0.0047362139483076,0.0014751446275674
0.2180511771401535,0.0128872920941616,0.0054922342410832,0.00490164836325,-0.0009660069142275,0.0048040579505046,-0.0054446910458151,0.0004291468267355
0.2175931155897199,0.0321961561750667,0.0056883493593051,0.0048286540188205,0.0010871231526274,0.0049174175712788,-0.0053217809499557,0.0010721320006297
0.224817024035096,-0.0395387589813258,0.0054025362507724,0.0051191353846632,-0.0016521865499055,0.0054251679757761,-0.0051588596235936,-0.0013166406740781
0.2244801776493593,-0.0020079157777363995,0.0054395881782257,0.0050111520843907,-0.00013681490189840003,0.0053551151129168,-0.0052154775795614,-6.686359539862518e-05
0.2182697360807552,-0.00021322426571120014,0.0055074934677949,0.0050808860620608,-1.7548223062657797e-05,0.0052123640722914,-0.005065633301865,-7.100368048185146e-06
0.2006342048263915,-0.012767701344046,0.0043000988682111,0.005418648986315,-0.00016668783062910003,0.0052720633294368,-0.0041039857391319,-0.0004251644547567
0.2178393313649377,-0.0014199157742802006,0.0052658630966824,0.0049779114691073,0.0020419336133651,0.0051939412281234,-0.0050640114591997,-4.728319528353175e-05
-3.491757689075281e-05,-0.00044695259117989976,-7.179146969899311e-07,-7.069695291709796e-07,-7.499680411360288e-06,-8.221755824326373e-07,8.222087469968079e-07,-1.488352128629077e-05
-0.00024562644170408876,0.0005957083077474,-6.204172269264063e-06,-6.07155126663983e-06,2.0798362094121003e-05,-6.74615533035466e-06,4.62507584679939e-06,1.9837086647989117e-05
0.1995654828383587,0.0373052471139624,0.0050172383672655,0.0048618067151822,0.0005544503425445,0.004596434630888,-0.0047995686967199,0.0012422647288949
0.2180400180163164,-0.0231623422809978,0.0037681937220201,0.00605126702545,0.0032864690042599,0.006168929080624,-0.0038291708335582,-0.0007713059979572
0.21774339636477,0.1092887819619078,0.005550359488367,0.0049008709529108,0.0032823588746905,0.0049002439326068,-0.0053443850010082,0.0036393164393315
0.2250623616150611,-0.0006299051338029002,0.0055109521171065,0.0050838474554852,0.0001246237097296,0.0053745012205482,-0.005223352914354,-2.097584095563931e-05
0.2181763759953641,-0.002325426143757599,0.0054907783248057,0.0050503209871395,-0.0002305822234573,0.0052050996961429,-0.005068642180172,-7.743669058712932e-05
0.2186256424060045,0.1134302520044902,0.0057440689440773,0.0047721890238884,0.0039199461947437,0.0048832359134742,-0.0053996064227548,0.0037772273917495
0.2184221415299101,0.0259635504943255,0.005199566834265,0.0053912285536013,0.0008805567774190999,0.0052586679734436,-0.0050248969275856,0.000864586231461
0.2247814949863841,0.1051782486786418,0.0048560115605522,0.005514772814632,0.0017873703227654,0.0056477001940816,-0.004912433238692,0.0035024356809987
0.2180074744566983,0.0023736467160174997,0.0055519982398246,0.0050171030552328,7.326857582012902e-05,0.0049453198646056,-0.0053147261032004,7.904243564338385e-05
0.2062960358982172,0.0754311339384571,0.0052656312517167,0.0046944551304211,0.0024797255863576,0.0046466972635176,-0.0050596818775657,0.0025118567601506
0.217909594279809,0.0333122314669632,0.0054555447326332,0.0049739819552905,0.0013545151322545,0.0051237473462916,-0.0051383262017346,0.0011092973078498
0.217858421830635,-0.0494539013451582,0.0051940303529554,0.0050778933348831,0.0004451076009983,0.0052850544287973,-0.0049697735083705,-0.0016468149147937
0.2006497842564971,0.2331193190361026,0.0035841226755968,0.0056819493419708,0.007358523466378799,0.0056645462765191,-0.0035435822532379,0.0077628733239022
0.2249070845051542,-0.0188349426332058,0.0056065037278347,0.0048984412481692,-0.0006709965731784,0.0052158924679914,-0.0053745385726157,-0.0006272035896857
0.2177595478045767,0.0802317072173329,0.0047687435519923,0.0056926100932925,0.0029395987649826,0.0055877202986619,-0.0046216934324364,0.0026717158503371
-0.000248386243661608,0.0006217402831855002,-6.223423268281181e-06,-6.044798627868886e-06,2.0335645877556097e-05,-6.819185492969036e-06,4.681077104580423e-06,2.070395143007886e-05
0.2007188870834794,-0.012415823605631399,0.004166672677687,0.005298006404756,-0.00027525183109339995,0.0052928024719024,-0.0040818232579427,-0.0004134469260675
0.2068828671023744,-0.0086937330778042,0.0052251664680071,0.0047933094089922,-0.00047723493895599997,0.0048487556799519,-0.0048939388455754,-0.0002895013114908
0.2182728596109993,0.0809721916875541,0.0054983713340515,0.0049189397137039,0.0025735176680055996,0.0050859332611133,-0.0051927009213487,0.0026963739831955
0.2251858270692278,0.0263038994832134,0.005107695902069,0.0053061218914476,0.001008536423168,0.0054260147865153,-0.0051757784229677,0.000875919852791
0.206246962247703,-0.0043785943372806,0.005099017939234,0.0049107928993787,-0.00019508823654320004,0.0049727626010385,-0.0047372337430251,-0.0001458071914314
0.224680811642546,-0.0011229732240638996,0.0055812064929541,0.0048174519491723,-0.0009028939297262998,0.0050540418487681,-0.0055167975365744,-3.739500836132948e-05
0.2182403975353445,0.0516744110291877,0.0053742388891795,0.005194528982815,0.0017673028603472,0.0052736786126871,-0.0050003479629077,0.0017207578872719
0.2070304101594061,0.028327006605242497,0.0051343101260836,0.0048983001904649,0.0009673488326576,0.0049119497985699,-0.0048375133072208,0.0009432893199545
0.2246134586965214,-0.0069831758049227,0.0044614364617226,0.0042278154754611,-0.0048828454458558,0.0052897341154939,-0.0052880573337879,-0.0002325397543039
0.2242264422912514,-0.0278877172220987,0.0053712046983511,0.0051964132923625,-0.0009375243432242,0.0053656263291032,-0.0051925200246686,-0.0009286609834958
0.2180344237228433,0.0347646655842888,0.0054605776834228,0.0050038316870091,0.0001658010194125,0.0051112313182922,-0.0051566308034186,0.0011576633639568
0.2246152549108723,0.0607842920606783,0.0054754007271387,0.0047125958610299,0.0018835744590932,0.0050210177873944,-0.0055439240329771,0.0020241169256205
0.2177050262237657,0.04969580208761821,0.0053732085019748,0.0051733931452311,0.001695575304177,0.0049894481030959,-0.005259445571831,0.0016548702095176
0.2239864698928832,0.0083367148239609,0.0055421607418095,0.0049373279128064,0.0002682041188384,0.005209777091399,-0.0053377116464099,0.0002776126036379
-0.00025170047859773836,0.0005793335029080004,-6.168599237632577e-06,-6.037431546701555e-06,1.9760026085169358e-05,-6.913902881209539e-06,4.738100917003406e-06,1.9291805646837192e-05
0.1489385284082518,-0.0717189741137765,0.0028275398829764,0.0042573783299224,-0.0019138657025025,0.0041957175821097,-0.0026446361035406,-0.0023882418379887
0.2180149706579361,0.0779609040449815,0.0052663908441205,0.0049078671180163,0.0009393169146203,0.0051962636054391,-0.0050700040930621,0.0025960981046978
-0.0002545564036086079,0.0006478739220380997,-6.2405150744737625e-06,-6.103042810678971e-06,2.1815766638400014e-05,-6.990331058797756e-06,4.7948089996770745e-06,2.157420160386892e-05
0.2251503697434345,0.0502127839870463,0.0054415181593343,0.0051497194711425,0.0009670912138299,0.0051123442438928,-0.0054842081593741,0.0016720857067686
0.2163654808401223,0.0115997747935024,0.0050415346647496,0.0047874106021228,0.0005766974883617,0.0052296340806107,-0.0049560596057639,0.0003862725006236
0.2183042983349793,0.0246797177668543,0.0056698482980874,0.004823269630015,0.0012682109429797,0.0048648840254999,-0.0054017601241081,0.0008218346016362
0.2059246226298906,0.0635370299359525,0.0053531063403338,0.004588133302938,0.0021637532341917,0.0045938758521329,-0.0050910423634886,0.0021157830968672
0.2179201044187825,0.0074339879631743,0.0049120716614408,0.0055301571184762,0.0006900945412170001,0.0054302689173503,-0.0048137767974316,0.0002475517991737
0.1257710895555662,-0.0869392419406337,0.0025130652558758,0.0036760157747424,9.706329930114778e-05,0.0035137236466368,-0.0022791583601659,-0.0028950767566231
0.2066678229531459,0.0808222076498521,0.0048040394306543,0.0051970009509707,0.0025839590750607,0.0050707129893018,-0.004652987767671,0.00269137951474
0.2243190106389102,0.0007322313159751001,0.0056795077284859,0.0048518375680316,0.00065110354529,0.0051492082261067,-0.0054114610876746,2.4383302821973098e-05
0.2176942090896997,-0.0017847211081733006,0.0052987670016155,0.005085103154977,0.0009386577285512999,0.0052404458000012,-0.0050088798421991,-5.943121290217235e-05
0.2251940181372601,0.0338021807231723,0.0053301539844181,0.0052795390575857,-0.00011384215719309999,0.0054615664339705,-0.0051386476128822,0.0011256126180816
0.2070681461236125,0.0445796398642907,0.005204223935268,0.0048267083441148,0.0015331497232479003,0.004918113361548,-0.0048330393692451,0.0014845020074808
-0.00025597047743800005,0.0006618812630228999,-6.2386179369156025e-06,-6.082157373299424e-06,2.1447290119769313e-05,-7.027918126405693e-06,4.823258372510784e-06,2.2040646058663072e-05
0.2242475289426364,0.0305503105082843,0.0056179493712245,0.004906404446247,0.0010598764430422,0.0051895348482036,-0.0053694900999729,0.0010173253399258
0.2180875468933441,0.0004155460963295998,0.0055026566322868,0.0050767283091073,-3.4009140629231993e-06,0.0052079962752201,-0.0050614225747728,1.3837685007778156e-05
0.2298010638851362,0.0177417192920663,0.0054417826724387,0.0049864780906376,-0.0003536873027976,0.0054221673366762,-0.0053999027168346,0.0005907992524258
0.2068799709596415,0.0278378867953148,0.0051354766804048,0.0048892749587838,0.0009801788379878,0.0049038578863849,-0.0048385860569176,0.0009270016302839
0.115055998125354,0.195132202487911,0.0022216381591073,0.0031909061015968,0.0066674161945966,0.0031798483272954,-0.0021372572885791,0.0064979023428474
0.2186092311265905,-0.0205260308807891,0.0056441852938581,0.0049466603189675,-0.0006536685879634,0.0050765522383947,-0.0052175151076561,-0.0006835168283302
0.2250284629071734,0.0395257965404834,0.0056735513702164,0.0048320661355556,0.001075732382902,0.0050228375761859,-0.0055608321976166,0.001316209024798
0.2132737393496085,0.0251713532052883,0.0053077584647147,0.0047157597502309,0.0008499724884145,0.0048957949269435,-0.0051448822660346,0.0008382060617361
0.1135882686253852,-0.3632595085582112,0.002307612667503,0.003359549036999,-0.0036630602904776,0.0031473785133024,-0.0020978702727504,-0.0120965416349884
9.919187574786159e-06,0.00016174211744600028,-5.756175527459745e-07,4.331683574505807e-07,1.0837424207599269e-05,2.335954726781297e-07,-2.3353191454139737e-07,5.386012510951883e-06
0.2183274477531432,0.0374973743425313,0.0046300438225639,0.0058792889044148,0.0012810883618927,0.0057511397515917,-0.0044476628795757,0.0012486625656062
0.1379415749827581,-0.0952885076352438,0.0026867505725842,0.003932451038382,-0.0032767361423066,0.0038547910626525,-0.0024980776440008,-0.0031731073042536
0.2063403113195755,0.0300690894865967,0.0052626932493928,0.0047244548665776,0.0010277983854919,0.0047183133149367,-0.004994995047197,0.0010013006799036
0.2176865149376615,0.0174554074236834,0.0055225415058184,0.0049493557475286,0.0002330540078918,0.0048014565449169,-0.0054307870870663,0.0005812650672086
0.0684055746207678,4.492204577192637e-05,0.0014118783147107003,0.0014095237517336,-0.0013585681364461,0.0016111781351592,-0.001610266778588,1.4959041242051595e-06
0.1835638112056898,-0.0667034825810284,0.0047824696838441,0.0041527174890511,-0.0018298519968558999,0.0042334314310473,-0.0044094033099495,-0.0022212259699482
0.205995957778929,0.1305404805867959,0.0049102625399091,0.0049743327183855,0.0039033134022518,0.0048987518845182,-0.0048017877082035,0.0043469980035403
0.2174984166040103,0.0031981744582522,0.0048055943884262,0.0057119451046583,9.39994391141452e-05,0.005578702330879,-0.0046189548645792,0.0001064992094597
0.2185336859998909,-0.0200443992467826,0.0056120491457527,0.0049839616059285,-0.0006918673310787,0.0051004731771526,-0.0051906069001334,-0.0006674784949178
0.206853935070726,0.0281236637908001,0.0052450311574099,0.0048927824283793,0.0027381272522247,0.0049248705072331,-0.0048159570941089,0.0009365180042336
0.218079907451176,0.0131009921177964,0.005576446946693,0.0050084908262815,0.0004928157405366,0.0049043067290723,-0.0053558662650667,0.0004362630375226
9.301877930301128e-06,0.00017204987223670004,-5.755540317181271e-07,4.331569559519119e-07,1.0836564705130058e-05,2.1904073264778665e-07,-2.190155027162236e-07,5.729260745484383e-06
0.2185801720837734,0.006936484975233,0.0055129544866318,0.0050862164844719,0.0002367324064638,0.005220238826675,-0.0050723630854319,0.0002309849496752
0.2133241874623023,-0.004413096978173101,0.0053183022900302,0.0047323882022249,-0.0001505030092339,0.0049463517559264,-0.0050986364015899,-0.0001469561293731
0.2180018013025656,0.0571386076673795,0.0052610827729591,0.0051394266713757,0.0009849831723623,0.0050742861075989,-0.005191470297446,0.0019027156353237
-0.00024853885344910953,0.0006386688664053999,-6.239155963427834e-06,-6.08523684197948e-06,2.128066696482911e-05,-6.823674328967953e-06,4.683517446767177e-06,2.1267673251301745e-05
0.2060376666326535,-0.0166107241636774,0.0053737621263552,0.0045932528529786,-0.0005898311606293,0.0046748526633572,-0.0050219336383167,-0.0005531371146504
0.218455192189983,-0.0031873213661795007,0.0055122664423792,0.0050735511697961,-9.275733553604229e-05,0.0052122173064567,-0.0050746412030786,-0.0001061378014937
0.2130190955067849,-0.0056110497819232006,0.0043434809593279,0.0055403831806071,-0.0005438482485551,0.0056180139614884,-0.0043308394415273,-0.000186847957738
0.2179357340024577,0.0298744925703941,0.0056767128791354,0.0048590360017403,0.0010398658686006,0.0050053594589222,-0.0052549209521353,0.0009948206025941
0.224948150038928,-0.0381407870633992,0.0048420040346468,0.0057156528405868,0.000352083255087,0.005756465808088,-0.0047932014282777,-0.0012700882092111
0.2070480360002693,0.0843176993295656,0.0046021183681572,0.0053805352599476,0.0028702576727717,0.0052576430237133,-0.0044602736645608,0.0028077793876745
0.2247425821221045,0.0079261894784353,0.0049614000821449,0.0055889779180851,0.0002674820220631,0.0056015451331481,-0.0049630504607352,0.0002639421096318
0.2174056988556623,-0.0213445079308582,0.0051651468801687,0.0053892498799101,-0.0007415091043109,0.0052386283283576,-0.0049968710889995,-0.0007107721140975
0.205668178560623,0.0481295063975938,0.0049592004646399,0.0049124541534362,0.0015114271591689,0.0048206092156436,-0.0048648841766681,0.0016027125630398
0.2239413270607161,0.0015119015381070003,0.0055233070986275,0.0049167566782331,0.000204146841749,0.0050371078946964,-0.0054989148747965,5.0346321218963655e-05
-0.00024642110887440616,0.0006146809164247003,-6.225848047769489e-06,-6.0913176000987335e-06,2.141669429456261e-05,-6.767414056607446e-06,4.6408659610556894e-06,2.046887451694346e-05
0.2180135437944168,-0.0068659861259482,0.004468874265821,0.0042465876600918,-0.0047211695863369,0.0051354869585795,-0.0051314919986439,-0.000228637337994
0.1146576300827359,-0.0795108302609024,0.002294786661602,0.0032033246592093,-0.0025139651751273,0.0031512246354358,-0.002155842150706,-0.002647710647688
0.2183291678343993,-0.0606985397342314,0.0056358304630735,0.0049562010449614,-0.0020640125849544,0.0050747178178952,-0.0052062821997734,-0.0020212613731499
0.2069474092958795,0.0851404645632387,0.004615379905219,0.0053642319204474,0.0028939436990567005,0.0052424883906836,-0.004472915265697,0.0028351774699558
0.2057493619521918,-0.0739194327916792,0.0053187303986597,0.0047058012161301,-0.0027226302215627,0.0047938028198797,-0.0048950842026936,-0.0024615171119629
7.1725619305296195e-06,0.0001863598154903997,-5.755222191967599e-07,4.331512282644903e-07,1.0836134528902086e-05,1.6889856624216658e-07,-1.6888112746643084e-07,6.205781855831244e-06
0.2250344934678459,0.012315867023657,0.0056847167581532,0.0048821968473728,0.0009684853105299,0.0049904092353509,-0.0055902222409939,0.0004101183718877
0.2062649276710099,0.0179857782865084,0.0048355676416812,0.0044752591339677,-0.0050910709491682,0.0048608496287795,-0.0048528454448074,0.0005989264169407
-0.00024804678936291014,0.0006433836998540002,-6.2480817852872406e-06,-6.0992591253139494e-06,2.189193208046447e-05,-6.810770794953805e-06,4.67336161179134e-06,2.142467720513963e-05
0.2180184158377131,0.0020942828029456998,0.0055063023212835,0.0048811784639086,0.0031141390684056,0.0049032814466925,-0.0053540287060897,6.973961733809376e-05
0.2049667808628871,0.0147820390630215,0.0043107457442994,0.0055052898414325,0.0002575888571951,0.0054062841464442,-0.0041663042795331,0.0004922419007986
0.1832701573613406,-0.1416092291987655,0.005138680971326,0.0044284938731089,-0.0006220434048281,0.0040907011319569,-0.0045289554810013,-0.0047155873323188
0.2184293838983934,0.0225200036541529,0.0055077712666722,0.0050786137255165,0.0007764817715666,0.0051746278910337,-0.0051117426914277,0.0007499161216832
0.2122126586721497,0.0499510478613805,0.0050571172448017,0.0049381342748824,0.0002729776262294,0.0049302839306635,-0.0050626353561084,0.0016633698937839
2.524020939392857e-06,0.0002741162334970997,-5.758392096957138e-07,4.332079346566764e-07,1.0840428323111148e-05,5.9443483303827367e-08,-5.942101922494556e-08,9.12807057545624e-06
0.1181357522285951,-0.1167970618426929,0.0023023373947976,0.003234625236173,-0.0036696653717233,0.0032540582884003,-0.0022106144021043,-0.0038893421593616
0.2180187053916619,0.0091399514297781,0.0057175383652934,0.0048279652109639,0.0003039926884204,0.0048411866616827,-0.0054102535667499,0.0003043603826116
-0.00012249317810658633,-0.00158861791639,0.00037994247657549985,0.0004189137919720998,-0.0064519389745454,-3.3629405600101337e-06,2.3084752633314035e-06,-5.2900976615788414e-05
0.2243431265349394,0.0281378685249898,0.005477151656958,0.0050766568106328,0.0004933009364926,0.0052979698706698,-0.005267045252857,0.0009369910218821
0.0333680795648357,-0.00023111573842249985,0.0007977153401432001,0.0007985737488303002,-0.0007661935322516,0.0007859313671506,-0.0007854819379123,-7.696154089471352e-06
-0.00024849419875588863,0.0006407358456418004,-6.239036915545171e-06,-6.0835518587154525e-06,2.137051878614571e-05,-6.822548076406798e-06,4.682530631049159e-06,2.13365036598745e-05
0.2175037578529449,0.0123327996498811,0.0054663951414672,0.0050452581256297,0.0006256664866621,0.0051147334579653,-0.0051282298271083,0.000410682228341
0.2185326729037811,0.037449194503138,0.0057105400644088,0.0048508399377094,0.0012820793641757,0.0048709205166803,-0.0054065575036472,0.0012470581769544
-0.00024837977299599356,0.0006436553144967003,-6.238406904834903e-06,-6.081298600690843e-06,2.1518963642219724e-05,-6.819609695159104e-06,4.680078293013551e-06,2.1433721972741183e-05
0.2108741623508138,0.0902429785760396,0.0040413370001237,0.0054971341078418,0.0039488073864367,0.0057206369393667,-0.004072382499527,0.0030050911865821
0.216734307818055,0.0593233204713341,0.0045362528503649,0.0057433858513586,0.0007477762932739999,0.0056960229806881,-0.0044321595408878,0.0019754665716954
0.1800519312236572,-0.1013825058744166,0.0048439520733806,0.0041024293140354,-0.0022188452573042,0.0040536685827443,-0.0044177490685672,-0.003376037445618
0.2128175326595948,0.1284885732573826,0.0039186080663649,0.0057630496516387,0.0038556557082112,0.0058832750934552,-0.0039509580686097,0.0042786694894708
0.1942604265054646,-0.1429033415480191,0.0051941629468941,0.0045740845203359,-0.0021345773217937,0.0043554871458981,-0.0047828820107049,-0.004758681273549
0.2179555357213879,0.0364403992965052,0.0042932327628539,0.00544018671274,0.0035499786321134,0.0057372483555181,-0.0044453760225846,0.0012134652965736
0.2244927522354889,0.0508276679092994,0.0053692350327128,0.005187002889496,0.0016832360717241,0.0051540818748585,-0.0054148085252835,0.0016925613413796
-0.00024826491225971026,0.0006439800486902,-6.243561744945225e-06,-6.089450242718897e-06,2.1693273869693996e-05,-6.816556323808402e-06,4.677767897761278e-06,2.1444535621384377e-05
0.2060519375994195,0.0091105197020005,0.0053409660289498,0.0046241474236004,0.0003550800217374,0.0047520506758689,-0.0049496061858476,0.0003033803060766
0.2173945900126508,0.0221331585329952,0.0051401414212075,0.0053985482129288,0.0007778810188433,0.0052795921291948,-0.004953029188837,0.0007370341791487
0.2248134636363333,0.0890684867093624,0.0055813716062932,0.0049520288712469,0.0028090852906151,0.0052442422332847,-0.0053425083443221,0.0029659806074217
-0.0002529319052186063,0.0006103681605945004,-6.200331929662184e-06,-6.067931342723654e-06,2.0687303851185668e-05,-6.946896270504148e-06,4.7624961404585e-06,2.032525974779986e-05
0.2176327474518059,0.0026841417958748002,0.0048088758389295,0.0057164107539766,8.79839959264661e-05,0.0055826004720219,-0.0046212608721023,8.938192180263371e-05
0.2130937521204569,-0.00029317941328199995,0.0052376645193872,0.0048482246357479,-5.071164348346979e-05,0.0050972257682312,-0.004936782040925,-9.762874462293516e-06
0.2131442247567189,0.0929437430403534,0.0055784712707382,0.0045658649555055,0.0032652564534573,0.0047226526323867,-0.0052984804704181,0.0030950266432437
0.2177749351696198,-0.0738113260638382,0.0052992114800075,0.0050010046375528,-0.001755989847782,0.0052584830169201,-0.0049938423044213,-0.0024579171579258
0.2177799349520209,-0.0009627146444759005,0.0056565363515002,0.0048841002580828,-1.8511465506132474e-05,0.004899130075569,-0.005347061845729,-3.205839766105001e-05
0.2178372395467631,-0.0959743412871678,0.0056066084562478,0.0048786723623992,-0.0031100026643058,0.0049266058202572,-0.0053243532244872,-0.0031959455648626
0.2180149806038848,0.0463546375343103,0.0052153447300073,0.0050474950661771,0.0006085036042839,0.0050253883560331,-0.0052394267603973,0.0015436094298925
0.2173800693543499,0.0007387426975031999,0.0054865850578783,0.0050515687863986,3.741103765209086e-05,0.005185674296581,-0.0050505816492136,2.4600131826857385e-05
0.2067161432659539,0.0211505126232359,0.0052324727781357,0.0048154496489994,0.000796146650607,0.0048903822088725,-0.0048444570150553,0.0007043120703537
0.01607307566158081,0.2009197483061028,0.0012146535393151,0.0015267166182195,-0.0165653786107982,0.000440323633011,-0.0003042841483508,0.0066906276185932
0.2175927664802513,0.0607981204825334,0.0057496613494772,0.0047354534217382,0.0020815468636991,0.0048095592689112,-0.005419437822618,0.0020245774120683
0.2029664023644752,0.0653878963172244,0.0042822020604642,0.0057876079604537,0.0040063777240091,0.0054528083221753,-0.0039934930381335,0.0021774169473635
0.2185142203479958,0.0357060762440103,0.0048289809493446,0.0057236828091724,0.0011556201732952,0.0055972239165137,-0.0046496099818758,0.0011890123389255
0.2180795990607534,0.0351227197929935,0.0043754245829599,0.005881160210972,-0.000389772293558,0.0058468074170846,-0.0043072284174827,0.0011695865691066
5.446098414463307e-07,0.00029571435125580123,0.0001973014718789001,0.00019910982493970015,-0.0001848086986464,1.2827393806169074e-08,-1.2820086130590922e-08,9.847287896820008e-06
0.2183050220570643,0.0599287761781456,0.0051116750448412,0.004902894817552,0.0009772685882190998,0.0052502835734663,-0.0050280182224516,0.0019956282467322
0.2184141046449357,0.0016546070595008,0.0054399412698082,0.0051513350479122,4.967927117349724e-05,0.0049639813632074,-0.0053158420971248,5.509841508137825e-05
0.2128585224696627,-0.0300284259369841,0.0050103524858515,0.0051858131079689,-0.0008177520476343,0.0051207208255064,-0.004901085030919,-0.0009999465837015
0.2183177825566558,-0.0175274969986095,0.0052188876482168,0.0053840220813548,-0.0006075685056687,0.0052324631704592,-0.005047174285036,-0.0005836656500536
0.2069674100269202,0.0737434924855613,0.0051965124951705,0.0049558104503359,0.0015727421394623,0.0049632857587825,-0.0047818027954837,0.0024556582997691
0.2249953930648281,-0.0534166696175984,0.0056035704308663,0.0049703706662505,-0.0018390573959238,0.0051136760069492,-0.005475907258651,-0.001778775098266
0.2178825836990439,0.0864102086817677,0.0055999536723061,0.0049096392586691,0.002966240482402,0.0050523859470754,-0.005207254132391,0.0028774599491028
0.1373684381978368,0.1699011799298726,0.0029337007984491,0.0044276865643677,-0.0013773020154056,0.0038657820440376,-0.0024455112034997,0.0056577092916647
0.2174700037914572,0.0294363654734716,0.005616243412299,0.0048840514538655,0.0007792069112433,0.0050222801533785,-0.0052172461353132,0.0009802309702666
0.2240149849209997,-0.0433422065851981,0.0056312313341465,0.0049048772281145,-0.0014567024719411,0.0051746747217574,-0.0053730662570765,-0.001443295479287
-0.0001399323332637037,-0.0017982398268343,0.0008369616487264001,0.0009872897618183,-0.0146586824246606,-3.842131680114564e-06,2.636524878089541e-06,-5.988138623358452e-05
0.2124607278370437,0.0015972354775891998,0.0046817401670087,0.0053773130440277,8.177715529000817e-05,0.0053550738725644,-0.0046236340106231,5.318794140372064e-05
0.2176818010795897,-0.0239319325974047,0.0052249581137129,0.0050754345105796,-0.0035146998571375,0.0052133637848798,-0.0050364664544982,-0.0007969333554935
0.2178042271024447,0.0303903612812059,0.0056232067524435,0.0047841955879204,-0.00015019638897530003,0.0048560605813194,-0.0053872952857853,0.0010119990306641
0.2183089335008996,-0.013470540453656699,0.0054006872279699,0.0052019926107496,-0.0004741693964595,0.0052681943554353,-0.0050094394382206,-0.0004485689971067
0.1720081534353779,-0.0859693243064576,0.0032120182995973,0.0049776494713915,-0.0029158892354925,0.004845331601349,-0.0030547096906746,-0.002862778499405
0.2245611478782642,0.0239330574900402,0.005198577533696,0.0053707316260691,0.0005188776035073999,0.0053843871738195,-0.0051891380967241,0.0007969708144183
0.2185424692957838,-0.0189462202942494,0.0056410938486873,0.0049341206976544,-0.0006177311140864,0.0050715728398875,-0.0052192559581066,-0.0006309091357985
-0.0002521099460749965,0.0005897650294773996,-6.176639784527538e-06,-6.045229920648154e-06,1.9996294030821815e-05,-6.924878732168035e-06,4.746205350697696e-06,1.963917548160055e-05
0.2124682852312083,0.0145064561142161,0.0053406777564972,0.0049041285475976,0.0003836300907826,0.0050158649737781,-0.0049899365014498,0.0004830649886033
0.2061941569386741,-0.0054483642660777,0.0051333814538048,0.0048780947749453,-0.00021522483953520004,0.0049272108887495,-0.0047820700151258,-0.0001814305300603
0.2180152611744463,-0.0307988446850486,0.0053654900627972,0.0047753125176572,0.0014217023641267,0.0050041458241672,-0.0052597325959564,-0.0010256015280121
0.2177208642850275,0.0101633892524695,0.0054925750059134,0.0050641128906964,0.000340779341279,0.0051966535501155,-0.0050555722435079,0.0003384408621072
0.1912967748732892,-0.1121462114990921,0.005113295623661,0.0043914706318959,-0.0014996539603089,0.0043965935700658,-0.0046096794051342,-0.0037344688429197
0.2129026580859401,-0.0171002622328781,0.0054148134871234,0.0044965575768606,4.430771749308615e-05,0.0047248014753091,-0.0052857835284435,-0.0005694387323548
0.2007210792865095,0.0886521074162079,0.0050073263703986,0.004412414404386,0.0026297700551258,0.0046268439406901,-0.0048237224546912,0.0029521151769597
0.1722055659334989,0.0557688833520842,0.0054901248811178,0.0048539032052126,-0.002818421769925,0.0039140374339663,-0.0041909622923744,0.0018571038156244
0.1606216155081527,-0.0822178980350582,0.0030345960014805,0.0046029405376346,-0.0025738490356738,0.0045237639013731,-0.0028537925303688,-0.0027378560045674
0.2250982039555782,0.0070125262971129,0.005505860590662,0.0050794757601487,-0.0007162537131861999,0.0053783134734782,-0.0052211411293654,0.0002335171256938
0.2062831870550573,0.0174831779853575,0.0048747157145645,0.0051396443924809,0.00052128717672,0.0050127587708078,-0.0046966552712684,0.0005821898269124
0.224495119459027,-0.033248892855166405,0.0053701325581001,0.0048218508796515,0.00041874815103740007,0.0051416424764162,-0.0054267310790345,-0.001107188132077
0.2063243404821927,0.016517782465692,0.004424449326315,0.0055568222473922,0.0006867118262466,0.0054128562457414,-0.0042315644655777,0.0005500421561075
0.1142918221681068,-0.0469262804896802,0.0023064730470712,0.0031810511496792,-0.0015010797015863,0.0031254930303038,-0.0021717043406533,-0.0015626451403063
0.217668192230633,0.035436233490675,0.0055982084136031,0.0045336946429794,-0.0023488880389572,0.0047796398353821,-0.0054491858369803,0.0011800265752394
0.2252257211306488,0.0753334593577212,0.0049312232220559,0.005282284977317,0.0030612737717188,0.0055087366982217,-0.0050896009859016,0.0025086041966121
0.1177894943290816,-0.0459127640658524,0.0023154902107105,0.0031732765784391,-0.0009412525533694999,0.0032142655060572,-0.0022480299900134,-0.0015288950433928
0.2174870300036867,0.0356878585356994,0.004794024990355,0.005684210389742,0.0014202899894302,0.005569374711863,-0.004629603718964,0.0011884056892387
0.117896040975191,-0.0019378649547103005,0.0023171579929832,0.0031720448596339,-0.0001180372849295,0.0032149862559618,-0.0022531874844052,-6.453090299185504e-05
0.2183504767182443,-0.0330862206930114,0.0046743942919023,0.0058737545374349,-0.0012081899662994,0.0057464375750813,-0.0044549883852567,-0.0011017711490772
0.2180146392288854,1.7940007773625637e-05,0.0054649661378605,0.004882330425636,-0.0011830284200829,0.0050349247698862,-0.0052302484520114,5.974022588617345e-07
-0.0002479325476092975,0.0006424756990682998,-6.248979675049782e-06,-6.102200684754422e-06,2.1945934663869515e-05,-6.8077339970071655e-06,4.671063473903079e-06,2.139444077897679e-05
0.1949717597961026,-0.1863533973498957,0.0051109718733886,0.0044509880164858,-0.0063054529774348,0.0043356851952657,-0.0048327040866556,-0.0062055681317515
0.2247445744683113,0.0135655808326029,0.0055822945102426,0.0049721168645122,0.0012826478752195002,0.005228308544844,-0.0053549005533092,0.0004517338417256
0.2400132846881716,0.0773023427218782,0.0046341280156503,0.0058407206079245,0.0001234696480454,0.0063120969989501,-0.0049027065383909,0.0025741680126385
0.2251975829966145,0.0165691681873477,0.0057187357733528,0.0048452470276936,0.0007735812050302,0.0050103502496429,-0.005579657919922,0.0005517533006386
0.2182155067138049,-0.024688497061026896,0.0054983484295892,0.0050869354912951,-0.0007776320051646999,0.0052176353137184,-0.0050576092130433,-0.0008221269521321
0.1946766958179087,0.2253393014690149,0.0035703090628218,0.005563311371187,0.0077668243671582,0.0054695168609078,-0.0034799465295063,0.0075037987389181
0.218096105720797,0.0420315794174848,0.0047708770934988,0.0056238153446335,2.0515229148143632e-05,0.0055613783307983,-0.0046708056977673,0.0013996515946022
0.2245839556579602,0.0361162007516024,0.0054262664865993,0.0049980007162373,0.0011483688482535,0.0052769551454773,-0.0052994225635809,0.0012026694850283
-0.00024681299509449195,0.0006234416044075004,-6.235208079630183e-06,-6.099127402681148e-06,2.167503728811583e-05,-6.777885942470858e-06,4.648669832337138e-06,2.076060542677283e-05
0.2249037811651699,0.0337523877323327,0.0044566940642325,0.0059943788004743,0.0011748905439942,0.0060348566885638,-0.0044350932474171,0.0011239545114866
0.217552754114367,0.0417183817461876,0.0056794188306399,0.0047845647619617,0.0011068456387783,0.004895464027227,-0.0053401592689484,0.001389222112148
0.2123640029566318,0.0188378699552182,0.0043980103677259,0.0055318511596622,0.0006808011340458,0.0055738678851873,-0.004352153177637,0.0006273010695087
0.2240073635726087,0.0392332327316766,0.0048000137262196,0.0057025756511337,0.0006434902069993,0.0057422901604057,-0.0047612412871929,0.0013064666499648
0.2124733179187125,-0.0009445287542048002,0.0050492807199165,0.0049335094039308,0.0003367072361342,0.0051584825158752,-0.0048426024302157,-3.145280751502e-05
0.1256717465959437,0.1780320776516015,0.0025360796469580003,0.003675361068105,0.0034799204764033,0.0035074862497468,-0.0022826779917175,0.0059284681857983
0.1945346911919924,-0.0404709350944744,0.0048439809350568,0.0050421084837255,0.0008992816299952999,0.0046863985529679,-0.0044723834628467,-0.001347682138646
0.2243302559084244,0.0807312896242475,0.0051050154757574,0.0053491142424397,0.0013185315052138,0.0054392668655949,-0.0051203704328737,0.0026883519444874
0.2248607491296872,0.0059281040262154,0.0055086601871117,0.005071930024538,0.0005964945113042,0.0053244949825615,-0.0052647739264875,0.0001974058640729
0.2239798609902394,0.0137007547144604,0.0054810365035313,0.00506404034266,-0.0002943705516276,0.0052716380847352,-0.0052763141790773,0.0004562351319915
0.2053520915900591,-0.0632602008443465,0.0052869201462519,0.0047621923828689,-0.0021116558987195003,0.0047578724904356,-0.0049116136284871,-0.0021065646881167
0.2066724208628506,0.0909473169505787,0.0054926887392368,0.0044383314976689,0.0030956183878928004,0.0045480009387398,-0.0051652892155688,0.0030285456544542
-0.0001367706507698907,-0.0019180652280393002,5.4573260184653805e-05,5.8864543753145426e-05,-0.0010025149037979,-3.754615274916048e-06,2.5779826121546824e-06,-6.387157209370997e-05
0.2064444672636768,-0.0011288281255405009,0.0044059566743142,0.0055714474449901,-0.00037363887579759994,0.0054296832572765,-0.0042164766485652,-3.758997658049879e-05
0.2065825299449872,0.0287761748748199,0.0054057995663656,0.0046145822572247,0.0008553913873614001,0.0045943308849173,-0.0051201063096938,0.0009582466233315
0.2065647562458196,-0.1967341590916849,0.0050401259585326,0.004946128324164,-0.0045949714360126,0.0049646336841914,-0.004761036539227,-0.0065512474977531
0.2243109879611989,0.0596126368802024,0.0055336269981309,0.0048217337881566,0.0006780412880527,0.0050324022963768,-0.0055198889604137,0.0019851008081107
0.2181062142500013,0.0739703442902857,0.0051288802444924,0.0054362884411065,0.0025263971608613,0.0053102061679758,-0.0049549910894981,0.0024632124648665
-0.00024602486344130203,0.0006053708683728997,-6.215367631234869e-06,-6.0819407687873195e-06,2.111994511699855e-05,-6.756817268163685e-06,4.6329874996077495e-06,2.015884991681816e-05
0.1183577139501771,-0.0776781902441282,0.0022578073355288,0.0032490317836848,-0.0029751185068117997,0.0032839388858204,-0.0021793751455903,-0.0025866837351294
0.2174553511032229,-0.0219405839607226,0.0051721106246493,0.0053882825899416,-0.0007377373550835,0.0052362213355282,-0.0050017873210298,-0.000730621445892
0.2179175765789319,0.1058259341011336,0.0047896894541317,0.0052510281280837,0.0037339984224352,0.0053923036315912,-0.0048561356234075,0.0035240036055677
0.2101969354910622,-0.100248983312733,0.0053408437437765,0.0047878087996178,-0.0025173329296593,0.0046386423474992,-0.0052418282300798,-0.003338291144314
-0.00025434195924531333,0.0005680760018705001,-6.1821937649142455e-06,-6.007834162158332e-06,1.7908704603053494e-05,-6.982313305037458e-06,4.793872022994144e-06,1.8916930862289404e-05
0.2175320946531521,0.0509079553701673,0.0053772300874674,0.0051596059536787,0.0017202681214407,0.0049766749225534,-0.005263611332522,0.0016952349138265
0.2133892450781808,0.0035829136128295,0.0052621722372651,0.0050231004521021,-0.0003232742195307999,0.0051646416408644,-0.0048805480686738,0.0001193110233072
0.2070264897485266,0.0961899602122168,0.0053566765302841,0.0046296177464636,0.0032476868611537,0.0047197413772414,-0.0050250363193111,0.0032031256750668
0.2184291694696903,0.0545190385635868,0.0047185013197204,0.0058020898094977,0.0018074428819041,0.00568320864686,-0.0045395716431014,0.0018154839841674
0.193904140303124,-0.004294012339890599,0.0054441850734231,0.0047617282730942,-0.0013589373795983,0.0044924130831022,-0.0046380141526332,-0.0001429906109183
0.1832900056023154,-0.1963669747115585,0.0050565385679273,0.0045615287589262,-0.0020800336523874,0.0041436300143137,-0.0044814738526171,-0.0065390202578949
6.336874711077023e-07,0.0003033894655643998,-5.761233440411059e-07,4.3325884786695606e-07,1.0844289943690022e-05,1.492532283908529e-08,-1.4917117583773405e-08,1.0102869203295015e-05
0.2070260937813597,-0.027436077748210996,0.0052889206258992,0.0047601621356396,-0.0009351804093489,0.0046616648295664,-0.0050789452862824,-0.0009136213890154
0.2133600003361052,0.0586846076139776,0.0053079633183901,0.0047062727868835,0.0008144704282351,0.0049724127954659,-0.005074891977024,0.0019541974335454
0.2069246247904525,7.886958377681039e-05,0.0047129723385666,0.0053154910280017,-2.6941666153246224e-05,0.0051604436159171,-0.0045661857507649,2.6263571397677765e-06
0.2129511861843647,-0.0036120037908557003,0.0041742910393742,0.0057691527097323,0.0003371699110581,0.0057935564590247,-0.0040891169620122,-0.0001202797262354
0.1798125016213408,0.1231710059329028,0.0040032173581128,0.0054587095431379,-0.0016117620167203,0.0048476121282758,-0.0035148018359978,0.0041015944975656
0.1949067764905528,-0.015024480627087198,0.0041460849040366,0.0052318808095432,-0.000385667813606,0.0051250861946537,-0.0039823016466403,-0.000500315204882
0.2180733065271599,0.0175426830933846,0.0054475358166479,0.0051218062651396,0.0006003805966539,0.0052427763551552,-0.0050247020666549,0.0005841713470097
0.2110104244608763,0.0449693673031731,0.0052871305288109,0.0047903990857776,0.0022070651697566,0.0046708287248795,-0.0052494875702086,0.0014974799311956
0.2183219288590451,0.0385526876299629,0.0056827020839018,0.0048710805930871,0.0013133154173367,0.0049583598205813,-0.0053168890155378,0.0012838044980777
0.2176131694515248,0.0523662290695359,0.0053557243760566,0.0050884760306324,0.0010830970730602,0.0049510938507028,-0.0052913785883359,0.0017437954280155
0.2174075053864748,0.0834505147761945,0.0047586335814742,0.0057131302483859,0.0029064946237974,0.0055912411846027,-0.0045990008668057,0.0027789021420472
0.1994581873528789,-0.0966928430961522,0.005221202305393,0.0046944107635131,-0.0013663663631855,0.0044105941804818,-0.0049661073424858,-0.0032198716751018
0.206777760390506,-0.1099183901846985,0.0038023372286453,0.006027156140707,-0.0038868767792927003,0.0058237534331914,-0.0036737854497353,-0.0036602823931504
0.2176609275320463,0.061722434167612,0.0057379852923012,0.0047048103420785,0.0017258652488124,0.0047999968992438,-0.0054309385660222,0.0020553570577814
0.2177272754405667,-0.05587984411906529,0.0056049663075228,0.0049669937970315,-0.0018919095944326001,0.0050121473576135,-0.005238843264045,-0.0018607988091648
0.1820815444880464,-0.0768972865066744,0.0052909258263862,0.0046935009646464,0.0007213475265495,0.0041799625373768,-0.0043922303125885,-0.0025606796406722
0.1833820064265325,0.075416767491318,0.0039346465726377,0.0053411182124087,-0.0014999700976854,0.0049556708128387,-0.0035682103303059,0.0025113783574608
-7.732195181686663e-06,1.7256457659065375e-05,-3.257944533839596e-07,2.4608361456467803e-07,6.162917281282709e-06,-1.8206175866718805e-07,1.8207291836966218e-07,5.746400400468793e-07
0.1944377358092433,0.0242159312225741,0.0047834551138419,0.0051541369565915,0.002963411460957,0.0047629788565191,-0.0043859733460451,0.0008063905097117
0.1421550746361442,-0.0996006685288773,0.0026975748797348,0.0039212313861307,-0.0032202268272668,0.0039641630500146,-0.0025872596004492,-0.0033167022620116
0.2248145667838697,0.0023081359453074003,0.004662732160098,0.0058739475473199,-0.0009183960502804999,0.0059189063212809,-0.0045838423887115,7.686092697873903e-05
0.1935748969249144,-0.2225812611647264,0.0051521436167232,0.0046558972812307,-0.0008880432520768999,0.00429864286777,-0.0048034324592607,-0.0074119559967853
0.2184161664748843,-0.0856451488775504,0.0046441584064544,0.0059178102201635,-0.002979489358733,0.0057576821556984,-0.004444023770207,-0.0028519834576224
0.2184659935061748,0.0360923739377912,0.0048340877136152,0.0057184223686403,0.0012387179696310001,0.0055904274629636,-0.004655270159827,0.0012018760521284
0.2183470579670859,-0.004365325589934501,0.004641139330983,0.005873201420754,-0.00028775394737940005,0.0057358124195767,-0.0044684753474608,-0.0001453653421448
0.2244931833458099,0.0020284128589239,0.0053527157945199,0.0050844273620604,0.0002677532187979999,0.0051026814249392,-0.0054632940222278,6.754614820216887e-05
0.2062369925428409,0.0296437837444448,0.0052623483277747,0.0047132089368868,0.0010547418945699,0.0047109848013254,-0.0049971801789894,0.00098713799869
0.2122385708875057,0.0494308635296311,0.0052873439644751,0.0046526575512531,0.0014153513369109,0.0047667034862761,-0.0052181137004524,0.0016460477555367
0.2065452039398775,0.0144834121687512,0.0045900388804269,0.0042968034106548,-0.0051397027050544,0.0048648268763425,-0.0048620702929849,0.0004822976252194
9.422429238514773e-07,0.00029817916140580016,-5.760287985151838e-07,4.332418145460218e-07,1.084300339426747e-05,2.21921154453292e-08,-2.2181222858018273e-08,9.92936607481499e-06
0.2017763093424678,-0.0941187290234621,0.0055275580530336,0.004606698168145,-0.0020607150805276,0.0044903582015629,-0.0049983635106768,-0.0031341536764812
0.1714394744156278,0.1833753452887501,0.0035127631349576,0.005528543165699,0.001135877407647,0.0048204395996964,-0.0030586261449259,0.0061063989981153
0.2182058881989734,0.0024099171566104,0.0056916711156393,0.0047779736510112,0.0007079090696959,0.0049053878186737,-0.0053605641211463,8.025024131512737e-05
0.2062931539974211,0.0617198051548168,0.0053580396613366,0.0045710912933696,0.0021894996545983,0.0045914507890938,-0.0051097402573636,0.0020552695116554
0.2176817915504575,-0.0267361595857121,0.0055040331049114,0.0050676175326276,-0.0009276887330377,0.0051178765514119,-0.0051334676988375,-0.0008903141142042
0.2128384484765065,0.0312400486959961,0.0051707527191273,0.0048716272577273,0.0022603195074202,0.0050722477807794,-0.0049502770032412,0.0010402936215766
0.2179594056647773,-0.0955041130071101,0.0052874386473402,0.0046248229038252,-0.0017613772985007,0.0049463278458117,-0.0053115967693187,-0.0031802869631367
0.217769251892592,0.0332177006604413,0.0047769360817735,0.0056433844344603,0.0018832909473951,0.0055712798490169,-0.0046420062153362,0.0011061494319926
0.2122074781381425,2.3201805097804e-05,0.0054568678879938,0.0048493586911351,-0.000753300892147,0.0048898272303426,-0.0051014840412753,7.726201097568719e-07
0.2061221721535998,0.0013088893139384002,0.0050640124460983,0.0049450908094104,7.0455456682161355e-06,0.0047929808190216,-0.0049132497748288,4.358601415415108e-05
0.2184021726641464,0.0534272759823138,0.0056643792371535,0.0048981551448692,0.0018196867973876,0.0049051757173824,-0.005369613188277,0.001779128290211
0.2128324077172252,-0.0515360900893525,0.0054809649448833,0.0048953728117994,-0.0023372014669114,0.0049951002415764,-0.0050278279967595,-0.0017161517999754
0.206170137349242,0.0512852198676076,0.0051332223728691,0.0048241447107414,0.0017747613892952,0.0049497525738936,-0.0047575787482014,0.0017077978215913
0.1947353405950243,-0.1326955889599158,0.005510746182519,0.0047032354942571,-0.00045457475460399996,0.0043391942962942,-0.0048189716613678,-0.0044187631123651
0.1638024228931658,-0.0139811327641747,0.0046764107346697,0.0052074468401932,0.0028503206508285,0.0040717388772757,-0.0036295769403712,-0.000465571721047
0.2186141931381956,0.0068710457333239,0.0055100640328245,0.0050854673375467,0.0002297652770599,0.0052222174907855,-0.0050719521472652,0.0002288058229196
-0.00025494545688459214,0.0006551808760229,-6.246536707443795e-06,-6.105957331303813e-06,2.1957187201659956e-05,-7.000708290530649e-06,4.802583991554851e-06,2.1817523171563375e-05
0.212416248587888,0.0785141095919316,0.0053036203062268,0.0047788899798399,0.0023680680105013,0.0048111240630393,-0.0051852587563474,0.0026145198494113
0.2122549935076873,0.0541479516082115,0.0051562599112219,0.0048816311340211,0.0018147910030773,0.0051129216568016,-0.0048801570663333,0.0018031267885534
4.175227588804065e-06,0.00022178737928300017,-5.754583080044492e-07,4.3313958767322164e-07,1.08352701211345e-05,9.831639171195697e-08,-9.83089020966964e-08,7.385519730125632e-06
0.2185340449751698,-0.0603500140050336,0.0056328918493548,0.0049789517322064,-0.0021470507845553,0.0050899724425538,-0.0052009196571768,-0.0020096554663676
0.2177557642346278,0.0062749017109229,0.0056627805406082,0.0048780113820527,0.0002187327693116,0.004875689311145,-0.0053673574425119,0.0002089542269737
0.2244674742606794,-0.0279741589157656,0.005517396795432,0.0050690970027145,-0.001454086164048,0.0052725893012469,-0.0052982957753364,-0.0009315394918949
0.2180149790790911,-0.0201899525336693,0.0055241133595824,0.0047126923366564,0.0012051180752218,0.0049681651185464,-0.0052937192978242,-0.0006723254193711
0.2179068327383862,-0.0013587243208983994,0.0042312132148518,0.00580636343896,0.0032658884650927,0.0059176442013399,-0.0041994453138527,-4.524551988591696e-05
0.1772303590447709,-0.0890037445559583,0.0031864983029921,0.0049082224780483,-0.0032802724518924,0.0049832461706649,-0.0031619823726471,-0.0029638246937134
0.2245498397093477,0.0306902587084809,0.0054933210213981,0.0050464953071801,0.0010202652997414,0.0053077381254379,-0.0052669784388509,0.0010219856149924
0.2179104172823882,0.0582538120816637,0.0053267562233709,0.0052291730090212,0.0019852826332142,0.005256178730093,-0.0050028146884168,0.0019398519423194
0.217847544245663,0.0243161925989525,0.0045332644726716,0.0058118094010874,0.0019418537779506,0.0057540449332682,-0.0044177108845929,0.0008097292135451
0.2181479910849775,0.0008267683827765998,0.0054176281878097,0.0051635805171008,0.00025689708126399994,0.0052252195372432,-0.005046537780924,2.7531387146462195e-05
0.2177530397616086,0.0534268911182253,0.0046723059344047,0.0058075237253669,0.0018220016648742999,0.0056900159508419,-0.0044948038046842,0.0017791154742369
0.2178415860901869,-0.0271272177299533,0.0055805073437735,0.0049864987223848,-0.0009336146521721,0.0050600225752022,-0.00519793178272,-0.0009033363504074
0.2250993279861034,-0.0901293023574432,0.0046414578052935,0.0058799891564285,-0.0018645514533032,0.0059204277412279,-0.004597349789712,-0.0030013057685028
-0.0002448283526317041,0.0005757973450349002,-6.180641713982027e-06,-6.049097346139121e-06,2.0113599695781303e-05,-6.724780706393267e-06,4.60925305504594e-06,1.917405158966545e-05
0.2070194125527986,0.0193295581077495,0.0052839304424348,0.0047427327510078,0.0007287127059556,0.0048319383782434,-0.0049169207660466,0.000643674284988
0.2122134944466964,-0.0689610627362911,0.0053454344814162,0.0046340819743555,-0.0017822087670086998,0.0048992272612783,-0.0050927332098867,-0.0022964033891184
0.213374746006401,0.0235595393730635,0.0052843857517084,0.0047431884223629,0.0005676040331109,0.0047155631165977,-0.005315060981265,0.000784532661123
0.2247061500462819,-0.0054816884518349,0.0046169738300005,0.0058317018883626,0.0002649377061003,0.0059014111874715,-0.0046004746023899,-0.0001825402254461
0.2179674033339456,-0.030218260525265196,0.0053560600562228,0.004796312123527,0.001977250927497,0.0049977023888562,-0.0052636580643286,-0.0010062680754913
0.2242756561378175,0.057542928596517,0.0046388846730391,0.0057846300176467,0.0023329969719693994,0.0058689992265286,-0.0046186059713852,0.001916179522264
0.224108228918556,-0.019699823736353497,0.0056784758750967,0.0048304857081968,0.0007042464086004,0.0049840573297225,-0.0055545129779559,-0.0006560041304205
0.1879945262699566,0.071360090218282,0.0040287779394079,0.0057863215702083,0.0084494202764933,0.0051695200325936,-0.0035307747241733,0.0023762910042687
0.2240218839092648,-0.074896463873188,0.005450648508642,0.0050977425593989,-0.0024478588816441,0.005384013070316,-0.0051636141539421,-0.0024940522469771
0.2179238487231777,0.1605413232579224,0.0054649888892406,0.005041858146523,0.0047166612669723,0.0048723073198477,-0.0053779711258335,0.0053460260644888
0.1940899465916594,-0.0688788657484643,0.0051917433957195,0.0046171269760864,-0.0005900290826535,0.0044773768107842,-0.0046611126409796,-0.0022936662294238
0.2177602563107142,-0.0302954523694952,0.0054025516205796,0.0051829060032512,-0.0011714339553805,0.0052834018480516,-0.0049667597302957,-0.0010088385639041
0.2241867208642917,-0.06193230479740779,0.0057131464845134,0.0046932733389193,-0.0030801600740199,0.004943927375601,-0.0055937487743871,-0.0020623457497536
6.98285407801924e-07,0.0002930249395067001,-5.760918374043966e-07,4.332531760567124e-07,1.0843861189768766e-05,1.6446643150712043e-08,-1.643792800791962e-08,9.75773048557312e-06
0.1949437723524367,0.10789391102993968,0.0036845777345462,0.0055083906773023,0.0040548921446463,0.0054179178294056,-0.0035759404650526,0.0035928672372969
0.2010600891713568,0.0081472113591207,0.0050355554339192,0.0044122113144799,-0.00030905401850999997,0.0044858489664704,-0.0049703333737289,0.0002713021382587
0.2181437952927211,-0.0658580321657782,0.0056995714443925,0.0048750046807874,-0.002098738956914,0.0048781643799505,-0.0053825573847434,-0.0021930724711204
0.2186097680715314,-0.0227038536699648,0.0056805944072655,0.0049101477958641,-0.0007754421868781,0.0049105447186953,-0.0053740726603055,-0.0007560383272098
0.2181125705555427,-0.013343513809462398,0.005496728990904,0.0050889611259132,-0.0004644348779496998,0.0051499964739064,-0.0051216074653579,-0.000444339009855
0.2240045406191822,-0.0165977754446925,0.0054318747937306,0.0051203937137093,-0.0007647453770216,0.0053947559663326,-0.0051515557855134,-0.0005527059223082
0.2182673568970894,0.0342203098549632,0.0053260637934662,0.0052585699807916,0.0011383470272579,0.0052824157073478,-0.0049924249473704,0.0011395363181702
0.2244205597211877,0.1667013929994066,0.005472700161758,0.0049941051978867,0.005321769549633499,0.0049873090507631,-0.0055655541132792,0.0055511563868802
0.2063760910194491,-0.0045728597054009,0.0051168333158004,0.0050435591030515,-0.001416382384231,0.0049763327933866,-0.0047397201051915,-0.0001522762281898
0.2007574414654037,0.1141604878182975,0.003650135426811,0.0055085079709109,0.0058513113521786,0.005593069272606,-0.0036619292981745,0.0038015442443493
2.7624285851013397e-06,0.00022457997074290005,-5.754257394081919e-07,4.331333248652411e-07,1.0834827189998286e-05,6.50479493025693e-08,-6.504396084317979e-08,7.478513025740617e-06
0.1956202434593987,0.0424932957421137,0.0051921009660307,0.005054975705208,0.0011338742986197,0.0047463394966914,-0.0044616653879431,0.0014150267482123
0.1938895879749929,0.05649935926862,0.0049095351152237,0.0048879507005823,0.001530362845115,0.0045599597699904,-0.004570935074892,0.001881428663645
0.2180086045186369,9.159713508998489e-05,0.005430600506842,0.004854650489634,-0.0009256605787965,0.0050347949406769,-0.0052300944949702,3.0501845984964865e-06
0.2247596626925876,0.0587327254700656,0.0055262429097748,0.0050045891757095,0.0019488746437823,0.0052766851796526,-0.0053079438131578,0.0019557997581531
0.218110596064057,0.0657642467912967,0.0056250148237985,0.0049097070466671,0.0022501447208783,0.0050516943210318,-0.0052184993891438,0.0021899494181501
-0.0002453589800666123,0.0005891029354821997,-6.1964506876677206e-06,-6.064251236725937e-06,2.0574753321289663e-05,-6.738994507260703e-06,4.61976971144238e-06,1.961712775155889e-05
0.1143431864015694,-0.0031785411578773006,0.0023140903621503,0.0031675813635816,-6.86609428411922e-05,0.0031184374494282,-0.0021848065504795,-0.0001058454205573
0.2180346487001277,0.0413804042601096,0.0055075813320133,0.0046955203083021,-0.0019413195889886,0.0048487533945777,-0.0054041857559497,0.0013779674618616
-0.0002469407694329073,0.0006261637805737002,-6.237974713663164e-06,-6.101240595857149e-06,2.1749195057041426e-05,-6.781298061992945e-06,4.651217526800564e-06,2.085125389310605e-05
0.2177499325695093,0.0587866196591091,0.0053092740103752,0.0046418516971495,-0.0033502735426887,0.0048746326510029,-0.005368053261572,0.0019575944346483
0.207150128217641,0.0949984980768378,0.0053399491021426,0.0046442976233763,0.0032630481863814,0.0047385418433557,-0.0050129786604514,0.0031634499859587
0.2180956661922185,0.0908018195725891,0.0054634117261431,0.0050782815365546,0.0030766358150429,0.0048986338099794,-0.0053617625301501,0.0030237005917672
0.1945812871973898,0.0832020299373233,0.0049635409535233,0.0044748150800537,0.0027433179109829,0.0042968197477256,-0.0048499453963554,0.0027706275969128
0.2183075620880362,-0.0089070654774617,0.0048138498096799,0.0057119166978223,-0.0005725433084825,0.0055994904368579,-0.0046360973474738,-0.0002966052803994
0.201925039684028,-0.0834830613394248,0.0053769723944666,0.0046019094769836,-0.0005563268325124,0.0045897345107276,-0.0049140492675904,-0.0027799859426028
0.2247167112918383,-0.0197590735814318,0.0038869393030056,0.006246778389034,-0.0012159505695925,0.006352179688566,-0.0039555145326666,-0.0006579771502616
0.2249340249349542,0.054964926783771,0.0046921271552387,0.0057918249137847,0.0013976922074798,0.005860967422982,-0.0046640845500367,0.0018303320618995
0.2175110623968507,-0.0170920013805836,0.0056828895036131,0.0048373645771175,-0.0007163320532868,0.0048406411299066,-0.0053880382209341,-0.0005691636459734
0.2181568366495898,-0.036376610808692,0.0048435338319499,0.0057278036500756,-0.0012665631937727,0.0055884379985831,-0.004641561879498,-0.0012113411399294
0.2181326485797502,0.0127827403241653,0.0054679669300199,0.0047071576875881,-0.0033913928104347,0.0048350876799521,-0.0054207902202705,0.0004256652527947
0.2132168774816193,0.0460443689314502,0.0052028992912512,0.0048376709428936,0.0015105101807874,0.0050716562738005,-0.0049689058619601,0.0015332774854172
-0.00024730703774780705,0.0005718251730942002,-6.187387672440536e-06,-6.013608371269186e-06,1.8523348427335065e-05,-6.789275847508757e-06,4.66114800552609e-06,1.9041778264039527e-05
0.2061481152944892,0.0845295732354049,0.0043219416456006,0.0055729558488777,0.0030649632302320005,0.0054397770330787,-0.0041872835386002,0.0028148347887389
0.2246335708137609,-0.028374273696132497,0.0055824120635896,0.0049788697540069,-0.0009491761673395999,0.0052128313256245,-0.0053648152066589,-0.0009448633140812
6.753008838566998e-06,0.00020562442540549963,-5.75680973099145e-07,4.3317970981060494e-07,1.083828306236434e-05,1.5903438999579324e-07,-1.5898715615075718e-07,6.847293366003741e-06
0.2185984005513568,0.0095199147303609,0.0053793148236951,0.0052259515863353,0.000314607235285,0.0052979998311563,-0.0049919730677463,0.000317013160521
0.2061116779272407,-0.0660240652275959,0.0053342749003773,0.0046438955865245,-0.0023201543546494,0.0047694636952706,-0.0049355940301682,-0.0021986013720789
0.2121935170525405,-0.0180176336759283,0.0051673375414793,0.0044107920530561,-0.0012630985709861,0.0048115418907858,-0.0051747504877836,-0.0005999872014084
0.2185834392058003,-0.0529371935679836,0.0056127291974585,0.0049960239566486,-0.0017995076548017,0.0049773582410325,-0.0053110484769868,-0.0017628085458138
0.2239758979710883,0.0208365553473517,0.0048623421625193,0.0055840004325991,0.0007214052072869,0.005643228823662,-0.0048766441355412,0.0006938572930668
0.2181235080309735,-0.1139205175603345,0.0054901983313833,0.0050462194004472,-0.0028918368834056,0.0052026486419085,-0.0050686292315469,-0.0037935532347591
0.2060722346426284,0.0015525841029713997,0.0046433692704752,0.0053337016183712,5.690213024400761e-05,0.0051938166646911,-0.0044848781010725,5.170105062894948e-05
-0.00024769351954148644,0.0006396917953982,-6.248875606296167e-06,-6.105472388995281e-06,2.1987650844046414e-05,-6.801373041724389e-06,4.6662653500894446e-06,2.1301736786760727e-05
0.2015437324646993,0.0422846048486056,0.0048674642486967,0.0046102990222628,0.0013974540647279,0.0048672427265493,-0.0046209214668259,0.0014080773414585
0.218127659092514,0.0335441170231213,0.0054961620677722,0.0050378202732674,0.0012169540823532,0.0051192810390313,-0.0051530168543683,0.0011170190968699
0.2184963362689321,-0.0387060295683122,0.005436227536022,0.0051605171946436,-0.0013896846075905,0.005279167834197,-0.0050069459631559,-0.0012889107846247
0.212623583189103,-0.029482987247790596,0.0053502877203661,0.0045843774723883,-0.0010337999792596,0.004742367545144,-0.0052575202431751,-0.0009817834753514
0.2063258271727849,-0.1763042916892273,0.0053284791196239,0.0052067690366299,-0.00036665804844489996,0.0049972950326527,-0.0047151605280542,-0.0058709329132512
0.2252130319939449,-0.0399961133060363,0.0057610709943812,0.0047683866480756,-0.0014687867336694,0.0049773887805673,-0.0056097684674828,-0.001331870573091
0.2182514015196391,-0.0351002669320176,0.0057198017096133,0.0048545734446805,-0.001209371495272,0.0048645570632094,-0.00539968365937,-0.0011688388888361
8.49721402595982e-06,0.0001905620398161001,-5.756492739723146e-07,4.3317403901604185e-07,1.083785370259438e-05,2.00109369029342e-07,-2.000525750264316e-07,6.345715925876244e-06
0.2180599083445439,0.053518897177213,0.004663366006393,0.0057697644122902,0.001129583220737,0.0056900106372359,-0.0045112771563184,0.0017821792760011
0.2174395706831962,0.026377569572217,0.0054003422086836,0.0051731977442922,0.0008160116939059,0.0052665886614861,-0.0049690364251388,0.0008783730667548
0.2063169575402218,-0.0368071345865691,0.0052083128755254,0.0048498897930654,-0.0015453790508404,0.0049496508284852,-0.0047647375876883,-0.0012256775817327
0.2133774159401548,0.0213921318332814,0.0053328087829183,0.0047919969904877,0.0006863939061845,0.0049837723847913,-0.005064551853968,0.0007123579900482
-0.0002485095009326088,0.0006319734714161996,-6.240177400584912e-06,-6.086023626838966e-06,2.1059777221221765e-05,-6.82266715428775e-06,4.683257588472406e-06,2.1044716598161985e-05
0.2245923193279409,-0.00029260436562689954,0.0052945972546694,0.0050149546722796,-0.0022221841367079,0.0054294500521509,-0.0051434793499695,-9.743725375377378e-06
