Predicted_X,Predicted_Y,Predicted_Yaw,Real_X,Real_Y,Real_Yaw,Kinematic_X,Kinematic_Y,Kinematic_Yaw
0.005171914734818967,0.0051750877073036715,0.0023564108433331396,0.0053184520910183,0.0050552301212218,0.0013452983050413,0.0052202007628306,-0.0050556614164111,0.0027381438362568
0.005084877728015878,0.004884320409197658,-0.002169965118066646,0.0053460995334315,0.0046987218845605,-0.0028635492542632,0.0048042173096963,-0.004931261752033,-0.0027303202778098
0.00526425018484051,0.005122023703107168,0.001358036726482084,0.0054454496014906,0.0051404356565911,0.0016241796017532,0.0049530681556661,-0.0053309257945079,0.0016224421739635
0.005276456002499998,0.005049051283315849,-0.00010612006798616622,0.0053457156909286,0.005203083841645,2.4282384019080894e-06,0.0052304706355976,-0.0050075004183831,-1.4345580013763735e-05
0.00528362646525161,0.005033369131210195,-0.0005900231765990556,0.0054275728717791,0.0051253312431304,-0.0005754077705601,0.0052398925747004,-0.0049980812848159,-0.000564376626945
0.0024295705901638434,0.0038346015471199296,-0.0005955654740461459,0.0025006222922092,0.003284606805963,-0.0008301930121454,0.0030934671720704,-0.0022580820114974,0.0067652186238035
0.00543673274696188,0.005165937332681062,0.0009208529029597431,0.0048322635189017,0.0057411388003729,0.0001794045833575,0.0057702706383855,-0.0047818059544432,0.0011828216895468
0.0030155676284854037,0.003804431183968525,-0.002181720148252788,0.0026718307980968,0.0039388707434557,-0.0032318864157677,0.0038601674808482,-0.0024843613462841,-0.0031157208268195
0.00498640519302355,0.004944740379505715,0.0005267467829100324,0.005125122220461,0.0048998754536321,0.0006344317447612,0.0049934425655467,-0.0047245075576896,0.0006328754198883
0.005522956550804184,0.004985817502129867,-0.0025914807526298375,0.0054681610992852,0.0050032824735486,-0.0031358258923119,0.0051782032864297,-0.005083542908059,-0.0038522702330858
0.004991999915426796,0.004954626975016676,0.0006901293993977786,0.0052265405198936,0.0046398238080818,0.0006241266010261,0.0047401408702366,-0.0049895653504784,0.0008158078640976
2.589451892941793e-05,2.5609069176928297e-05,-0.0004600570323297558,-6.212079165734963e-06,-6.035039135543485e-06,1.9781724283296495e-05,-7.016468378868594e-06,4.816717586308245e-06,2.0811075218851727e-05
0.005483233421901169,0.005076693858979666,-0.0013313084830185646,0.0053729627218763,0.0048386821944376,-0.0008166491756395,0.005276502304882,-0.0052784822127321,-0.0014386578540236
0.005298105309886523,0.005054531637079584,-0.0001916330222396337,0.005672984678537,0.0048893942822427,-9.16721652082231e-05,0.0048892386551857,-0.0053771370285986,-0.0001059510922551
0.005244375109813683,0.00512195768815608,0.0014742908725722615,0.0053579342939493,0.005161355920416,0.0014202217904358,0.0052579271061822,-0.0050027636176164,0.0017489069801627
0.005232360225008406,0.005114900318061469,0.001453928702528366,0.0053886758385428,0.0051349205589343,0.0017640599774977,0.0049548267027053,-0.0052770046558171,0.0017227758849004
0.004674665168646119,0.004777891843866592,0.0002481401868076319,0.0050303367408699,0.0044071583116056,0.0002868382724365,0.0043476812445208,-0.0048199269476324,0.0002827344653519
0.005523568162302141,0.005076795085876123,-0.0015965066710478804,0.0053893154711062,0.0048995700595741,-0.0018805049010899,0.0052601790565915,-0.0053367046921057,-0.0017961796163759
0.0054417826313932416,0.0049980536114643944,-0.0023272996609288864,0.0056442458112585,0.0049797586650934,-0.0031563291209943,0.0050977712040161,-0.005186980940492,-0.0030498004708565
0.004982051855851633,0.004922121270194252,-3.629299836575419e-05,0.0050684593147156,0.0049494292863054,-5.212140452903746e-06,0.0047970852183007,-0.0049172076551565,7.139293047675466e-06
0.005469833084357149,0.005122502765639996,-0.00017518701993329705,0.0052264112896263,0.0050630146138326,-0.0001540422133339,0.0051800960216321,-0.0054155089729977,-4.5275672242528485e-05
0.005447020185976924,0.00515278703472546,0.0006278367918622227,0.0053953987619053,0.0051798716119367,0.0008401176477957,0.0054581134464616,-0.0051321474276708,0.0008560455446331
0.005280167044055411,0.005066030612114395,0.00026144459888721163,0.0051410745640558,0.0053662568827661,0.0007221887748979,0.005246162071805,-0.0050073462370976,0.0003980364094314
0.005338702830167735,0.005015343767309772,-0.0015348723118724062,0.0055471703999345,0.0050603334901158,-0.0017948144521228,0.0051104782918041,-0.0051665752215144,-0.0017297943485245
0.005251426163756098,0.005130761049461092,0.0015441826609424948,0.0047294424762522,0.0057951368602395,0.001707017677862,0.0056753376775412,-0.0045502544389508,0.0018300526221615
0.005307064032399113,0.00501539509000976,-0.0012756618693767834,0.0055779132263662,0.0048723224168361,-0.0011627562020359,0.0050334788055535,-0.0052116571183179,-0.0013905941502331
0.005248358555910375,0.005097992119341255,0.0011155319288920567,0.0056888591843231,0.0048065354453578,0.0013724280663386,0.0048984688885495,-0.0053287954779601,0.0013446325018932
0.005420586269601756,0.005159456355343858,0.0009224788561240267,0.0057470797515404,0.0046376531813342,-0.0005559116746898,0.0049330384539949,-0.0056107089626722,0.00117908303355
0.005700294949820964,0.005033667156769825,-0.002592065413505971,0.0055167411227459,0.0050125500439406,-0.0024524313846624,0.005305381815704,-0.0052491168643754,-0.0039346878832253
0.00499609637280076,0.004901223954903735,-0.0009356891351996066,0.0054209395351771,0.0046454836831073,-0.0013452265815795,0.0046134799746173,-0.0051043742732036,-0.0010153542370606
0.004623686081458312,0.004541540892850175,-0.002351205630962976,0.0051015472698958,0.0044595111013934,0.0017130954972564,0.0038515864426059,-0.0042436201787381,-0.0064364377928697
0.004865869796188398,0.004831666858503847,-0.001332387383698928,0.0052160498492549,0.0044521616198429,-0.0012225106061127,0.0046135281651161,-0.0048772798228012,-0.0015161456016448
0.004000921504106464,0.004385527050157658,3.2217714689589444e-05,0.0031935286610469,0.0031434258309675,-0.003094356901968,0.0040400761233267,-0.0040377556977394,1.4348224921304637e-06
0.00543769765171289,0.005135449447682905,0.0003689795991454628,0.0055668942380977,0.0049736702857279,0.0005638919037419,0.0049500966887536,-0.0055915955291494,0.0005617297740356
0.005165421613109539,0.004965544087705163,-0.0011378751583704214,0.0052001408084806,0.004818773095889,-0.000988668945936,0.0050875238649755,-0.004921216867371,-0.0012365940547943
0.004993874599482166,0.004987856370244783,0.0012719617355414572,0.0052074603180618,0.0048169954189224,0.0015467076528294,0.0049118399717467,-0.0048411668013204,0.0014717300401372
0.005171937303982132,0.004966417152971051,-0.0011843660651178732,0.0051922689673575,0.0050146758119604,-0.0012502533207092,0.0051400625685282,-0.0048749598337215,-0.0012933812232715
0.002427650050958087,0.0032001365408053234,-0.00017834928001171806,0.00231427556227,0.0031657241333431,0.0014307687850356,0.0032208694722865,-0.0022597413625245,-0.0002030647544163
0.005181047575508885,0.004967359559166967,-0.0012543477339908484,0.0051439218410775,0.0049003324146199,-0.0012389287103573,0.0050493900957995,-0.0049799245474689,-0.0013800045999137
0.00529036944567684,0.00505539817170571,-9.080998890087445e-05,0.0056610654216573,0.0047976935387048,-9.695522443053942e-05,0.0048448177461968,-0.0054060818868333,6.013450545783172e-06
0.005282989996029504,0.005063158768414601,0.00016895038147167954,0.0057139753596744,0.0048220841800057,0.00031459194999,0.0048357077330966,-0.0054073931345271,0.0002954393579771
0.005271795556836116,0.005088952812345445,0.0007944749637776473,0.0055075226867144,0.0050493076226439,0.0009332336576114,0.0051451823449756,-0.0051159576839689,0.0009907039123666
0.0051446956706154325,0.00503481292267775,0.0008468944268840904,0.0052829084963239,0.0047518494596634,0.0009990110158775,0.0048706309863667,-0.0051458211117221,0.0010191105405731
0.002326527115629346,0.003106464243742159,-0.0001740891447911822,0.0023198891462175,0.0031745246166896,-0.0001923532354708,0.0031221249010944,-0.002188681634064,-0.0001824606249668
0.005146234026942647,0.004982774038456428,-0.00041818680436157016,0.0053276783440814,0.0047367935741222,-0.0004412881038508,0.0049353664591628,-0.0050646964800772,-0.0003928560679989
0.005286410134459459,0.005071889899278377,0.00033272015568828247,0.0051786459731753,0.005392895209098,0.000228164823253,0.0052510293966451,-0.0050163948609067,0.000479110580359
0.005492928937382485,0.005096961524100944,-0.000963911138868941,0.0055913398154521,0.0050130144310263,-0.001209218236914,0.0051435439978647,-0.0054539539405371,-0.0009701450298278
0.0034450094363833207,0.004069092735629564,-0.0018601923018542635,0.0028495135191524,0.0042688968199922,-0.0024346723218695,0.0043165404428364,-0.0027353566288272,-0.002433621792271
3.440565403784856e-05,2.3102286536369823e-05,-0.0005074284452355896,-5.755858066914046e-07,4.3316266383659763e-07,1.0836994556506774e-05,-3.5914951281289984e-06,3.590799061533507e-06,7.290884972961564e-05
0.005068809463784196,0.005216678259759199,0.003024238596612588,0.0047694362701982,0.0051972681140646,0.0021231668523219,0.0053772493860767,-0.0048767693906965,0.0034758138156838
0.005038687488179134,0.004765389913058623,-0.0026995041472391386,0.005219717416689,0.0044835870948887,-0.0045125419826034,0.0043334543020465,-0.0048121953428927,-0.0050209845905124
0.004998315541975947,0.004934137256172283,9.658327445790372e-05,0.0051358968470186,0.0049013111807023,0.0001385315067191,0.005006093673861,-0.0047332769491695,0.000157433842056
0.005246501297206147,0.0051327684621736945,0.0015954514630960308,0.0055570370902213,0.0050156726212673,0.0019527933281956,0.0051169426491854,-0.0051670736793431,0.0018870296591942
0.0054544648880624795,0.0051517326773859225,0.0005546710434755804,0.0054898952320048,0.0050782564634912,0.0021683453817912,0.005342893812891,-0.0052619358874427,0.0007761070154447
0.005315961959564754,0.0050183835534846665,-0.001284119421302583,0.0052254117462908,0.0048806125489733,-0.0027416641856744,0.005151609551085,-0.0051099153706689,-0.001400251320845
0.005027855605162632,0.005126869952101127,0.002523076496881564,0.0042867518894369,0.0055946142562532,0.0029122771084377,0.0056321404538886,-0.0042845082243408,0.0029146358388969
2.6643906589721503e-05,3.288164959254752e-05,-0.0004481830173926841,-5.75391138980634e-07,4.331255518625135e-07,1.0834346806265494e-05,3.833002144767588e-08,-3.8328252032744347e-08,7.675340252435632e-06
0.005439222096673952,0.005158398021838063,0.000780443919635462,0.0054863324098238,0.004715331311875,0.0007819443552222,0.0051761464215554,-0.0054123159953388,0.0010253253764463
0.004998616085092819,0.004952994230277769,0.0005823476643483005,0.0052570605841517,0.0047133473814917,0.0002540867191345,0.0045688483316139,-0.0051573833132524,0.0006967426422178
0.0054627939728742435,0.005104001383509176,-0.0005457487363860282,0.0057303521413604,0.0046137933814242,0.0003849973135069,0.004931618081969,-0.0056154110334909,-0.0004753460663189
0.005148459637642764,0.00519106611594212,0.0025736589832489015,0.0054454549915843,0.0051222669438764,0.002481319705534,0.004939357932625,-0.0053407671990001,0.0029805739275215
0.005185826183460955,0.005160817414146391,0.0021751424756612965,0.0049536660243143,0.0051796521062783,0.0012632916899215,0.0052706442749942,-0.0049876578916365,0.0025342438313218
0.004562952365876742,0.004954582399710703,0.0029485910313760714,0.0040545546712538,0.0053247359760053,0.0034479455252711,0.0051757306497967,-0.0039109904912292,0.0035424141166119
0.00499552037770554,0.004887885930340201,-0.0013368444787935922,0.0051819906646497,0.0046522549961234,-0.0004618053085723,0.0047181220307489,-0.0049874519629888,-0.0015070757175899
0.004992885228054845,0.004919927991005623,-0.0002652814821061107,0.0052779232176178,0.0047463472910123,-0.0004081059102931,0.004655710131995,-0.0050697046714062,-0.0002466163727547
0.005273880394261409,0.0050750366786171995,0.0005114564666724207,0.0054583643221208,0.0048778045064854,-0.0013179815409033,0.0048020464318566,-0.0054311235326416,0.0006752750901424
0.0045164818371295195,0.004654570367519898,-0.001853461387129338,0.0048292913172922,0.0041755512488215,-0.0024656075976512,0.0043395809527103,-0.0045402717216795,-0.002257208398704
0.004823426190691067,0.004926103625382077,0.0016318948168662988,0.0046959929850438,0.0047152539746799,0.0019218953655137,0.0047373938844874,-0.0047135704814563,0.0018763101999185
0.005422310128334947,0.005159319675625307,0.0009089737777206956,0.0043813504646954,0.0056053440607812,0.0050851845572933,0.0059123521602169,-0.0045698118299319,0.0011644418726437
0.004977609528406824,0.004929618553997671,0.00024547006974934163,0.0053437681295379,0.0046306961616421,0.0003238273609512,0.0047547913183923,-0.004949376081374,0.0003191637349123
0.005196449221408716,0.005155077087999825,0.0020760120026348146,0.0053374139699728,0.0047495435099543,0.0018049081955812,0.0050496400970862,-0.0052120621743632,0.0024232385122006
0.005295611153995421,0.005058633535360715,-6.411721300078626e-05,0.005405789601141,0.0051236973940587,0.0003848956907379,0.0049597352208346,-0.0053108034109783,3.7240505616598085e-05
0.00327810213025525,0.004364823803693367,0.0022882671389575448,0.0030995777953273,0.0047374270174724,-0.003746549304445,0.0041758607625554,-0.0026423228390533,0.0054773708804834
0.005276538033007919,0.005093765665831647,0.0008429429171081741,0.0053436372964534,0.0051452580787527,0.0005891720638259,0.0052968827380055,-0.0049710619689117,0.0010461916592132
0.00531913194407453,0.005037745655800967,-0.0008397699767374476,0.0055179338328009,0.0050942046491329,-0.0008830937905036,0.0052226097056751,-0.0050709139643619,-0.0008513639145837
0.004976491087534609,0.0052598531410566664,0.0035641045230958074,0.0056516636203256,0.0048779975214596,0.0042286340923709,0.0048585811273504,-0.0054181569431896,0.0040540828339588
0.004359478002401958,0.004583058065428718,-0.0016321550418355662,0.0034077731223312,0.0053593990616018,-0.0017617971244721,0.0051775391831014,-0.0032701835623502,-0.0019625959189427
0.005493485812091358,0.00510024264845212,-0.000893717672251262,0.0055197675948147,0.0050867908304301,-0.0006481923689317,0.0053768206059241,-0.0052297170710082,-0.0008840210471664
0.004761756771727298,0.0044476802850352895,-0.00078200777948986,0.0049589540580057,0.0044606560614606,0.0008157490523162,0.0038738296542332,-0.0041882266809404,-0.0092076516595569
0.00528718121744069,0.00502731918613375,-0.0007869116562691855,0.005440551801107,0.0051201916152874,-0.0008112443935786,0.0052333262153837,-0.0050041459431366,-0.00079419727581
0.005394647552490478,0.005192670127489296,0.001533334402567305,0.0056492010016446,0.0049013390173628,0.0019320079213569,0.0050595269068073,-0.0055183699248909,0.0018619835015749
0.005296148672910651,0.005037082671616592,-0.0006234926033285834,0.0053966788243819,0.0051011393089807,-0.0007738661781316,0.0052537221443808,-0.0050054300533921,-0.0006008602674996
0.0052303316502558305,0.005128702231238055,0.0016346299594048206,0.0053323797177446,0.0052140201024897,0.0020002050985369,0.005243447097574,-0.0050100568772911,0.0019275244035061
2.5895641663879754e-05,2.567572976214759e-05,-0.00045991970311994664,-6.211699350444633e-06,-6.078568543177454e-06,2.1014986525069723e-05,-6.957894806841377e-06,4.7706527766792e-06,2.06597591242641e-05
0.002328259657379385,0.0031087670247642433,-0.00017781360405169142,0.0023224281652725,0.0031767540565588,-0.000199904284875,0.0031240547193782,-0.0021909014908999,-0.0001896523340739
0.004451339481735432,0.0043319658917587945,-0.0008611053572779425,0.0053577509903997,0.0048387277000276,0.0008922331234929,0.0035917265016897,-0.0039460922672951,-0.0094377611576048
0.005266708873214018,0.005075680074180819,0.0005863606761413628,0.005139894300699,0.0054054546408042,0.0007810260965023,0.0052853001545801,-0.0049509663350797,0.0007569823260265
0.005281046951057104,0.005073366898821045,0.0004132214394959702,0.0054465890132721,0.005114628361268,0.0004830227652473,0.0052362108908127,-0.0050241979274464,0.0005675523085953
2.6680252438462775e-05,3.282485410767769e-05,-0.0004484782880858453,-5.753484769504755e-07,4.331117490572606e-07,1.08337162060268e-05,1.3585833947583042e-08,-1.3585419844449704e-08,8.007375481936865e-06
0.005442249292640994,0.0051161759818263075,-8.083298873173193e-05,0.0056947613937494,0.0048158738901555,-0.000336807909253,0.004979405356622,-0.0055546792207195,5.488920652130247e-05
0.005288349130135413,0.005062365098120626,9.811595664049008e-05,0.0040970704841406,0.0039742221720469,-0.0040556199933592,0.0051356250567806,-0.0051315385434156,0.0002175115563778
0.004815620916113196,0.004842711940975963,-1.9434228461279277e-05,0.0036966779456069,0.0036137346656816,-0.003607486131489,0.0047148512286597,-0.0047121304241181,1.286175695913716e-06
0.00536587811039849,0.005211235737733534,0.0018785469251825352,0.0055508536968722,0.0048673455743956,0.0022132496150925,0.005221024598234,-0.0053695419065866,0.0022452732475305
0.004994674160904054,0.004904168036069926,-0.0008184780402748694,0.0052813811070406,0.0047634026801235,-0.0009457680709183,0.00465742073273,-0.0050652078859434,-0.0008775284222403
0.005451093774131932,0.005120576751505075,-5.796534706145224e-05,0.0048180104170132,0.0057258231816583,-0.0007348647215936,0.0057564714217128,-0.004764353307751,8.32801033254782e-05
0.004972897092800281,0.004984794519769692,0.001380815077309982,0.0053716755507933,0.0047054851104118,0.0026731870523375,0.0046270829326818,-0.0050817766939102,0.001593505597573
0.005285252717044335,0.005055932496078186,-2.565268838607761e-05,0.005601409434404,0.0047872516332418,-0.0013667752037539,0.0050000190164769,-0.0052552126310836,7.807269645083714e-05
0.005171959314493205,0.00499541690372494,-0.0003696578892157708,0.00515227181363,0.0049878719023332,-0.0001083828800685,0.0049146709477577,-0.0051302057467588,-0.0003330909870479
0.005245802783721539,0.005131178921352964,0.0015802154998984831,0.005337229951555,0.0052310974538003,0.0019247471696357,0.005091072214719,-0.0051890284616658,0.0018695337160877
0.005212546846511607,0.004985580091254488,-0.001107615485127867,0.0052251124329065,0.0044922633327917,-0.0034266972633312,0.0049224528478139,-0.0051679171258267,-0.0011926948348206
0.004994005769974543,0.004945962260988836,0.00046796382337907765,0.0049188250573499,0.0051221163592676,0.0005614370757502,0.0049781266981105,-0.0047544950021372,0.0005687788694851
0.0050011237451547605,0.004927404011896425,-0.00014681349855759745,0.0043631512123845,0.0055763250997222,-0.0004535238241164,0.005460043786187,-0.0042077585377371,-0.0001128293581887
0.0049796736539007925,0.004657606467158729,-0.0021410263494850124,0.0051086145183425,0.0046233612422659,-0.0022997199836809,0.0042572505833873,-0.0043561561471438,-0.0067255094414761
0.005293584217108606,0.005075829662125511,0.00035247753302852845,0.0057211747927996,0.0048391620945176,0.0005190993538507,0.0048530446716958,-0.0054157906370388,0.000502963728448
0.005446270538940237,0.005116136950843598,-0.00011671200023469162,0.0053404973334809,0.0052016057064465,0.0014438563488791,0.0053917118540101,-0.0051617500527964,1.5150518366535694e-05
0.005502637396239001,0.005088848257804628,-0.0012172065693085911,0.0045538514591991,0.0057017583378944,0.0004754204301793,0.0059131062939849,-0.0046066794118903,-0.0012871555217099
2.6551255680162464e-05,3.3063418953516686e-05,-0.0004473522443135863,-5.754903431255329e-07,4.33145462321212e-07,1.0835703582068312e-05,1.300783438648959e-07,-1.300665972405249e-07,6.741217910212498e-06
2.3904323705365403e-05,3.5890924510630605e-05,-0.0004287542945447256,6.843915480890181e-07,6.659985541182524e-08,-8.709969847031651e-06,8.962071879254024e-07,-8.962497759963827e-07,-1.4349915028061248e-05
0.005350966568319525,0.005018215016210312,-0.00156734590391083,0.0056063779468011,0.0050098843652053,-0.0018476002869938,0.0049872373064417,-0.005302768118815,-0.0017732756274699
0.005445379797352224,0.005260740509581565,0.002038241302207615,0.0056077353778674,0.0049893142630821,-9.867547199537972e-05,0.0053310970805728,-0.0054825310243044,0.0024590062100567
0.0053121750507048445,0.005038870565886218,-0.000741337272113101,0.0056730325519569,0.0049134493178946,-0.0007677856288546,0.0049104498674505,-0.0053659252745066,-0.0007358772510018
2.552882151783762e-05,2.6139131435982434e-05,-0.000457145834293761,-6.213937115973067e-06,-6.030856222416503e-06,1.7740149942158112e-05,-6.75998697107071e-06,4.641410105477377e-06,1.7572761878170697e-05
0.005272824215379783,0.005070633277208604,0.00042953091369190937,0.0048340005944131,0.0055359954921261,0.0018325948976545,0.0054796191016627,-0.0047413767937932,0.0005836700746714
0.0053312042232841715,0.005008893315961892,-0.0016100081765426269,0.0056190536278148,0.0049599709120091,-0.0019050251782415,0.0050032722617838,-0.0052489493035342,-0.0018347617725743
0.005288161617134182,0.005038830770389677,-0.0004936639029728846,0.0058212614713943,0.0046902230639072,-0.0004778467018431,0.0047861112502592,-0.0054446340073717,-0.0004522187438317
0.0027511896804517646,0.0034251781153513744,0.0005442496837448007,0.0022667499821897,0.0031677368056577,0.0051341605616929,0.0032474825511455,-0.002237318465456,0.0035434199800258
0.005296019219160773,0.005042923149157021,-0.0004688947175674075,0.0053941714174488,0.0052009024757098,-0.0004616234766818,0.0052631515442559,-0.0050002828805466,-0.0004221639815525
0.0050991186020551684,0.0050697536927698066,0.0016683387844892072,0.0053731705809219,0.0047253382067857,0.0016252286883707,0.0047607166306251,-0.0052213758778213,0.0019395309172406
2.6610154641484342e-05,3.280876574506247e-05,-0.0004481751789628259,-5.750680765670077e-07,4.329379207313952e-07,1.08288069858853e-05,-3.6221413361028e-08,3.622143975245972e-08,7.664776273110001e-06
0.005323199964929921,0.00521642301262712,0.00211329626267844,0.0055442686902578,0.0049536811539179,0.0023514516588011,0.005205064237837,-0.0053460964479207,0.0024986588459151
2.6647802085867645e-05,3.299650589079148e-05,-0.00044795827512531384,-5.757126524969652e-07,4.331853709210743e-07,1.0838712304117593e-05,1.2958238061383345e-07,-1.2954204535425317e-07,7.424237013558753e-06
0.005625521584572961,0.004861102697467868,-0.0020220067981242206,0.005166583159528,0.0049238616935751,-0.0052282213867183,0.004895308174749,-0.0048393268514983,-0.0066587750542066
0.005283434817988852,0.005036779797178284,-0.0004977123936835572,0.0058141239709283,0.0046892568173196,-0.0004828384913763,0.0047845615042797,-0.0054378792023679,-0.0004578153787056
0.004673459160720077,0.005159647280108006,0.003763735681524438,0.0047694029192468,0.0048078448530493,0.0022070183568323,0.0048840442248023,-0.0048292567098655,0.0043630313502548
2.595140131111083e-05,2.58430084832768e-05,-0.0004598325698481464,-6.229119374090431e-06,-6.094131380862677e-06,2.150795180122511e-05,-6.77088791354501e-06,4.643452479143029e-06,2.056758408759407e-05
0.0052822230683491865,0.005099247531989626,0.0008945670791688304,0.0053241876362504,0.0052681836003796,0.001121981884871,0.0052923510185691,-0.0049905793941495,0.0011055393786512
0.00528466752641041,0.005055545992652899,-2.919163587386051e-05,0.0055413355777589,0.0050077985379175,0.0001662369093055,0.0049403624245164,-0.0053102129068328,7.396537349055875e-05
0.00535593707122191,0.0050061606645896975,-0.0018260003050496207,0.0054129241567756,0.0045063185336574,-0.0006625320336223,0.0048306799077275,-0.0054190351150471,-0.0021482491322278
0.005289533647018677,0.005028438858717151,-0.0007818322744984713,0.0054491005043394,0.0051200830027818,-0.0008218454030574,0.0052316089776891,-0.0050104316581831,-0.0007877738756135
0.005305969292673566,0.005034811081696916,-0.0007836671803493145,0.0055864965956082,0.0047688533607384,0.0005315098777123,0.0048604675578117,-0.0053990372498317,-0.0007870174595412
0.005291391813213416,0.005086815775543372,0.0005965925613334012,0.0057098405484934,0.0048435732916223,0.0008768580268848,0.004864658367731,-0.005410188793932,0.0007748002843878
0.0023336104704252294,0.0031017055670783202,-0.0001139701636163737,0.0023152743794967,0.0031699860916067,-6.529393018184226e-05,0.0031188302155115,-0.0021854876690873,-6.875359155387175e-05
0.004691933858180473,0.00475278687533365,-0.001306028029764794,0.0051114443101853,0.0043751834336458,-0.0015239720892417,0.0044834422574396,-0.00472545023502,-0.0015024637882751
0.004986579108358383,0.004927116712807198,5.137078287325786e-05,0.0043483215913369,0.0055952120459554,9.656389623458052e-05,0.0054596429214928,-0.0041782060212075,0.0001052924915102
0.00528336697623042,0.0050369212438104265,-0.0004932543813607583,0.0057096592626177,0.004818488822859,-0.00048982481973,0.004831359287416,-0.0053963504107769,-0.0004527008739287
0.004976194523352171,0.00499151160998459,0.001450563623967352,0.0053639249807271,0.0046257376784968,0.0016434750470851,0.0046041164287302,-0.0051129867412913,0.0016738429168591
0.005307459183068048,0.00504066499028984,-0.0006466864748231789,0.0056022170025024,0.0049835659138068,-0.0006303990853684,0.0050989442049074,-0.0051823437374244,-0.0006257356460132
0.0052773219910148125,0.005070881553595382,0.000394080986255264,0.0048445434345847,0.0055316363533668,0.0017101840166428,0.0054808549861376,-0.0047478589244367,0.0005452729827403
0.005430425871044467,0.005165571142692978,0.0009556751391979065,0.0055560461241168,0.0049911911388322,0.0012067149091138,0.0049775602878495,-0.0055932077732566,0.0012199298688367
0.004981983153008688,0.004936786774294155,0.0003817577625721949,0.0052052527263222,0.0047709744177795,0.0004915797618041,0.0048647267081517,-0.0048488405157313,0.0004710745810128
0.005470619423658627,0.005099782682558044,-0.0007133525024273631,0.0054824918541412,0.0046939562392714,0.0008829010456329,0.0051138035622711,-0.0054562432433173,-0.0006714478020413
0.0052544376119200995,0.005108419476938157,0.0012299681734947454,0.004890133054709,0.0056248930626909,0.0013892494724236,0.0054939451890201,-0.0047362139483076,0.0014751446275674
0.005286414726511448,0.005069852851014335,0.00028794238263100773,0.0054922342410832,0.00490164836325,-0.0009660069142275,0.0048040579505046,-0.0054446910458151,0.0004291468267355
0.005262417842879277,0.005089109042718294,0.0008694460454110286,0.0056883493593051,0.0048286540188205,0.0010871231526274,0.0049174175712788,-0.0053217809499557,0.0010721320006297
0.005496427643235295,0.005085656303808824,-0.0012393042114563135,0.0054025362507724,0.0051191353846632,-0.0016521865499055,0.0054251679757761,-0.0051588596235936,-0.0013166406740781
0.005456069447648986,0.005116623376594518,-0.00019087194242334307,0.0054395881782257,0.0050111520843907,-0.0001368149018984,0.0053551151129168,-0.0052154775795614,-6.686359539862518e-05
0.005297508881832341,0.005057798571412103,-0.00010390296343089375,0.0055074934677949,0.0050808860620608,-1.7548223062657797e-05,0.0052123640722914,-0.005065633301865,-7.100368048185146e-06
0.004825557837348898,0.0048376770951271955,-0.000402352517660611,0.0043000988682111,0.005418648986315,-0.0001666878306291,0.0052720633294368,-0.0041039857391319,-0.0004251644547567
0.005286896759616246,0.005052103434307193,-0.00013744047298653144,0.0052658630966824,0.0049779114691073,0.0020419336133651,0.0051939412281234,-0.0050640114591997,-4.728319528353175e-05
2.308595885079038e-05,3.424139868044018e-05,-0.00042830032212465166,-7.179146969899311e-07,-7.069695291709796e-07,-7.499680411360288e-06,-8.221755824326373e-07,8.222087469968079e-07,-1.488352128629077e-05
2.5856913939912782e-05,2.5935005468922558e-05,-0.00045917624127782524,-6.204172269264063e-06,-6.07155126663983e-06,2.0798362094121003e-05,-6.74615533035466e-06,4.62507584679939e-06,1.983708664798912e-05
0.00480608789416482,0.0048800796844208775,0.001087114835387733,0.0050172383672655,0.0048618067151822,0.0005544503425445,0.004596434630888,-0.0047995686967199,0.0012422647288949
0.0053026175294976505,0.005034032093955191,-0.0007698779906868614,0.0037681937220201,0.00605126702545,0.0032864690042599,0.006168929080624,-0.0038291708335582,-0.0007713059979572
0.0050369332400748415,0.005224770239518228,0.003174558333863058,0.005550359488367,0.0049008709529108,0.0032823588746905,0.0049002439326068,-0.0053443850010082,0.0036393164393315
0.005469735227006961,0.005123402508984239,-0.00015390853731185066,0.0055109521171065,0.0050838474554852,0.0001246237097296,0.0053745012205482,-0.005223352914354,-2.097584095563931e-05
0.005295945842050419,0.005054671417045456,-0.00016596577874663308,0.0054907783248057,0.0050503209871395,-0.0002305822234573,0.0052050996961429,-0.005068642180172,-7.743669058712932e-05
0.005030527473276548,0.005241960494014204,0.003303298840469331,0.0057440689440773,0.0047721890238884,0.0039199461947437,0.0048832359134742,-0.0053996064227548,0.0037772273917495
0.005287835052319313,0.0050895389979713004,0.0006778370671889743,0.005199566834265,0.0053912285536013,0.000880556777419,0.0052586679734436,-0.0050248969275856,0.000864586231461
0.005200442198404746,0.005277988047012961,0.00303666280092649,0.0048560115605522,0.005514772814632,0.0017873703227654,0.0056477001940816,-0.004912433238692,0.0035024356809987
0.005289754949479975,0.005057790303243778,-2.5713897401431285e-05,0.0055519982398246,0.0050171030552328,7.326857582012902e-05,0.0049453198646056,-0.0053147261032004,7.904243564338385e-05
0.004924809271328988,0.005032421974800984,0.002173717259905767,0.0052656312517167,0.0046944551304211,0.0024797255863576,0.0046466972635176,-0.0050596818775657,0.0025118567601506
0.005269090462487974,0.005093883959240561,0.0009010619790623509,0.0054555447326332,0.0049739819552905,0.0013545151322545,0.0051237473462916,-0.0051383262017346,0.0011092973078498
0.005324778295046028,0.005013193113453709,-0.0014726472067353507,0.0051940303529554,0.0050778933348831,0.0004451076009983,0.0052850544287973,-0.0049697735083705,-0.0016468149147937
0.003646596044014897,0.005407967375973203,0.006932816526905909,0.0035841226755968,0.0056819493419708,0.0073585234663787,0.0056645462765191,-0.0035435822532379,0.0077628733239022
0.0054782971374590156,0.005104096294112637,-0.0006775238192906442,0.0056065037278347,0.0048984412481692,-0.0006709965731784,0.0052158924679914,-0.0053745385726157,-0.0006272035896857
0.005168755103228803,0.005166797957165789,0.0022984725883180577,0.0047687435519923,0.0056926100932925,0.0029395987649826,0.0055877202986619,-0.0046216934324364,0.0026717158503371
2.5952183570214678e-05,2.5787064988824424e-05,-0.00045995619619005885,-6.223423268281181e-06,-6.044798627868886e-06,2.0335645877556097e-05,-6.819185492969036e-06,4.681077104580423e-06,2.070395143007886e-05
0.004827957848655777,0.004839081151303914,-0.0003922277645798031,0.004166672677687,0.005298006404756,-0.0002752518310933,0.0052928024719024,-0.0040818232579427,-0.0004134469260675
0.004997874209435619,0.004921010362093848,-0.00030423187090567827,0.0052251664680071,0.0047933094089922,-0.0004772349389559,0.0048487556799519,-0.0048939388455754,-0.0002895013114908
0.0051773381136052884,0.005173188738167071,0.0023188471146289853,0.0054983713340515,0.0049189397137039,0.0025735176680055,0.0050859332611133,-0.0051927009213487,0.0026963739831955
0.005451178373714777,0.00515535693643006,0.0006442496858631228,0.005107695902069,0.0053061218914476,0.001008536423168,0.0054260147865153,-0.0051757784229677,0.000875919852791
0.004980590268788254,0.00491710958479942,-0.00017337177913249365,0.005099017939234,0.0049107928993787,-0.0001950882365432,0.0049727626010385,-0.0047372337430251,-0.0001458071914314
0.005460529389848576,0.005119391043359053,-0.0001661184476200186,0.0055812064929541,0.0048174519491723,-0.0009028939297262,0.0050540418487681,-0.0055167975365744,-3.739500836132948e-05
0.005252697555401152,0.005123634121619833,0.0014475616476054155,0.0053742388891795,0.005194528982815,0.0017673028603472,0.0052736786126871,-0.0050003479629077,0.0017207578872719
0.005000357820924166,0.004964088031617123,0.0008029748375142812,0.0051343101260836,0.0048983001904649,0.0009673488326576,0.0049119497985699,-0.0048375133072208,0.0009432893199545
0.005462576176153316,0.005112787679452349,-0.0003366473762839938,0.0044614364617226,0.0042278154754611,-0.0048828454458558,0.0052897341154939,-0.0052880573337879,-0.0002325397543039
0.005468424069135236,0.005089869118580664,-0.0009263408537949074,0.0053712046983511,0.0051964132923625,-0.0009375243432242,0.0053656263291032,-0.0051925200246686,-0.0009286609834958
0.005270698449459702,0.005097135937912236,0.0009438311317928941,0.0054605776834228,0.0050038316870091,0.0001658010194125,0.0051112313182922,-0.0051566308034186,0.0011576633639568
0.005378014643779698,0.005198201662525366,0.0016808883426573172,0.0054754007271387,0.0047125958610299,0.0018835744590932,0.0050210177873944,-0.0055439240329771,0.0020241169256205
0.005243492367982762,0.005115178935027957,0.0013915091889652315,0.0053732085019748,0.0051733931452311,0.001695575304177,0.0049894481030959,-0.005259445571831,0.0016548702095176
0.00543717866427108,0.005123139943340556,0.00011702977201011959,0.0055421607418095,0.0049373279128064,0.0002682041188384,0.005209777091399,-0.0053377116464099,0.0002776126036379
2.5717809644943725e-05,2.5845957024952376e-05,-0.0004586907480169253,-6.168599237632577e-06,-6.037431546701555e-06,1.976002608516936e-05,-6.913902881209539e-06,4.738100917003406e-06,1.9291805646837192e-05
0.003301706464740312,0.003978776037675957,-0.0018078856809434466,0.0028275398829764,0.0042573783299224,-0.0019138657025025,0.0041957175821097,-0.0026446361035406,-0.0023882418379887
0.005182041587011168,0.005165172740129162,0.002230022727077043,0.0052663908441205,0.0049078671180163,0.0009393169146203,0.0051962636054391,-0.0050700040930621,0.0025960981046978
2.6013387865492406e-05,2.555931773110757e-05,-0.00046074189322761305,-6.2405150744737625e-06,-6.103042810678971e-06,2.181576663840001e-05,-6.990331058797756e-06,4.7948089996770745e-06,2.157420160386892e-05
0.00541430987691832,0.005187155661163332,0.0013600693170307274,0.0054415181593343,0.0051497194711425,0.0009670912138299,0.0051123442438928,-0.0054842081593741,0.0016720857067686
0.005244275782541239,0.005050650181670638,0.0002585928479598101,0.0050415346647496,0.0047874106021228,0.0005766974883617,0.0052296340806107,-0.0049560596057639,0.0003862725006236
0.005285872714866246,0.005086700099553525,0.0006400245440860425,0.0056698482980874,0.004823269630015,0.0012682109429797,0.0048648840254999,-0.0054017601241081,0.0008218346016362
0.00494099418202346,0.0050056636517498655,0.0018347279385137949,0.0053531063403338,0.004588133302938,0.0021637532341917,0.0045938758521329,-0.0050910423634886,0.0021157830968672
0.005285499156295003,0.005062345149237263,0.0001255747335039864,0.0049120716614408,0.0055301571184762,0.000690094541217,0.0054302689173503,-0.0048137767974316,0.0002475517991737
0.002624427199251074,0.0035325839702473622,-0.0019711634115027947,0.0025130652558758,0.0036760157747424,9.706329930114778e-05,0.0035137236466368,-0.0022791583601659,-0.0028950767566231
0.0049189496706498175,0.005047520682339882,0.002327096558153383,0.0048040394306543,0.0051970009509707,0.0025839590750607,0.0050707129893018,-0.004652987767671,0.00269137951474
0.005450319224768912,0.005117996799201837,-0.00010955562840129379,0.0056795077284859,0.0048518375680316,0.00065110354529,0.0051492082261067,-0.0054114610876746,2.4383302821973098e-05
0.005283289683660254,0.005050222359473553,-0.00014750490173932111,0.0052987670016155,0.005085103154977,0.0009386577285512,0.0052404458000012,-0.0050088798421991,-5.943121290217235e-05
0.005442452248833176,0.0051649966718182675,0.0008683925256292356,0.0053301539844181,0.0052795390575857,-0.000113842157193,0.0054615664339705,-0.0051386476128822,0.0011256126180816
0.00499264075879147,0.0049879969544673565,0.001283314654617653,0.005204223935268,0.0048267083441148,0.0015331497232479,0.004918113361548,-0.0048330393692451,0.0014845020074808
2.6065401057942528e-05,2.548141999701367e-05,-0.0004611619900785395,-6.2386179369156025e-06,-6.082157373299424e-06,2.1447290119769317e-05,-7.027918126405693e-06,4.823258372510784e-06,2.2040646058663072e-05
0.005424159317810682,0.0051521539662814225,0.0007778408030725622,0.0056179493712245,0.004906404446247,0.0010598764430422,0.0051895348482036,-0.0053694900999729,0.0010173253399258
0.0052925770703345695,0.0050565680639243485,-8.430351010809488e-05,0.0055026566322868,0.0050767283091073,-3.4009140629231997e-06,0.0052079962752201,-0.0050614225747728,1.3837685007778156e-05
0.005569676594521256,0.0051851112464861,0.00035575165543471054,0.0054417826724387,0.0049864780906376,-0.0003536873027976,0.0054221673366762,-0.0053999027168346,0.0005907992524258
0.004996628900524315,0.004961580387763688,0.0007889538250911937,0.0051354766804048,0.0048892749587838,0.0009801788379878,0.0049038578863849,-0.0048385860569176,0.0009270016302839
0.0024688838336928286,0.0037891515990939994,-0.0005336028655753408,0.0022216381591073,0.0031909061015968,0.0066674161945966,0.0031798483272954,-0.0021372572885791,0.0064979023428474
0.005315988814632461,0.005042058312754285,-0.0006974304505412294,0.0056441852938581,0.0049466603189675,-0.0006536685879634,0.0050765522383947,-0.0052175151076561,-0.0006835168283302
0.00543045848798256,0.005171114172628491,0.0010408900865380812,0.0056735513702164,0.0048320661355556,0.001075732382902,0.0050228375761859,-0.0055608321976166,0.001316209024798
0.005160221560873433,0.0050332821006658195,0.0006817994390221127,0.0053077584647147,0.0047157597502309,0.0008499724884145,0.0048957949269435,-0.0051448822660346,0.0008382060617361
0.0028243629106277186,0.0036011184370641795,-0.002181394866850195,0.002307612667503,0.003359549036999,-0.0036630602904776,0.0031473785133024,-0.0020978702727504,-0.0120965416349884
2.6404095519141045e-05,3.329788614779387e-05,-0.0004461485453308027,-5.756175527459745e-07,4.331683574505807e-07,1.0837424207599267e-05,2.335954726781297e-07,-2.3353191454139737e-07,5.386012510951883e-06
0.005274865753665184,0.005103891447442117,0.0010239162097020705,0.0046300438225639,0.0058792889044148,0.0012810883618927,0.0057511397515917,-0.0044476628795757,0.0012486625656062
0.0030243607352796716,0.0038108001668998555,-0.002212281221726592,0.0026867505725842,0.003932451038382,-0.0032767361423066,0.0038547910626525,-0.0024980776440008,-0.0031731073042536
0.004982176214029114,0.00495791645137799,0.0008572473693989966,0.0052626932493928,0.0047244548665776,0.0010277983854919,0.0047183133149367,-0.004994995047197,0.0010013006799036
0.0052749672806689865,0.0050714234285428456,0.0004268918625154216,0.0055225415058184,0.0049493557475286,0.0002330540078918,0.0048014565449169,-0.0054307870870663,0.0005812650672086
0.0011672420164580304,0.0018455528016124772,-0.0002661703225470775,0.0014118783147107,0.0014095237517336,-0.0013585681364461,0.0016111781351592,-0.001610266778588,1.4959041242051595e-06
0.004362206601443691,0.004580355993157081,-0.0018173697345241708,0.0047824696838441,0.0041527174890511,-0.0018298519968558,0.0042334314310473,-0.0044094033099495,-0.0022212259699482
0.0046713583714054355,0.005155461528521983,0.003746438872206983,0.0049102625399091,0.0049743327183855,0.0039033134022518,0.0048987518845182,-0.0048017877082035,0.0043469980035403
0.005276382244289441,0.005053363683150311,1.5033932839095916e-06,0.0048055943884262,0.0057119451046583,9.39994391141452e-05,0.005578702330879,-0.0046189548645792,0.0001064992094597
0.005313705010061603,0.005041706493105252,-0.0006833898609218581,0.0056120491457527,0.0049839616059285,-0.0006918673310787,0.0051004731771526,-0.0051906069001334,-0.0006674784949178
0.004995885970509432,0.004961641658352435,0.000797560402093945,0.0052450311574099,0.0048927824283793,0.0027381272522247,0.0049248705072331,-0.0048159570941089,0.0009365180042336
0.005287036984296068,0.005070397064182284,0.0002941804240525303,0.005576446946693,0.0050084908262815,0.0004928157405366,0.0049043067290723,-0.0053558662650667,0.0004362630375226
2.6446413811111527e-05,3.325006355557776e-05,-0.00044645308431221485,-5.755540317181271e-07,4.331569559519119e-07,1.0836564705130058e-05,2.1904073264778665e-07,-2.190155027162236e-07,5.729260745484383e-06
0.005302489312630543,0.005068616927401043,0.00010711367831677395,0.0055129544866318,0.0050862164844719,0.0002367324064638,0.005220238826675,-0.0050723630854319,0.0002309849496752
0.005169956648306563,0.005000461891057307,-0.00020435507483226956,0.0053183022900302,0.0047323882022249,-0.0001505030092339,0.0049463517559264,-0.0050986364015899,-0.0001469561293731
0.005236876036056248,0.005129723598255682,0.0016113935647579618,0.0052610827729591,0.0051394266713757,0.0009849831723623,0.0050742861075989,-0.005191470297446,0.0019027156353237
2.6030805264678526e-05,2.572918615212881e-05,-0.0004604625791566157,-6.239155963427834e-06,-6.08523684197948e-06,2.128066696482911e-05,-6.823674328967953e-06,4.683517446767177e-06,2.1267673251301745e-05
0.0049754478412742135,0.004903973046884868,-0.0005345126030926116,0.0053737621263552,0.0045932528529786,-0.0005898311606293,0.0046748526633572,-0.0050219336383167,-0.0005531371146504
0.0053034867672864805,0.005056670916826082,-0.00019286025393186736,0.0055122664423792,0.0050735511697961,-9.275733553604228e-05,0.0052122173064567,-0.0050746412030786,-0.0001061378014937
0.005162164476125207,0.004995888844238731,-0.0002384969034049457,0.0043434809593279,0.0055403831806071,-0.0005438482485551,0.0056180139614884,-0.0043308394415273,-0.000186847957738
0.005272800226186996,0.005089583577966587,0.0007979189123344664,0.0056767128791354,0.0048590360017403,0.0010398658686006,0.0050053594589222,-0.0052549209521353,0.0009948206025941
0.005498113035457987,0.005087927019849716,-0.0012033780439583393,0.0048420040346468,0.0057156528405868,0.000352083255087,0.005756465808088,-0.0047932014282777,-0.0012700882092111
0.004917104042122247,0.005059099916327625,0.0024268855910661745,0.0046021183681572,0.0053805352599476,0.0028702576727717,0.0052576430237133,-0.0044602736645608,0.0028077793876745
0.0054561139943838976,0.005129685793880436,0.00010011962620347663,0.0049614000821449,0.0055889779180851,0.0002674820220631,0.0056015451331481,-0.0049630504607352,0.0002639421096318
0.005284671949027729,0.005029034515549199,-0.0007157228505901348,0.0051651468801687,0.0053892498799101,-0.0007415091043109,0.0052386283283576,-0.0049968710889995,-0.0007107721140975
0.004954826421936698,0.004976331574969827,0.0013905183257946355,0.0049592004646399,0.0049124541534362,0.0015114271591689,0.0048206092156436,-0.0048648841766681,0.0016027125630398
0.005440401853038699,0.0051153102516604204,-8.439323134808795e-05,0.0055233070986275,0.0049167566782331,0.000204146841749,0.0050371078946964,-0.0054989148747965,5.0346321218963655e-05
2.5938683180250742e-05,2.5855554435058603e-05,-0.0004597438615950181,-6.225848047769489e-06,-6.0913176000987335e-06,2.141669429456261e-05,-6.767414056607446e-06,4.6408659610556894e-06,2.046887451694346e-05
0.005293565891297567,0.0050484741632872455,-0.0002990220868027445,0.004468874265821,0.0042465876600918,-0.0047211695863369,0.0051354869585795,-0.0051314919986439,-0.000228637337994
0.0022738611373438722,0.0032598900517825206,-0.0017274713707850144,0.002294786661602,0.0032033246592093,-0.0025139651751273,0.0031512246354358,-0.002155842150706,-0.002647710647688
0.005356936625860561,0.005011286384868546,-0.0017413849248467679,0.0056358304630735,0.0049562010449614,-0.0020640125849544,0.0050747178178952,-0.0052062821997734,-0.0020212613731499
0.004912228403383792,0.0050596081450059015,0.002450087894622227,0.004615379905219,0.0053642319204474,0.0028939436990567,0.0052424883906836,-0.004472915265697,0.0028351774699558
0.005034392814224967,0.0048743066326037265,-0.0020126040848052187,0.0053187303986597,0.0047058012161301,-0.0027226302215627,0.0047938028198797,-0.0048950842026936,-0.0024615171119629
2.6492207486347036e-05,3.315398604472348e-05,-0.0004468765733374153,-5.755222191967599e-07,4.331512282644903e-07,1.0836134528902086e-05,1.6889856624216658e-07,-1.6888112746643084e-07,6.205781855831244e-06
0.005460099858199877,0.005137295757000303,0.00022840417174653223,0.0056847167581532,0.0048821968473728,0.0009684853105299,0.0049904092353509,-0.0055902222409939,0.0004101183718877
0.0049820220568907985,0.004941389195298086,0.0004968554467329329,0.0048355676416812,0.0044752591339677,-0.0050910709491682,0.0048608496287795,-0.0048528454448074,0.0005989264169407
2.605812542450306e-05,2.5725537931607992e-05,-0.00046060329431645204,-6.2480817852872406e-06,-6.099259125313949e-06,2.189193208046447e-05,-6.810770794953805e-06,4.67336161179134e-06,2.142467720513963e-05
0.005290144876132604,0.005057608927597886,-3.4078146400523236e-05,0.0055063023212835,0.0048811784639086,0.0031141390684056,0.0049032814466925,-0.0053540287060897,6.973961733809376e-05
0.004947800456162603,0.004921238495428971,0.0004057110721434774,0.0043107457442994,0.0055052898414325,0.0002575888571951,0.0054062841464442,-0.0041663042795331,0.0004922419007986
0.0046558565368456754,0.004632504049868984,-0.002746479176582226,0.005138680971326,0.0044284938731089,-0.0006220434048281,0.0040907011319569,-0.0045289554810013,-0.0047155873323188
0.0052904497783046196,0.005085284595822898,0.0005745230906697503,0.0055077712666722,0.0050786137255165,0.0007764817715666,0.0051746278910337,-0.0051117426914277,0.0007499161216832
0.005112539637396525,0.0050566319708532075,0.0014242529884049527,0.0050571172448017,0.0049381342748824,0.0002729776262294,0.0049302839306635,-0.0050626353561084,0.0016633698937839
2.6858933462139446e-05,3.276147386858507e-05,-0.00044947261655658803,-5.758392096957138e-07,4.332079346566764e-07,1.0840428323111148e-05,5.9443483303827367e-08,-5.942101922494556e-08,9.12807057545624e-06
0.0025151545404043987,0.003478457165178277,-0.0023756120117938337,0.0023023373947976,0.003234625236173,-0.0036696653717233,0.0032540582884003,-0.0022106144021043,-0.0038893421593616
0.005287285081962301,0.0050652625165230804,0.0001760053730984336,0.0057175383652934,0.0048279652109639,0.0003039926884204,0.0048411866616827,-0.0054102535667499,0.0003043603826116
1.687621286558874e-05,3.602094607664443e-05,-0.0003953423466064195,0.0003799424765754,0.000418913791972,-0.0064519389745454,-3.3629405600101337e-06,2.3084752633314035e-06,-5.2900976615788414e-05
0.005429139847629525,0.005149958721364131,0.000705001473905734,0.005477151656958,0.0050766568106328,0.0004933009364926,0.0052979698706698,-0.005267045252857,0.0009369910218821
0.00047401259357983914,0.0008769306777155401,-0.00038501707203928077,0.0007977153401432,0.0007985737488303,-0.0007661935322516,0.0007859313671506,-0.0007854819379123,-7.696154089471352e-06
2.6041047625817437e-05,2.5723596863505734e-05,-0.00046052437890511846,-6.239036915545171e-06,-6.0835518587154525e-06,2.137051878614571e-05,-6.822548076406798e-06,4.682530631049159e-06,2.13365036598745e-05
0.00527284751454779,0.0050635139024860385,0.00027437905965861263,0.0054663951414672,0.0050452581256297,0.0006256664866621,0.0051147334579653,-0.0051282298271083,0.000410682228341
0.005279852546087592,0.005105919126327477,0.0010212812401725108,0.0057105400644088,0.0048508399377094,0.0012820793641757,0.0048709205166803,-0.0054065575036472,0.0012470581769544
2.6056035348174904e-05,2.5716900707210485e-05,-0.00046061163743504104,-6.238406904834903e-06,-6.081298600690843e-06,2.1518963642219724e-05,-6.819609695159104e-06,4.680078293013551e-06,2.1433721972741183e-05
0.004981844422896478,0.005114685924609451,0.0026016912823183004,0.0040413370001237,0.0054971341078418,0.0039488073864367,0.0057206369393667,-0.004072382499527,0.0030050911865821
0.005203149224836556,0.005120287989727718,0.0016823647220873667,0.0045362528503649,0.0057433858513586,0.0007477762932739,0.0056960229806881,-0.0044321595408878,0.0019754665716954
0.004357732631038113,0.004551479803203237,-0.0024648396348646074,0.0048439520733806,0.0041024293140354,-0.0022188452573042,0.0040536685827443,-0.0044177490685672,-0.003376037445618
0.004819841095549312,0.005221799775941992,0.003748464867341812,0.0039186080663649,0.0057630496516387,0.0038556557082112,0.0058832750934552,-0.0039509580686097,0.0042786694894708
0.004988890379799836,0.004760090663003549,-0.0027227913630246485,0.0051941629468941,0.0045740845203359,-0.0021345773217937,0.0043554871458981,-0.0047828820107049,-0.004758681273549
0.005267059107467867,0.005098616366687205,0.0009944356791415834,0.0042932327628539,0.00544018671274,0.0035499786321134,0.0057372483555181,-0.0044453760225846,0.0012134652965736
0.005398162177387812,0.005182160873632865,0.0013832103686816704,0.0053692350327128,0.005187002889496,0.0016832360717241,0.0051540818748585,-0.0054148085252835,0.0016925613413796
2.6058738118698785e-05,2.5718537930280276e-05,-0.0004606212767108149,-6.243561744945225e-06,-6.089450242718897e-06,2.1693273869694e-05,-6.816556323808402e-06,4.677767897761278e-06,2.1444535621384377e-05
0.004976197491238388,0.004928444473863726,0.00023144632846623862,0.0053409660289498,0.0046241474236004,0.0003550800217374,0.0047520506758689,-0.0049496061858476,0.0003033803060766
0.005265024173173856,0.005074070616122134,0.0005688570010168605,0.0051401414212075,0.0053985482129288,0.0007778810188433,0.0052795921291948,-0.004953029188837,0.0007370341791487
0.005283173091746274,0.005247507259811784,0.002535997410605138,0.0055813716062932,0.0049520288712469,0.0028090852906151,0.0052442422332847,-0.0053425083443221,0.0029659806074217
2.5852244591033878e-05,2.5717558952373723e-05,-0.0004596190889237683,-6.200331929662184e-06,-6.067931342723654e-06,2.0687303851185668e-05,-6.946896270504148e-06,4.7624961404585e-06,2.032525974779986e-05
0.005280022982180761,0.00505422157178297,-1.4504319432380322e-05,0.0048088758389295,0.0057164107539766,8.79839959264661e-05,0.0055826004720219,-0.0046212608721023,8.938192180263371e-05
0.005163001664090535,0.005001985426212024,-8.073547255113149e-05,0.0052376645193872,0.0048482246357479,-5.071164348346979e-05,0.0050972257682312,-0.004936782040925,-9.762874462293516e-06
0.005020531289961378,0.005144578841374763,0.0026818604922895666,0.0055784712707382,0.0045658649555055,0.0032652564534573,0.0047226526323867,-0.0052984804704181,0.0030950266432437
0.005371517853441516,0.004999521395344668,-0.0020195480907532187,0.0052992114800075,0.0050010046375528,-0.001755989847782,0.0052584830169201,-0.0049938423044213,-0.0024579171579258
0.005285189773098872,0.0050519542863640635,-0.00012358889994906882,0.0056565363515002,0.0048841002580828,-1.8511465506132477e-05,0.004899130075569,-0.005347061845729,-3.205839766105001e-05
0.005441790191354904,0.004991475357744894,-0.002389705012779733,0.0056066084562478,0.0048786723623992,-0.0031100026643058,0.0049266058202572,-0.0053243532244872,-0.0031959455648626
0.005255966647616628,0.005113358755395499,0.0012902586921270179,0.0052153447300073,0.0050474950661771,0.0006085036042839,0.0050253883560331,-0.0052394267603973,0.0015436094298925
0.005274246735428131,0.005049539054473702,-7.103983691911396e-05,0.0054865850578783,0.0050515687863986,3.741103765209086e-05,0.005185674296581,-0.0050505816492136,2.4600131826857385e-05
0.004993582193238651,0.004950897637341406,0.0005898883254130715,0.0052324727781357,0.0048154496489994,0.000796146650607,0.0048903822088725,-0.0048444570150553,0.0007043120703537
0.0009617697320735792,0.001298996241338812,-0.012701945168708973,0.0012146535393151,0.0015267166182195,-0.0165653786107982,0.000440323633011,-0.0003042841483508,0.0066906276185932
0.005219735491393056,0.005131463963954146,0.0017221124566047274,0.0057496613494772,0.0047354534217382,0.0020815468636991,0.0048095592689112,-0.005419437822618,0.0020245774120683
0.004866890388003254,0.0049720961349982275,0.001887843563215838,0.0042822020604642,0.0057876079604537,0.0040063777240091,0.0054528083221753,-0.0039934930381335,0.0021774169473635
0.005281317748518244,0.005103335623185755,0.0009692248212594561,0.0048289809493446,0.0057236828091724,0.0011556201732952,0.0055972239165137,-0.0046496099818758,0.0011890123389255
0.005271428947856689,0.005098088132638616,0.0009542888706160344,0.0043754245829599,0.005881160210972,-0.000389772293558,0.0058468074170846,-0.0043072284174827,0.0011695865691066
2.694073415891382e-05,3.26454674454673e-05,-0.000450112721745789,0.0001973014718789,0.0001991098249397,-0.0001848086986464,1.2827393806169074e-08,-1.2820086130590922e-08,9.847287896820008e-06
0.005237960183670918,0.005137235202822073,0.0016928119609653147,0.0051116750448412,0.004902894817552,0.000977268588219,0.0052502835734663,-0.0050280182224516,0.0019956282467322
0.005300462854955054,0.005061233240819333,-4.923432466653942e-05,0.0054399412698082,0.0051513350479122,4.967927117349724e-05,0.0049639813632074,-0.0053158420971248,5.509841508137825e-05
0.0051679327987382935,0.004973657894686584,-0.0009434810775938116,0.0050103524858515,0.0051858131079689,-0.0008177520476343,0.0051207208255064,-0.004901085030919,-0.0009999465837015
0.005306570385296776,0.005041704776906104,-0.0006104344896247208,0.0052188876482168,0.0053840220813548,-0.0006075685056687,0.0052324631704592,-0.005047174285036,-0.0005836656500536
0.0049445309668976764,0.005037194848973591,0.0021259110114414535,0.0051965124951705,0.0049558104503359,0.0015727421394623,0.0049632857587825,-0.0047818027954837,0.0024556582997691
0.005521874641623298,0.005076907492479792,-0.0015841274336911419,0.0056035704308663,0.0049703706662505,-0.0018390573959238,0.0051136760069492,-0.005475907258651,-0.001778775098266
0.005148657028752793,0.005179561952705082,0.0024823654180791918,0.0055999536723061,0.0049096392586691,0.002966240482402,0.0050523859470754,-0.005207254132391,0.0028774599491028
0.0030244578739047033,0.004159710602115367,0.0015426955368174806,0.0029337007984491,0.0044276865643677,-0.0013773020154056,0.0038657820440376,-0.0024455112034997,0.0056577092916647
0.005261753618073252,0.005084174077244373,0.0007874542441142927,0.005616243412299,0.0048840514538655,0.0007792069112433,0.0050222801533785,-0.0052172461353132,0.0009802309702666
0.005480425305600973,0.0050755640299577675,-0.0013345277757994128,0.0056312313341465,0.0049048772281145,-0.0014567024719411,0.0051746747217574,-0.0053730662570765,-0.001443295479287
1.5729305406644335e-05,3.632897602972099e-05,-0.00038936342932276245,0.0008369616487264,0.0009872897618183,-0.0146586824246606,-3.842131680114564e-06,2.636524878089541e-06,-5.988138623358452e-05
0.005146015554354292,0.004996783281220619,-2.1366538549769164e-05,0.0046817401670087,0.0053773130440277,8.177715529000817e-05,0.0053550738725644,-0.0046236340106231,5.318794140372064e-05
0.005293621009055796,0.005029725421712008,-0.000790184724421025,0.0052249581137129,0.0050754345105796,-0.0035146998571375,0.0052133637848798,-0.0050364664544982,-0.0007969333554935
0.0052691488016222586,0.005088901318603964,0.000814136275088587,0.0056232067524435,0.0047841955879204,-0.0001501963889753,0.0048560605813194,-0.0053872952857853,0.0010119990306641
0.005304230435130935,0.005045267545963965,-0.0004932946100833448,0.0054006872279699,0.0052019926107496,-0.0004741693964595,0.0052681943554353,-0.0050094394382206,-0.0004485689971067
0.004054991323723567,0.00441343862671454,-0.0021947139736328727,0.0032120182995973,0.0049776494713915,-0.0029158892354925,0.004845331601349,-0.0030547096906746,-0.002862778499405
0.0054386854696206995,0.0051467187746359585,0.0005777858589412182,0.005198577533696,0.0053707316260691,0.0005188776035073,0.0053843871738195,-0.0051891380967241,0.0007969708144183
0.005313285028101563,0.005042749146303787,-0.0006520692175647062,0.0056410938486873,0.0049341206976544,-0.0006177311140864,0.0050715728398875,-0.0052192559581066,-0.0006309091357985
2.5763036743914162e-05,2.580289384217921e-05,-0.0004590027166876152,-6.176639784527538e-06,-6.045229920648154e-06,1.9996294030821812e-05,-6.924878732168035e-06,4.746205350697696e-06,1.963917548160055e-05
0.00514360243939797,0.005011102203443042,0.0003656098193584455,0.0053406777564972,0.0049041285475976,0.0003836300907826,0.0050158649737781,-0.0049899365014498,0.0004830649886033
0.004979130886706583,0.004915458805868055,-0.00020505725950780386,0.0051333814538048,0.0048780947749453,-0.0002152248395352,0.0049272108887495,-0.0047820700151258,-0.0001814305300603
0.005307641263158667,0.005027667386788806,-0.0009828576948309026,0.0053654900627972,0.0047753125176572,0.0014217023641267,0.0050041458241672,-0.0052597325959564,-0.0010256015280121
0.00527929139973009,0.005063314101189714,0.00020824665716535117,0.0054925750059134,0.0050641128906964,0.000340779341279,0.0051966535501155,-0.0050555722435079,0.0003384408621072
0.004744521356662201,0.004709847159047628,-0.0025980395543587303,0.005113295623661,0.0043914706318959,-0.0014996539603089,0.0043965935700658,-0.0046096794051342,-0.0037344688429197
0.005162396974304464,0.004984218106253321,-0.000575264409788335,0.0054148134871234,0.0044965575768606,4.430771749308615e-05,0.0047248014753091,-0.0052857835284435,-0.0005694387323548
0.0047595669286355806,0.004990573951281807,0.002526886999913731,0.0050073263703986,0.004412414404386,0.0026297700551258,0.0046268439406901,-0.0048237224546912,0.0029521151769597
0.00408990158045269,0.004474323874549049,0.0014903439728236561,0.0054901248811178,0.0048539032052126,-0.002818421769925,0.0039140374339663,-0.0041909622923744,0.0018571038156244
0.0036899085455757135,0.004215237826371223,-0.002084218018309504,0.0030345960014805,0.0046029405376346,-0.0025738490356738,0.0045237639013731,-0.0028537925303688,-0.0027378560045674
0.0054655085071155865,0.005131935164430834,7.084455023887188e-05,0.005505860590662,0.0050794757601487,-0.0007162537131861,0.0053783134734782,-0.0052211411293654,0.0002335171256938
0.004982515183723229,0.004941007805425527,0.0004817269344650131,0.0048747157145645,0.0051396443924809,0.00052128717672,0.0050127587708078,-0.0046966552712684,0.0005821898269124
0.005480735838798137,0.005087818733832687,-0.0010725485022205531,0.0053701325581001,0.0048218508796515,0.0004187481510374,0.0051416424764162,-0.0054267310790345,-0.001107188132077
0.0049836142894516,0.004940359625589491,0.0004526346193009953,0.004424449326315,0.0055568222473922,0.0006867118262466,0.0054128562457414,-0.0042315644655777,0.0005500421561075
0.002238377341815237,0.003157721736576794,-0.0010282768853507585,0.0023064730470712,0.0031810511496792,-0.0015010797015863,0.0031254930303038,-0.0021717043406533,-0.0015626451403063
0.005261152928294907,0.005094270960837373,0.0009660261757031243,0.0055982084136031,0.0045336946429794,-0.0023488880389572,0.0047796398353821,-0.0054491858369803,0.0011800265752394
0.005346883836987315,0.005226978525216471,0.0021151799424569033,0.0049312232220559,0.005282284977317,0.0030612737717188,0.0055087366982217,-0.0050896009859016,0.0025086041966121
0.002340708613777873,0.003240665885214983,-0.0010275546322258636,0.0023154902107105,0.0031732765784391,-0.0009412525533694,0.0032142655060572,-0.0022480299900134,-0.0015288950433928
0.005256510278891068,0.005092737045501477,0.0009745800489006278,0.004794024990355,0.005684210389742,0.0014202899894302,0.005569374711863,-0.004629603718964,0.0011884056892387
0.0024331784679842393,0.0031923453091256115,-0.00010106294102891304,0.0023171579929832,0.0031720448596339,-0.0001180372849295,0.0032149862559618,-0.0022531874844052,-6.453090299185504e-05
0.005318608475463226,0.005029313340747192,-0.0010466126952823167,0.0046743942919023,0.0058737545374349,-0.0012081899662994,0.0057464375750813,-0.0044549883852567,-0.0011017711490772
0.005290857603149594,0.005055400813233476,-9.572103688187738e-05,0.0054649661378605,0.004882330425636,-0.0011830284200829,0.0050349247698862,-0.0052302484520114,5.974022588617345e-07
2.605498328974408e-05,2.5731114873630764e-05,-0.00046057605736978674,-6.248979675049782e-06,-6.102200684754422e-06,2.1945934663869515e-05,-6.8077339970071655e-06,4.671063473903079e-06,2.139444077897679e-05
0.005245882310837232,0.004774190864650649,-0.0023339409638489213,0.0051109718733886,0.0044509880164858,-0.0063054529774348,0.0043356851952657,-0.0048327040866556,-0.0062055681317515
0.0054520691353002505,0.005136070018725824,0.0002674429701436577,0.0055822945102426,0.0049721168645122,0.0012826478752195,0.005228308544844,-0.0053549005533092,0.0004517338417256
0.005640158116992949,0.0053374313984230065,0.002044501375237597,0.0046341280156503,0.0058407206079245,0.0001234696480454,0.0063120969989501,-0.0049027065383909,0.0025741680126385
0.005460678637385589,0.005143699160803776,0.0003537823520488984,0.0057187357733528,0.0048452470276936,0.0007735812050302,0.0050103502496429,-0.005579657919922,0.0005517533006386
0.00530829462576156,0.005034558825978225,-0.0008136120987509695,0.0054983484295892,0.0050869354912951,-0.0007776320051646,0.0052176353137184,-0.0050576092130433,-0.0008221269521321
0.00363365492838158,0.005321658760091697,0.006366199691427075,0.0035703090628218,0.005563311371187,0.0077668243671582,0.0054695168609078,-0.0034799465295063,0.0075037987389181
0.005263868378514445,0.0051079074900295856,0.0011607807776205187,0.0047708770934988,0.0056238153446335,2.0515229148143632e-05,0.0055613783307983,-0.0046708056977673,0.0013996515946022
0.005425050789053151,0.005162511205204267,0.0009420323516235618,0.0054262664865993,0.0049980007162373,0.0011483688482535,0.0052769551454773,-0.0052994225635809,0.0012026694850283
2.5976193121697057e-05,2.581829600986109e-05,-0.0004600060551364852,-6.235208079630183e-06,-6.099127402681148e-06,2.167503728811583e-05,-6.777885942470858e-06,4.648669832337138e-06,2.076060542677283e-05
0.0054357077984326235,0.005162305011628533,0.0008689968201583165,0.0044566940642325,0.0059943788004743,0.0011748905439942,0.0060348566885638,-0.0044350932474171,0.0011239545114866
0.005251290205292259,0.005101872555495235,0.00115446834644162,0.0056794188306399,0.0047845647619617,0.0011068456387783,0.004895464027227,-0.0053401592689484,0.001389222112148
0.005139689643794231,0.005015092477617543,0.0004961827342214,0.0043980103677259,0.0055318511596622,0.0006808011340458,0.0055738678851873,-0.004352153177637,0.0006273010695087
0.005407153389385685,0.005161420930229317,0.001039438610792068,0.0048000137262196,0.0057025756511337,0.0006434902069993,0.0057422901604057,-0.0047612412871929,0.0013064666499648
0.005146800692355563,0.004994331487022736,-9.728802964660611e-05,0.0050492807199165,0.0049335094039308,0.0003367072361342,0.0051584825158752,-0.0048426024302157,-3.145280751502e-05
0.0027512969312801835,0.003940756652254757,0.0005835739947429283,0.002536079646958,0.003675361068105,0.0034799204764033,0.0035074862497468,-0.0022826779917175,0.0059284681857983
0.0046569381489265154,0.004739175120179745,-0.0011774973987364662,0.0048439809350568,0.0050421084837255,0.0008992816299952,0.0046863985529679,-0.0044723834628467,-0.001347682138646
0.005307927870780622,0.005228498664613853,0.0022842266507863834,0.0051050154757574,0.0053491142424397,0.0013185315052138,0.0054392668655949,-0.0051203704328737,0.0026883519444874
0.005460396159671739,0.005128571971155137,4.02872001239926e-05,0.0055086601871117,0.005071930024538,0.0005964945113042,0.0053244949825615,-0.0052647739264875,0.0001974058640729
0.00543327098496749,0.00512914850824309,0.0002764518126672999,0.0054810365035313,0.00506404034266,-0.0002943705516276,0.0052716380847352,-0.0052763141790773,0.0004562351319915
0.004999324914514068,0.004871889125014116,-0.0017800734177604984,0.0052869201462519,0.0047621923828689,-0.0021116558987195,0.0047578724904356,-0.0049116136284871,-0.0021065646881167
0.004886387259821743,0.0050685735487577864,0.0026141850558331218,0.0054926887392368,0.0044383314976689,0.0030956183878928,0.0045480009387398,-0.0051652892155688,0.0030285456544542
1.520794330912411e-05,3.681233136150833e-05,-0.00038596224977767955,5.457326018465381e-05,5.886454375314543e-05,-0.0010025149037979,-3.754615274916048e-06,2.5779826121546824e-06,-6.387157209370997e-05
0.004986054329686343,0.0049226708255365355,-7.708078243680007e-05,0.0044059566743142,0.0055714474449901,-0.0003736388757975,0.0054296832572765,-0.0042164766485652,-3.758997658049879e-05
0.004988747645196191,0.004959165016319014,0.0008179573515047078,0.0054057995663656,0.0046145822572247,0.0008553913873614,0.0045943308849173,-0.0051201063096938,0.0009582466233315
0.005608880581225085,0.004862946694437728,-0.0020851807703548197,0.0050401259585326,0.004946128324164,-0.0045949714360126,0.0049646336841914,-0.004761036539227,-0.0065512474977531
0.0053742391196422,0.005193683258519044,0.0016478108859202618,0.0055336269981309,0.0048217337881566,0.0006780412880527,0.0050324022963768,-0.0055198889604137,0.0019851008081107
0.005196769276260317,0.005158944516648993,0.0021109840062124557,0.0051288802444924,0.0054362884411065,0.0025263971608613,0.0053102061679758,-0.0049549910894981,0.0024632124648665
2.589861996164875e-05,2.5894684859196528e-05,-0.00045946529243096024,-6.215367631234869e-06,-6.08194076878732e-06,2.111994511699855e-05,-6.756817268163685e-06,4.6329874996077495e-06,2.015884991681816e-05
0.002379340582212274,0.0033385490453396224,-0.0017246728438023709,0.0022578073355288,0.0032490317836848,-0.0029751185068117,0.0032839388858204,-0.0021793751455903,-0.0025866837351294
0.005286347812232424,0.00502904674064616,-0.0007328789621591959,0.0051721106246493,0.0053882825899416,-0.0007377373550835,0.0052362213355282,-0.0050017873210298,-0.000730621445892
0.005059488337087654,0.00521898346499633,0.0030684610577969887,0.0047896894541317,0.0052510281280837,0.0037339984224352,0.0053923036315912,-0.0048561356234075,0.0035240036055677
0.0052451079095514495,0.004918453697103351,-0.002452512196782162,0.0053408437437765,0.0047878087996178,-0.0025173329296593,0.0046386423474992,-0.0052418282300798,-0.003338291144314
2.5637745000595298e-05,2.5820536944252265e-05,-0.0004583560639213817,-6.1821937649142455e-06,-6.007834162158332e-06,1.7908704603053494e-05,-6.982313305037458e-06,4.793872022994144e-06,1.8916930862289404e-05
0.005237439532349003,0.005115248013262257,0.001428506234418782,0.0053772300874674,0.0051596059536787,0.0017202681214407,0.0049766749225534,-0.005263611332522,0.0016952349138265
0.005169933773459945,0.005009314881909821,3.361372854025894e-05,0.0052621722372651,0.0050231004521021,-0.0003232742195307,0.0051646416408644,-0.0048805480686738,0.0001193110233072
0.0048743184577441446,0.005084060433503323,0.002764169192104435,0.0053566765302841,0.0046296177464636,0.0032476868611537,0.0047197413772414,-0.0050250363193111,0.0032031256750668
0.005251896249060479,0.005129920406452189,0.0015312447151129788,0.0047185013197204,0.0058020898094977,0.0018074428819041,0.00568320864686,-0.0045395716431014,0.0018154839841674
0.004639489432841735,0.004750814892224438,-0.00012986328171690913,0.0054441850734231,0.0047617282730942,-0.0013589373795983,0.0044924130831022,-0.0046380141526332,-0.0001429906109183
0.0049641266589272245,0.004661868182396921,-0.00223746125847222,0.0050565385679273,0.0045615287589262,-0.0020800336523874,0.0041436300143137,-0.0044814738526171,-0.0065390202578949
2.6977882067990774e-05,3.262275432415734e-05,-0.0004503398536370402,-5.761233440411059e-07,4.332588478669561e-07,1.0844289943690022e-05,1.492532283908529e-08,-1.4917117583773405e-08,1.0102869203295015e-05
0.005005977354712094,0.0049081537984910755,-0.0008506534451606519,0.0052889206258992,0.0047601621356396,-0.0009351804093489,0.0046616648295664,-0.0050789452862824,-0.0009136213890154
0.005125863229120068,0.005083402756756112,0.0016772690443116773,0.0053079633183901,0.0047062727868835,0.0008144704282351,0.0049724127954659,-0.005074891977024,0.0019541974335454
0.0049990260832208,0.004929790604727457,-4.286057519771008e-05,0.0047129723385666,0.0053154910280017,-2.6941666153246224e-05,0.0051604436159171,-0.0045661857507649,2.6263571397677765e-06
0.005159931452287426,0.004997068987681026,-0.00017886678854025343,0.0041742910393742,0.0057691527097323,0.0003371699110581,0.0057935564590247,-0.0040891169620122,-0.0001202797262354
0.004157686704129375,0.004780015834005205,0.0030687325459824483,0.0040032173581128,0.0054587095431379,-0.0016117620167203,0.0048476121282758,-0.0035148018359978,0.0041015944975656
0.004663813954521912,0.004756996661914204,-0.00045087682139038085,0.0041460849040366,0.0052318808095432,-0.000385667813606,0.0051250861946537,-0.0039823016466403,-0.000500315204882
0.005284600764640391,0.005075546826390535,0.00042731599713655935,0.0054475358166479,0.0051218062651396,0.0006003805966539,0.0052427763551552,-0.0050247020666549,0.0005841713470097
0.005089363051114951,0.0050352952992936215,0.001281752657881038,0.0052871305288109,0.0047903990857776,0.0022070651697566,0.0046708287248795,-0.0052494875702086,0.0014974799311956
0.005273529892545758,0.005105301545611942,0.0010555134550895924,0.0056827020839018,0.0048710805930871,0.0013133154173367,0.0049583598205813,-0.0053168890155378,0.0012838044980777
0.005236844430140619,0.005118313774377448,0.0014714726621297837,0.0053557243760566,0.0050884760306324,0.0010830970730602,0.0049510938507028,-0.0052913785883359,0.0017437954280155
0.005149623009991831,0.005169307725812207,0.002395349711148485,0.0047586335814742,0.0057131302483859,0.0029064946237974,0.0055912411846027,-0.0045990008668057,0.0027789021420472
0.004922500242341948,0.004802170169248292,-0.002409464062078799,0.005221202305393,0.0046944107635131,-0.0013663663631855,0.0044105941804818,-0.0049661073424858,-0.0032198716751018
0.005187368974299724,0.004883625076279296,-0.002563564859373482,0.0038023372286453,0.006027156140707,-0.0038868767792927,0.0058237534331914,-0.0036737854497353,-0.0036602823931504
0.005219229030853848,0.005133663897397156,0.0017492274535229214,0.0057379852923012,0.0047048103420785,0.0017258652488124,0.0047999968992438,-0.0054309385660222,0.0020553570577814
0.005331595680001261,0.005008100226448689,-0.00162853779379962,0.0056049663075228,0.0049669937970315,-0.0018919095944326,0.0050121473576135,-0.005238843264045,-0.0018607988091648
0.004339561242760699,0.004562868514858011,-0.0020386610196577856,0.0052909258263862,0.0046935009646464,0.0007213475265495,0.0041799625373768,-0.0043922303125885,-0.0025606796406722
0.004372259648251781,0.004709310958718997,0.002058516447344344,0.0039346465726377,0.0053411182124087,-0.0014999700976854,0.0049556708128387,-0.0035682103303059,0.0025113783574608
2.5543454615983147e-05,3.3355232127357803e-05,-0.0004418971977577256,-3.257944533839596e-07,2.460836145646781e-07,6.162917281282709e-06,-1.8206175866718805e-07,1.8207291836966218e-07,5.746400400468793e-07
0.004669056751092767,0.00478942942370092,0.0007133475360625288,0.0047834551138419,0.0051541369565915,0.002963411460957,0.0047629788565191,-0.0043859733460451,0.0008063905097117
0.003171267078243495,0.0039051521691500575,-0.0023097017716556386,0.0026975748797348,0.0039212313861307,-0.0032202268272668,0.0039641630500146,-0.0025872596004492,-0.0033167022620116
0.005461654554352348,0.005124238249134719,-6.616449621165609e-05,0.004662732160098,0.0058739475473199,-0.0009183960502804,0.0059189063212809,-0.0045838423887115,7.686092697873903e-05
0.005348931302696612,0.004737540592482471,-0.0016408215396792047,0.0051521436167232,0.0046558972812307,-0.0008880432520768,0.00429864286777,-0.0048034324592607,-0.0074119559967853
0.005422822885256294,0.005000489868562908,-0.002234381012553702,0.0046441584064544,0.0059178102201635,-0.002979489358733,0.0057576821556984,-0.004444023770207,-0.0028519834576224
0.005279742388341825,0.005103371875293992,0.0009810691300283605,0.0048340877136152,0.0057184223686403,0.001238717969631,0.0055904274629636,-0.004655270159827,0.0012018760521284
0.005301178525391125,0.005054377968025199,-0.00022707037375420562,0.004641139330983,0.005873201420754,-0.0002877539473794,0.0057358124195767,-0.0044684753474608,-0.0001453653421448
0.005453841421078608,0.005120981255570503,-7.24655549879988e-05,0.0053527157945199,0.0050844273620604,0.0002677532187979,0.0051026814249392,-0.0054632940222278,6.754614820216887e-05
0.004979647888261142,0.004956052403284688,0.0008449644856970971,0.0052623483277747,0.0047132089368868,0.0010547418945699,0.0047109848013254,-0.0049971801789894,0.00098713799869
0.005113856219216645,0.00505611021161659,0.0014088012084274995,0.0052873439644751,0.0046526575512531,0.0014153513369109,0.0047667034862761,-0.0052181137004524,0.0016460477555367
0.004989433367348864,0.0049406969025800745,0.00039076622505989397,0.0045900388804269,0.0042968034106548,-0.0051397027050544,0.0048648268763425,-0.0048620702929849,0.0004822976252194
2.6956423370009044e-05,3.264678819877003e-05,-0.00045018546915628844,-5.760287985151838e-07,4.332418145460218e-07,1.084300339426747e-05,2.21921154453292e-08,-2.2181222858018276e-08,9.92936607481499e-06
0.004980835651248594,0.004828546683215672,-0.0023715373404912046,0.0055275580530336,0.004606698168145,-0.0020607150805276,0.0044903582015629,-0.0049983635106768,-0.0031341536764812
0.0036105733386581178,0.004859247015688665,0.0039622402019109035,0.0035127631349576,0.005528543165699,0.001135877407647,0.0048204395996964,-0.0030586261449259,0.0061063989981153
0.005294825043576749,0.005059882066348336,-2.568529483893851e-05,0.0056916711156393,0.0047779736510112,0.0007079090696959,0.0049053878186737,-0.0053605641211463,8.025024131512737e-05
0.00495287565590329,0.005006922711584578,0.0017822728295921436,0.0053580396613366,0.0045710912933696,0.0021894996545983,0.0045914507890938,-0.0051097402573636,0.0020552695116554
0.005295563097051073,0.005027451406571412,-0.0008689590383726687,0.0055040331049114,0.0050676175326276,-0.0009276887330377,0.0051178765514119,-0.0051334676988375,-0.0008903141142042
0.005145904904151346,0.005036395929505572,0.0008656095549982575,0.0051707527191273,0.0048716272577273,0.0022603195074202,0.0050722477807794,-0.0049502770032412,0.0010402936215766
0.005443445445450339,0.004992724780556064,-0.0023832288460277637,0.0052874386473402,0.0046248229038252,-0.0017613772985007,0.0049463278458117,-0.0053115967693187,-0.0031802869631367
0.00526576870901698,0.0050923059314217315,0.0008990358912676093,0.0047769360817735,0.0056433844344603,0.0018832909473951,0.0055712798490169,-0.0046420062153362,0.0011061494319926
0.005139625033266256,0.00499229290394936,-6.720479225290777e-05,0.0054568678879938,0.0048493586911351,-0.000753300892147,0.0048898272303426,-0.0051014840412753,7.726201097568719e-07
0.004977515623458125,0.0049210881665826284,-2.844231904239317e-06,0.0050640124460983,0.0049450908094104,7.045545668216136e-06,0.0047929808190216,-0.0049132497748288,4.358601415415108e-05
0.005253316317891214,0.0051279580707582284,0.001498886891932116,0.0056643792371535,0.0048981551448692,0.0018196867973876,0.0049051757173824,-0.005369613188277,0.001779128290211
0.005190105994199729,0.004960203821353301,-0.001513198165245786,0.0054809649448833,0.0048953728117994,-0.0023372014669114,0.0049951002415764,-0.0050278279967595,-0.0017161517999754
0.004964048810614066,0.004987648912420883,0.0014811795912897492,0.0051332223728691,0.0048241447107414,0.0017747613892952,0.0049497525738936,-0.0047575787482014,0.0017077978215913
0.004947755935485342,0.004760799696306795,-0.002717924785462361,0.005510746182519,0.0047032354942571,-0.0004545747546039,0.0043391942962942,-0.0048189716613678,-0.0044187631123651
0.0037536901599212517,0.004232518717816505,-0.0003562511094720918,0.0046764107346697,0.0052074468401932,0.0028503206508285,0.0040717388772757,-0.0036295769403712,-0.000465571721047
0.005303381745591418,0.0050688944622180356,0.00010497424559993607,0.0055100640328245,0.0050854673375467,0.0002297652770599,0.0052222174907855,-0.0050719521472652,0.0002288058229196
2.6044053928786157e-05,2.5526810246114667e-05,-0.0004609607911319596,-6.246536707443795e-06,-6.105957331303813e-06,2.195718720165996e-05,-7.000708290530649e-06,4.802583991554851e-06,2.181752317156337e-05
0.005056036591336563,0.005108293081794808,0.002260116803149751,0.0053036203062268,0.0047788899798399,0.0023680680105013,0.0048111240630393,-0.0051852587563474,0.0026145198494113
0.00510747304686127,0.005063776167097425,0.0015477566121330107,0.0051562599112219,0.0048816311340211,0.0018147910030773,0.0051129216568016,-0.0048801570663333,0.0018031267885534
2.6628794619137745e-05,3.2969287431740615e-05,-0.0004479245562759704,-5.754583080044492e-07,4.3313958767322164e-07,1.08352701211345e-05,9.831639171195697e-08,-9.83089020966964e-08,7.385519730125632e-06
0.005361825468575029,0.00501344814722601,-0.0017337717195693094,0.0056328918493548,0.0049789517322064,-0.0021470507845553,0.0050899724425538,-0.0052009196571768,-0.0020096554663676
0.005281781691413139,0.00505936409227759,9.186076037191675e-05,0.0056627805406082,0.0048780113820527,0.0002187327693116,0.004875689311145,-0.0053673574425119,0.0002089542269737
0.005474741649868259,0.005091989428881695,-0.0009296696473161894,0.005517396795432,0.0050690970027145,-0.001454086164048,0.0052725893012469,-0.0052982957753364,-0.0009315394918949
0.00530010948545893,0.00503628860184099,-0.0006853507238563472,0.0055241133595824,0.0047126923366564,0.0012051180752218,0.0049681651185464,-0.0052937192978242,-0.0006723254193711
0.005288614378879464,0.0050528666589273775,-0.00013597356819709797,0.0042312132148518,0.00580636343896,0.0032658884650927,0.0059176442013399,-0.0041994453138527,-4.524551988591696e-05
0.004225857725364728,0.004498354506327018,-0.0022628566399375814,0.0031864983029921,0.0049082224780483,-0.0032802724518924,0.0049832461706649,-0.0031619823726471,-0.0029638246937134
0.005431156984827319,0.0051551102992457715,0.0007799012287924027,0.0054933210213981,0.0050464953071801,0.0010202652997414,0.0053077381254379,-0.0052669784388509,0.0010219856149924
0.005232483000048932,0.0051305751477786175,0.0016449999400743758,0.0053267562233709,0.0052291730090212,0.0019852826332142,0.005256178730093,-0.0050028146884168,0.0019398519423194
0.005274847914591101,0.005081520520419663,0.000631763626693301,0.0045332644726716,0.0058118094010874,0.0019418537779506,0.0057540449332682,-0.0044177108845929,0.0008097292135451
0.005293968253367075,0.0050576213156510955,-7.241416382038808e-05,0.0054176281878097,0.0051635805171008,0.0002568970812639,0.0052252195372432,-0.005046537780924,2.7531387146462195e-05
0.005238219882082627,0.005121380284758882,0.0015022982483021237,0.0046723059344047,0.0058075237253669,0.0018220016648742,0.0056900159508419,-0.0044948038046842,0.0017791154742369
0.005300105192323274,0.0050287736460235925,-0.0008804873484868546,0.0055805073437735,0.0049864987223848,-0.0009336146521721,0.0050600225752022,-0.00519793178272,-0.0009033363504074
0.005617310745586822,0.0050552633712095795,-0.002300642561442637,0.0046414578052935,0.0058799891564285,-0.0018645514533032,0.0059204277412279,-0.004597349789712,-0.0030013057685028
2.5770754453585155e-05,2.6017581804252052e-05,-0.00045858081255673174,-6.180641713982027e-06,-6.049097346139121e-06,2.0113599695781303e-05,-6.724780706393267e-06,4.60925305504594e-06,1.917405158966545e-05
0.005001650768196097,0.004952381080422883,0.0005342003784726857,0.0052839304424348,0.0047427327510078,0.0007287127059556,0.0048319383782434,-0.0049169207660466,0.000643674284988
0.005205691911617548,0.004946113461036363,-0.0019155403221609055,0.0053454344814162,0.0046340819743555,-0.0017822087670086,0.0048992272612783,-0.0050927332098867,-0.0022964033891184
0.005163533721787733,0.005032356012885343,0.0006329638779088574,0.0052843857517084,0.0047431884223629,0.0005676040331109,0.0047155631165977,-0.005315060981265,0.000784532661123
0.005463944769438258,0.0051151492424718475,-0.0002935304955257391,0.0046169738300005,0.0058317018883626,0.0002649377061003,0.0059014111874715,-0.0046004746023899,-0.0001825402254461
0.005305879035554358,0.005027628942744161,-0.0009666990288269974,0.0053560600562228,0.004796312123527,0.001977250927497,0.0049977023888562,-0.0052636580643286,-0.0010062680754913
0.005378497571894663,0.005190201341581586,0.0015859808591564195,0.0046388846730391,0.0057846300176467,0.0023329969719693,0.0058689992265286,-0.0046186059713852,0.001916179522264
0.005458496604791042,0.005095999348023767,-0.0006982015944968745,0.0056784758750967,0.0048304857081968,0.0007042464086004,0.0049840573297225,-0.0055545129779559,-0.0006560041304205
0.004491756433708836,0.004773230041445428,0.0019954694934039455,0.0040287779394079,0.0057863215702083,0.0084494202764933,0.0051695200325936,-0.0035307747241733,0.0023762910042687
0.005543123354634819,0.005054874618169443,-0.0020432908513162585,0.005450648508642,0.0050977425593989,-0.0024478588816441,0.005384013070316,-0.0051636141539421,-0.0024940522469771
0.004655246803538457,0.005351036643683749,0.004851520185088715,0.0054649888892406,0.005041858146523,0.0047166612669723,0.0048723073198477,-0.0053779711258335,0.0053460260644888
0.004682371750507477,0.0047303974433084775,-0.0018886720135672303,0.0051917433957195,0.0046171269760864,-0.0005900290826535,0.0044773768107842,-0.0046611126409796,-0.0022936662294238
0.005300410976073045,0.005025461743794405,-0.0009680840567239489,0.0054025516205796,0.0051829060032512,-0.0011714339553805,0.0052834018480516,-0.0049667597302957,-0.0010088385639041
0.005516830042368522,0.005064159356611395,-0.0017771915711538664,0.0057131464845134,0.0046932733389193,-0.0030801600740199,0.004943927375601,-0.0055937487743871,-0.0020623457497536
2.692960160399511e-05,3.265774396490374e-05,-0.00045003304612718266,-5.760918374043966e-07,4.332531760567124e-07,1.0843861189768766e-05,1.6446643150712043e-08,-1.643792800791962e-08,9.75773048557312e-06
0.0045596773978981535,0.004960258676038677,0.0029893382570482523,0.0036845777345462,0.0055083906773023,0.0040548921446463,0.0054179178294056,-0.0035759404650526,0.0035928672372969
0.004842071872596642,0.004862845464178946,0.00022043018106962043,0.0050355554339192,0.0044122113144799,-0.0003090540185099,0.0044858489664704,-0.0049703333737289,0.0002713021382587
0.005362637816491016,0.005006806371206765,-0.001855434961094641,0.0056995714443925,0.0048750046807874,-0.002098738956914,0.0048781643799505,-0.0053825573847434,-0.0021930724711204
0.0053173891255379685,0.005040210588040632,-0.0007592265846465816,0.0056805944072655,0.0049101477958641,-0.0007754421868781,0.0049105447186953,-0.0053740726603055,-0.0007560383272098
0.005299028630951153,0.005043368709791572,-0.0004887082700564446,0.005496728990904,0.0050889611259132,-0.0004644348779496,0.0051499964739064,-0.0051216074653579,-0.000444339009855
0.0054535538199481075,0.005097893442376801,-0.0006098966439412553,0.0054318747937306,0.0051203937137093,-0.0007647453770216,0.0053947559663326,-0.0051515557855134,-0.0005527059223082
0.005276883447309455,0.005098790843797161,0.0009261851976850728,0.0053260637934662,0.0052585699807916,0.0011383470272579,0.0052824157073478,-0.0049924249473704,0.0011395363181702
0.004705671478046219,0.0054174247627284886,0.005139591244601846,0.005472700161758,0.0049941051978867,0.0053217695496334,0.0049873090507631,-0.0055655541132792,0.0055511563868802
0.004984084441427616,0.004918527456829938,-0.00017966950990440999,0.0051168333158004,0.0050435591030515,-0.001416382384231,0.0049763327933866,-0.0047397201051915,-0.0001522762281898
0.00465769009803081,0.005051622439546514,0.0032227552263357786,0.003650135426811,0.0055085079709109,0.0058513113521786,0.005593069272606,-0.0036619292981745,0.0038015442443493
2.6627576759004692e-05,3.29272669826906e-05,-0.00044800776840556503,-5.754257394081919e-07,4.331333248652411e-07,1.0834827189998286e-05,6.50479493025693e-08,-6.504396084317979e-08,7.478513025740617e-06
0.004703122884592894,0.0048330449773551385,0.0012393896901016607,0.0051921009660307,0.005054975705208,0.0011338742986197,0.0047463394966914,-0.0044616653879431,0.0014150267482123
0.004653174031072138,0.0048320391406782475,0.0016284915851074778,0.0049095351152237,0.0048879507005823,0.001530362845115,0.0045599597699904,-0.004570935074892,0.001881428663645
0.005290673693585871,0.005055414572360785,-9.350459422459073e-05,0.005430600506842,0.004854650489634,-0.0009256605787965,0.0050347949406769,-0.0052300944949702,3.0501845984964865e-06
0.005386403460600074,0.005196332510265141,0.001618317201169129,0.0055262429097748,0.0050045891757095,0.0019488746437823,0.0052766851796526,-0.0053079438131578,0.0019557997581531
0.005219760312074935,0.005144878966970817,0.0018671470002741464,0.0056250148237985,0.0049097070466671,0.0022501447208783,0.0050516943210318,-0.0052184993891438,0.0021899494181501
2.5828356270869886e-05,2.5962459044512505e-05,-0.0004589786812911153,-6.1964506876677206e-06,-6.064251236725937e-06,2.0574753321289663e-05,-6.738994507260703e-06,4.61976971144238e-06,1.961712775155889e-05
0.0023294066764976023,0.003101504411145449,-0.00013349656597732372,0.0023140903621503,0.0031675813635816,-6.86609428411922e-05,0.0031184374494282,-0.0021848065504795,-0.0001058454205573
0.005263232148680001,0.005106348406114409,0.0011416772160270212,0.0055075813320133,0.0046955203083021,-0.0019413195889886,0.0048487533945777,-0.0054041857559497,0.0013779674618616
2.5987788271828773e-05,2.580658010115089e-05,-0.00046008753929006635,-6.237974713663164e-06,-6.101240595857149e-06,2.1749195057041423e-05,-6.781298061992945e-06,4.651217526800564e-06,2.085125389310605e-05
0.005227676200509036,0.005129804186543486,0.0016616240242960762,0.0053092740103752,0.0046418516971495,-0.0033502735426887,0.0048746326510029,-0.005368053261572,0.0019575944346483
0.004881750697070012,0.005082879071661651,0.0027306972549664106,0.0053399491021426,0.0046442976233763,0.0032630481863814,0.0047385418433557,-0.0050129786604514,0.0031634499859587
0.005135308482115296,0.0051900881732463095,0.002613395126661136,0.0054634117261431,0.0050782815365546,0.0030766358150429,0.0048986338099794,-0.0053617625301501,0.0030237005917672
0.004631124646612724,0.004896004099667591,0.0023452619866058417,0.0049635409535233,0.0044748150800537,0.0027433179109829,0.0042968197477256,-0.0048499453963554,0.0027706275969128
0.0053020798077092635,0.005049532562846743,-0.00036031228599278653,0.0048138498096799,0.0057119166978223,-0.0005725433084825,0.0055994904368579,-0.0046360973474738,-0.0002966052803994
0.004950207042438473,0.004829533931603665,-0.0021946570267092715,0.0053769723944666,0.0046019094769836,-0.0005563268325124,0.0045897345107276,-0.0049140492675904,-0.0027799859426028
0.005474144817809969,0.005101518293860996,-0.0007026657817610805,0.0038869393030056,0.006246778389034,-0.0012159505695925,0.006352179688566,-0.0039555145326666,-0.0006579771502616
0.005399225197601439,0.005192202000974248,0.0015040721955259704,0.0046921271552387,0.0057918249137847,0.0013976922074798,0.005860967422982,-0.0046640845500367,0.0018303320618995
0.005285093537893675,0.005033789743394467,-0.0005943933506433071,0.0056828895036131,0.0048373645771175,-0.0007163320532868,0.0048406411299066,-0.0053880382209341,-0.0005691636459734
0.005316602378916685,0.005024935046120554,-0.0011348796116676912,0.0048435338319499,0.0057278036500756,-0.0012665631937727,0.0055884379985831,-0.004641561879498,-0.0012113411399294
0.005288517881341787,0.005070576406828091,0.00028435511224168873,0.0054679669300199,0.0047071576875881,-0.0033913928104347,0.0048350876799521,-0.0054207902202705,0.0004256652527947
0.005141737135962623,0.005061821039652454,0.001304623237739695,0.0052028992912512,0.0048376709428936,0.0015105101807874,0.0050716562738005,-0.0049689058619601,0.0015332774854172
2.572681897625769e-05,2.597254168151472e-05,-0.00045846369624467985,-6.187387672440536e-06,-6.013608371269186e-06,1.8523348427335065e-05,-6.789275847508757e-06,4.66114800552609e-06,1.9041778264039527e-05
0.004896053741591566,0.005048896185505423,0.002431284546438561,0.0043219416456006,0.0055729558488777,0.003064963230232,0.0054397770330787,-0.0041872835386002,0.0028148347887389
0.005479413613147768,0.005093153343240152,-0.0009412687191333076,0.0055824120635896,0.0049788697540069,-0.0009491761673395,0.0052128313256245,-0.0053648152066589,-0.0009448633140812
2.6578804491839657e-05,3.30817933040968e-05,-0.0004474457612487616,-5.75680973099145e-07,4.33179709810605e-07,1.083828306236434e-05,1.5903438999579324e-07,-1.589871561507572e-07,6.847293366003741e-06
0.005301797822873709,0.005071671465933698,0.0001841471520100994,0.0053793148236951,0.0052259515863353,0.000314607235285,0.0052979998311563,-0.0049919730677463,0.000317013160521
0.005026629213728529,0.004880020387445944,-0.0018438705179001339,0.0053342749003773,0.0046438955865245,-0.0023201543546494,0.0047694636952706,-0.0049355940301682,-0.0021986013720789
0.0051436460250932495,0.004975501953115032,-0.0005990205420182276,0.0051673375414793,0.0044107920530561,-0.0012630985709861,0.0048115418907858,-0.0051747504877836,-0.0005999872014084
0.005349860017702341,0.005018192277101337,-0.001559703628601687,0.0056127291974585,0.0049960239566486,-0.0017995076548017,0.0049773582410325,-0.0053110484769868,-0.0017628085458138
0.005427457872736121,0.005137531830753298,0.0004892771319022146,0.0048623421625193,0.0055840004325991,0.0007214052072869,0.005643228823662,-0.0048766441355412,0.0006938572930668
0.0055210328158252775,0.004988138177527506,-0.0025783053482137546,0.0054901983313833,0.0050462194004472,-0.0028918368834056,0.0052026486419085,-0.0050686292315469,-0.0037935532347591
0.004976189607916719,0.0049207117974094505,4.6522360816552105e-06,0.0046433692704752,0.0053337016183712,5.690213024400761e-05,0.0051938166646911,-0.0044848781010725,5.170105062894948e-05
2.6044221894159537e-05,2.5745619790743662e-05,-0.0004604926258792645,-6.248875606296167e-06,-6.105472388995281e-06,2.1987650844046414e-05,-6.801373041724389e-06,4.6662653500894446e-06,2.1301736786760727e-05
0.0048552651398456464,0.004914204506532082,0.001228510192987949,0.0048674642486967,0.0046102990222628,0.0013974540647279,0.0048672427265493,-0.0046209214668259,0.0014080773414585
0.005274162278256434,0.005096443264105216,0.0009067478479084515,0.0054961620677722,0.0050378202732674,0.0012169540823532,0.0051192810390313,-0.0051530168543683,0.0011170190968699
0.005328170727163247,0.005026662587196325,-0.0011980286575831408,0.005436227536022,0.0051605171946436,-0.0013896846075905,0.005279167834197,-0.0050069459631559,-0.0012889107846247
0.00516115990872686,0.004971452447346162,-0.0009274409774083109,0.0053502877203661,0.0045843774723883,-0.0010337999792596,0.004742367545144,-0.0052575202431751,-0.0009817834753514
0.005509435366587953,0.0048739141846471795,-0.002420151094207779,0.0053284791196239,0.0052067690366299,-0.0003666580484448,0.0049972950326527,-0.0047151605280542,-0.0058709329132512
0.005507332156014497,0.005088807782734194,-0.0012523541589968387,0.0057610709943812,0.0047683866480756,-0.0014687867336694,0.0049773887805673,-0.0056097684674828,-0.001331870573091
0.005317865638361695,0.005026817390421933,-0.001100855133467316,0.0057198017096133,0.0048545734446805,-0.001209371495272,0.0048645570632094,-0.00539968365937,-0.0011688388888361
2.6525524983262924e-05,3.317129549689629e-05,-0.00044700004852464244,-5.756492739723146e-07,4.331740390160419e-07,1.083785370259438e-05,2.00109369029342e-07,-2.000525750264316e-07,6.345715925876244e-06
0.005245194178629444,0.005124641372805865,0.0015034327601589918,0.004663366006393,0.0057697644122902,0.001129583220737,0.0056900106372359,-0.0045112771563184,0.0017821792760011
0.005263329495335185,0.0050798923436573065,0.0006959195102948926,0.0054003422086836,0.0051731977442922,0.0008160116939059,0.0052665886614861,-0.0049690364251388,0.0008783730667548
0.004991808147540381,0.004893881572145713,-0.0011102665507147006,0.0052083128755254,0.0048498897930654,-0.0015453790508404,0.0049496508284852,-0.0047647375876883,-0.0012256775817327
0.005164544608115284,0.00502966528853545,0.0005679165040600992,0.0053328087829183,0.0047919969904877,0.0006863939061845,0.0049837723847913,-0.005064551853968,0.0007123579900482
2.5999393755764613e-05,2.575135165170262e-05,-0.00046026230014639864,-6.240177400584912e-06,-6.086023626838966e-06,2.1059777221221765e-05,-6.82266715428775e-06,4.683257588472406e-06,2.1044716598161985e-05
0.00545779055476611,0.005119444194390396,-0.00014125688573878798,0.0052945972546694,0.0050149546722796,-0.0022221841367079,0.0054294500521509,-0.0051434793499695,-9.743725375377378e-06
