Time,linear_velocity_x,angular_velocity_yaw,linear_acceleration_x,angular_acceleration_yaw,kinematic_delta_x,kinematic_delta_y,kinematic_delta_yaw
0.372,2.5517361208303614e-05,-3.0035579423119246e-05,0.0008489277295895786,0.0023622954600950948,8.49728128236369e-07,-4.2491765098620864e-13,-1.000184794789871e-06
0.40900000000000003,3.2887666982747786e-06,-2.0180813199943795e-05,-0.0006675253606615264,0.0002959389256208844,1.0951593105245029e-07,-1.463341792659531e-13,-6.720210795581284e-07
0.442,-2.3199967015450496e-06,-9.089152178209398e-06,-0.00016843133332792275,0.0003330829135655975,-7.725589016132146e-08,1.4092650505807824e-13,-3.02668767534373e-07
0.47500000000000003,-2.326828278153196e-07,4.946539658277012e-06,6.26820983102021e-05,0.00042149224734193413,-7.748338166236255e-09,1.4669820736864823e-14,1.647197706206245e-07
0.51,0.00014159511191194144,-9.591101907539416e-05,0.00425909293512783,-0.0030287555175276624,4.715117226638278e-06,-1.606490267098419e-11,-3.193836935210626e-06
0.541,5.3881256118027036e-05,-0.00036722389659999983,-0.0026340497235409726,-0.008147533859597766,1.7942458286082225e-06,-1.9948905090995455e-11,-1.2228555756779995e-05
0.5750000000000001,-2.8975899543918897e-06,8.289495324656512e-05,-0.0017050704526251927,0.013517082577974923,-9.648974546909554e-08,1.5295901836765427e-12,2.760401943110619e-06
0.609,-2.1427627657928127e-06,0.00022490148003558567,2.2667483141113425e-05,0.004264460263934551,-7.13540000966282e-08,7.654534300692938e-13,7.489219285185004e-06
0.641,-9.7235659142341e-07,0.00025402371309977474,3.5147332563645724e-05,0.000874541533459131,-3.237947449418028e-08,8.915470047661498e-14,8.4589896462225e-06
0.676,-2.5802615790540656e-07,0.0002634039308114304,2.145136436991001e-05,0.0002816882195692383,-8.59227105807488e-09,-5.03657070210272e-14,8.771350896020632e-06
0.7100000000000001,3.7297893649550686e-07,0.0002729730344879503,1.894910193396136e-05,0.00028736047076636373,1.2420198583898754e-08,1.837247655556753e-13,9.090002048448746e-06
0.743,9.827382469369056e-07,0.0002631806732202702,1.8311090403645607e-05,-0.0002940649029333366,3.272518361368849e-08,7.762208516052267e-13,8.763916418234998e-06
0.774,1.649281961968495e-06,0.000259293653544651,2.001632777872641e-05,-0.00011672731758616068,5.492108930452024e-08,1.780463704716323e-12,8.63447866303688e-06
0.807,2.498659075842341e-06,0.0002609149590313625,2.5506820236451828e-05,4.868785245379856e-05,8.320534715508081e-08,3.4180777760892364e-12,8.688468135744373e-06
0.8430000000000001,3.342964391274774e-06,0.0002448051705675114,2.535451397694993e-05,-0.0004837774313468802,1.1132071409275832e-07,5.5104079461495285e-12,8.152012179898131e-06
0.874,4.429967612459452e-06,0.00023374717938941434,3.2642739374915246e-05,-0.00033207180715006193,1.4751792125093162e-07,8.477586560170296e-12,7.783781073667499e-06
0.909,5.933119373400899e-06,0.0002259786757355291,4.513969252076418e-05,-0.00023328839801457167,1.9757287471483504e-07,1.2866465741906855e-11,7.52508990199312e-06
0.9430000000000001,7.333812604472968e-06,0.000201529600825394,4.2062859791954035e-05,-0.0007342064537578107,2.442159590912459e-07,1.7642313876662603e-11,6.710935707485621e-06
0.9750000000000001,9.113240879639617e-06,0.0001808971949731981,5.343628453953898e-05,-0.0006195917673332102,3.0347092035393293e-07,2.3855247510888297e-11,6.023876592607498e-06
0.9950000000000001,-0.00015361125875952697,0.002225355308231025,-0.004886621610785782,0.06139513853627108,-5.115254879502562e-06,-6.07038249058581e-10,7.410433176409313e-05
1.042,1.0700560576031506e-05,0.0001637296543487045,0.00493428886893569,-0.06191068029676637,3.5632866270831905e-07,5.6460424815885556e-11,5.4521974898118605e-06
1.075,8.886873661887375e-06,0.00018748479115951566,-5.446507249682074e-05,0.000713367471796131,2.959328889461802e-07,4.8621216621559765e-11,6.2432435456118726e-06
1.11,7.450438996148637e-06,0.00021549188916266884,-4.313617614831046e-05,0.0008410539940886839,2.4809961494355106e-07,4.24269455449023e-11,7.175879909116873e-06
1.138,5.819953939126143e-06,0.0002276628161314191,-4.896351522590072e-05,0.00036549330236487244,1.938044630888478e-07,3.457204531098467e-11,7.5811717771762565e-06
1.176,4.679069576252278e-06,0.00024268697936554083,-3.426079167789383e-05,0.00045117607309674867,1.5581301418721495e-07,2.9015114213197254e-11,8.08147641287251e-06
1.209,3.864345428761241e-06,0.00026271372301154243,-2.4466190615346464e-05,0.0006014037130931412,1.286827003399732e-07,2.5045832703120324e-11,8.748366976284364e-06
1.242,3.015334147238763e-06,0.0002648048947592909,-2.5495834279954286e-05,6.279795038283703e-05,1.0041062502533392e-07,2.042509077288794e-11,8.818002995484389e-06
1.264,2.4436553507567698e-06,0.0002725084800550675,-1.7167531425885682e-05,0.00023133889777106898,8.137372134504199e-08,1.7280680428884988e-11,9.074532385833748e-06
1.309,2.0447285695089447e-06,0.00028720765450951537,-1.1979783220655407e-05,0.00044141665028371964,6.808945969134359e-08,1.5094151702530548e-11,9.564014895166862e-06
1.33,1.6195355662973327e-06,0.0002837910292683563,-1.2768558655003363e-05,-0.0001026013585933662,5.393053291625987e-08,1.2468109342412688e-11,9.450241274636264e-06
1.374,1.3315165477117354e-06,0.0002878117640019141,-8.649219777345264e-06,0.00012074278479152632,4.433949975413481e-08,1.0672761587757779e-11,9.58413174126374e-06
1.409,1.1285242644053464e-06,0.00029997791868569804,-6.095864363555226e-06,0.000365349990504022,3.7579856825542666e-08,9.413461217799008e-12,9.989264692233745e-06
1.442,9.029272132387611e-07,0.000293919214479223,-6.7746862212187755e-06,-0.00018194306926351376,3.0067475181472425e-08,7.828987047920483e-12,9.787509842158127e-06
1.475,7.472210596261248e-07,0.00029619134454634036,-4.6758604688479365e-06,6.823213414766774e-05,2.4882460377099447e-08,6.723388267497342e-12,9.863171773393136e-06
1.51,6.349321872567795e-07,0.00030716816264960556,-3.3720382092896472e-06,0.0003296341772752311,2.1143241005251803e-08,5.9254328942376185e-12,1.0228699816231866e-05
1.542,5.068999681216068e-07,0.0002997835105777588,-3.844811385440623e-06,-0.00022176132347888136,1.687976822683354e-08,4.901169295292863e-12,9.98279090223937e-06
1.576,4.162796990495207e-07,0.0003011747033271959,-2.721329401564146e-06,4.17775600431553e-05,1.3862113352983018e-08,4.1636738803739796e-12,1.0029117620795624e-05
1.609,3.4858599272973036e-07,0.0003115564699413292,-2.0328440336273374e-06,0.00031176476318718594,1.160791299805082e-08,3.6050178364515117e-12,1.0374830449046263e-05
1.635,2.7185817222074413e-07,0.0003034514345122188,-2.3041387540236105e-06,-0.00024339445733064226,9.052876669068794e-09,2.904211976098171e-12,1.0104932769256886e-05
1.671,2.156704421171241e-07,0.0003043630643439186,-1.6873192223309315e-06,2.7376271222216015e-05,7.181825329222504e-09,2.3766494402508728e-12,1.013529004265249e-05
1.703,1.7148167438736707e-07,0.00031442512547961635,-1.3269900219146254e-06,0.000302163998069002,5.710339424626426e-09,1.9485297423298816e-12,1.0470356678471226e-05
1.742,1.2371708458105783e-07,0.00030589783587978614,-1.4343720662555326e-06,-0.0002560747627576639,4.119778661945279e-09,1.4483360507581512e-12,1.018639793479688e-05
1.7730000000000001,8.701700382885497e-08,0.00030652920037815346,-1.102104527093179e-06,1.895989484586552e-05,2.8976660378857348e-09,1.0482412563695328e-12,1.020742237259251e-05
1.8090000000000002,5.601662768022904e-08,0.0003164083756247194,-9.309422266854633e-07,0.0002966719293263039,1.865353572588312e-09,6.941457635171795e-13,1.0536398908303156e-05
1.842,2.5633959207192517e-08,0.00030761697609425694,-9.123924466377333e-07,-0.000264005991905779,8.536107791463959e-10,3.2651942256959455e-13,1.0243645303938757e-05
1.868,6.176262657346062e-10,0.00030807440450726235,-7.512412294732105e-07,1.3736588979141583e-05,2.0566953062483448e-11,8.07801734628578e-15,1.0258877670091837e-05
1.9100000000000001,-2.2580254855901153e-08,0.00031784341544256755,-6.966330667157885e-07,0.00029336369175090687,-7.519224255814185e-10,-3.031664049847255e-13,1.05841857342375e-05
1.9420000000000002,-4.198348688729609e-08,0.0003088776445686377,-5.826796405824305e-07,-0.0002692423685864817,-1.3980499937486517e-09,-5.782660287028343e-13,1.0285625564135637e-05
1.975,-5.964808186034196e-08,0.00030922160071210597,-5.304683175088849e-07,1.0329013317364973e-05,-1.9862809474696704e-09,-8.42013598399955e-13,1.0297079303713129e-05
2.01,0.03403573992338736,-0.0001565201761935851,1.022096083227304,-0.013986239546717448,0.0011333900363851453,4.833422598567843e-07,-5.212121867246384e-06
2.04,0.06672382564622266,2.1494900089162577e-05,0.9816241958809397,0.005345798086568999,0.002221903194099979,9.425512421164818e-07,7.157801729691139e-07
2.076,0.10008722107479079,2.150047792915427e-05,1.0019037666236674,1.6750270245326278e-07,0.003332904160894159,1.4162336064806025e-06,7.159659150408373e-07
2.109,0.13715399222295632,2.2150169859124697e-05,1.1131162506956616,1.9510268167280057e-05,0.004567227527280906,1.9440476193173256e-06,7.376006563088524e-07
2.142,0.16681346343408254,2.108292106976535e-05,0.8906748111449314,-3.2049513193974415e-05,0.0055548878274360525,2.3684458295681196e-06,7.020612716231862e-07
2.175,0.20017654251466066,1.9866439898057934e-05,1.0018942666840274,-3.653096611733977e-05,0.006665878257894588,2.846685201346184e-06,6.615524486053293e-07
2.21,0.22462407660309733,-0.07451495581464364,0.7341601828359359,-2.2382829505868376,0.007479977358147662,-6.083392218357051e-06,-0.0024813480286276332
2.243,0.2180145300480674,-0.07230730625625477,-0.19848488153243038,0.06629578253420026,0.0072598435694511115,-2.3651787752191722e-05,-0.002407833298333284
2.274,0.21801484352680944,-0.07231186147371477,9.413776037471178e-06,-0.00013679331711704992,0.007259776010228933,-4.1132805140198915e-05,-0.002407984987074702
2.307,0.22461720833032126,-0.07407092611879604,0.198269213318673,-0.05282476411655467,0.0074795055837885115,-6.0608233198950194e-05,-0.0024665618397559084
2.342,0.21799869607386574,-0.07201888174192124,-0.19875412181548097,0.061622954260504445,0.007258951964048518,-7.64792170553752e-05,-0.0023982287620059775
2.375,0.21801799535609317,-0.07194384855269668,0.0005795580248479359,0.0022532489256623066,0.007259390407754963,-9.388685049553045e-05,-0.0023957301568048
2.409,0.21238425611723505,-0.08019039617378997,-0.16918135852426805,-0.2476440727055039,0.007071547853663944,-0.00010937355373740363,-0.002670340192587206
2.441,0.20598372029765888,-0.07466078518347195,-0.19220828287015523,0.166054384093634,0.006858139542459082,-0.00012375995479892388,-0.0024862041466096165
2.476,0.2061196910769368,-0.07498889815845007,0.004083206584922912,-0.00985324249183536,0.006862336740659384,-0.00014094072839657013,-0.0024971303086763876
2.509,0.22436390829898095,0.0138522738255222,0.5478743910523766,2.66790306258175,0.007469582760519398,-0.00016101937159503215,0.0004612807183898893
2.543,0.21796777244018378,0.011155020981039158,-0.19207615191583088,-0.08099858391840964,0.007256705434747644,-0.00015340758203976368,0.000371462198668604
2.576,0.21814655256726675,0.010701813880045288,0.005368772585074249,-0.013609822852668771,0.007262712878813063,-0.00015089039954286688,0.0003563704022055081
2.61,0.2249430276179665,0.018280276485701345,0.20409834987086323,0.227581459629311,0.007489060800251979,-0.00015197762884700807,0.0006087332069738548
2.642,0.2184899803640604,0.017570866637286745,-0.19378520282000322,-0.02130359905148949,0.007274305392152548,-0.0001432756110013303,0.0005851098590216486
2.675,0.21858756195807347,0.017906934223147507,0.0029303781985908165,0.010092119695518365,0.0072776376268463725,-0.00013904068519032098,0.000596300909630812
2.71,0.2251756237019867,-0.056366318064456286,0.19783969200940668,-2.230427996624738,0.0074968858079418645,-0.0001480318974840366,-0.0018769983915463944
2.743,0.2184756866856678,-0.054733377103744624,-0.20119930979936657,0.0490372660874373,0.007273543352892422,-0.000157082250933607,-0.0018226214575546961
2.776,0.21821763452623863,-0.054135741720672564,-0.007749314096972159,0.01794700850066244,0.0072646559048093595,-0.00017006541601433025,-0.0018027201992983966
2.81,0.2244599818940199,-0.06302023506795781,0.1874578789123501,-0.266801602020578,0.007472113305297914,-0.00018950611637858183,-0.0020985738277629956
2.843,0.21751223137258513,-0.060770791890747945,-0.2086411567998426,0.0675508461624585,0.007240433835540124,-0.0001985641200858454,-0.002023667369961907
2.876,0.21749577273944343,-0.06164629361014249,-0.0004942532474985797,-0.0262913429247611,0.00723946620313694,-0.0002133053290734798,-0.002052821577217745
2.909,0.22403328830924965,-0.06574185000597306,0.19632178888306975,-0.12298968155647357,0.007456588022826315,-0.00023553291747925391,-0.002189203605198903
2.942,0.21757134311604148,-0.06397807085122036,-0.1940524082044495,0.052966340983564675,0.007241001707179972,-0.0002443792219891138,-0.002130469759345638
2.976,0.21774872381285038,-0.06452215519342896,0.005326747651918712,-0.01633886913539366,0.0072463652298646476,-0.0002600828480047732,-0.0021485877679411846
3.01,0.2245837405186947,-0.0016318058488685517,0.20525575693226206,1.8885990794162286,0.007473526221979417,-0.00027647874398519765,-5.433913476732278e-05
3.042,0.21812821296435617,-0.0013709727269165697,-0.19385968631647255,0.007832826485044502,0.007258690671167259,-0.000268894432810912,-4.565339180632177e-05
3.075,0.21830338714349332,-0.0017796149876614475,0.005260485859974465,-0.012271539361708042,0.007264505845717926,-0.0002694914528842009,-5.9261179089126206e-05
3.109,0.21329911980180286,-0.045381121244916,-0.15027829854926306,-1.3093545422598964,0.007097768667047014,-0.00026888718998626017,-0.001511191337455703
3.142,0.2071155481670916,-0.0436021262734786,-0.18569284188322083,0.053423272415537584,0.006891609009931356,-0.0002713028168179333,-0.0014519508049068374
3.176,0.20716341911765915,-0.0429313759596201,0.001437566083109512,0.020142652067822803,0.006892803763827964,-0.0002812968459240545,-0.0014296148194553496
3.209,0.21332379487267175,-0.04430442648923583,0.18499626891929738,-0.04123274863710912,0.007097345391105164,-0.0002999707478862244,-0.0014753374020915534
3.242,0.206797189805861,-0.04209519376610601,-0.19599414615047273,0.06634332501891367,0.006879777941273145,-0.00030069043422901087,-0.0014017699524113301
3.275,0.20650934463338816,-0.04146574878495025,-0.008643999173358868,0.018902251686359176,0.006869777442183024,-0.00030983004522456745,-0.0013808094345388433
3.307,0.22474606442379358,-0.07248156305315677,0.5476492429551176,-0.9314058338800757,0.007475789079461911,-0.00035137476169454495,-0.0024136360496701207
3.342,0.21765974852519684,-0.029886686096870996,-0.21280227923713915,1.2791254341226959,0.007239485970054581,-0.00035263558376368335,-0.0009952266470258043
3.374,0.21757543608729477,-0.03233866228815687,-0.002531905042104467,-0.07363291865723345,0.007236312548641287,-0.00035999637307644676,-0.001076877454195624
3.407,0.2241639591359272,-0.03654615536633457,0.19785354500397728,-0.12635114348881982,0.007455008964365128,-0.00037944825656676756,-0.0012169869736989413
3.442,0.21768994528506588,-0.036267022958171136,-0.19441483035619597,0.008382354599502552,0.0072392509794274255,-0.00037726622703213703,-0.001207691864507099
3.475,0.21786370959409768,-0.036508656949702505,0.0052181474183721635,-0.00725627602196303,0.007244566660440186,-0.00038634599997745795,-0.0012157382764250936
3.509,0.22465655209253357,-0.030720655366759452,0.20398926421729419,0.1738138613496412,0.007469996835548353,-0.0004067539418986836,-0.0010229978237130898
3.542,0.21822638784256423,-0.029936308706053887,-0.19309802552460475,0.023553953774941887,0.0072557863861574465,-0.00040243985268785174,-0.0009968790799115945
3.575,0.21839561568264695,-0.030163577971907038,0.005081917119601189,-0.006824902878472993,0.007261006365904158,-0.00041001795744335056,-0.0010044471464645045
3.61,0.22516543027705252,-0.0313464944877127,0.20329773556773467,-0.0355230184926625,0.0074856457344724785,-0.0004303942626775805,-0.001043838266440833
3.643,0.21862534333607433,-0.029799962008892986,-0.1963990072365821,0.04644241678137275,0.007267790746853938,-0.000425292636325848,-0.0009923387348961365
3.676,0.21855362439968,-0.02834002433858327,-0.0021537218136432907,0.04384197208137283,0.007264991648021123,-0.0004321860597748128,-0.000943722810474823
3.71,0.22496778815848045,-0.0056402937048121715,0.19261753029430748,0.6816735926057387,0.0074779537256578505,-0.00044910086561781833,-0.00018782178037024533
3.743,0.2179831810237417,-0.003859656813954527,-0.2097479620041667,0.053472579305034365,0.007245715709813804,-0.00043630365764024345,-0.00012852657190468575
3.775,0.21776127313870774,-0.0033580967788645537,-0.006663900451470155,0.015061862915614814,0.007238287107023447,-0.00043672936719943564,-0.00011182462273618965
3.81,0.2131753100141192,-0.0762866125559759,-0.13771661034800398,-2.1900455188321724,0.007085276673345724,-0.00043692796741611736,-0.0025403441981139974
3.842,0.206035000876453,-0.01228894752534091,-0.21442369782781448,1.9218518027217713,0.0068473268162833455,-0.0004323919596491973,-0.0004092219525938523
3.875,0.20603494558977398,-0.012020390657638843,-1.6602606310110254e-06,0.008064770801863847,0.00684714940928584,-0.0004351632663397911,-0.0004002790088993735
3.909,0.21241349803298282,-0.008022333665832623,0.19154812141768288,0.1200617715257123,0.007058977453355055,-0.0004509909973693491,-0.0002671437110722264
3.943,0.20632725485495587,-0.008032837150564244,-0.18277006540621457,-0.00031541996191055283,0.006856600578645469,-0.00043990175142828323,-0.0002674934771137894
3.976,0.20649810298728366,-0.008323679018180792,0.005130574544378042,-0.008733990018514956,0.006862157992238395,-0.0004421348385127629,-0.0002771785113054204
4.01,0.22514855145970203,-0.07143902246136206,0.5600735277002512,-1.8953556589543925,0.007481284262323549,-0.0004920033025702655,-0.002378919447963357
4.041,0.2183350725092708,-0.002743957776289956,-0.20460897749042695,2.0629148554075707,0.007254291393495832,-0.0004860748197828239,-9.137379395045554e-05
4.076,0.218485839375001,-0.00246308802944219,0.004527533505410769,0.008434526932365342,0.007259258500334966,-0.00048703982898801466,-8.202083138042493e-05
4.109,0.22522257190942285,-0.0024795030594071195,0.20230428031296885,-0.0004929438427906757,0.007483047147113735,-0.0005026728943256163,-8.256745187825709e-05
4.142,0.2185947159258849,-0.0010387217161565597,-0.19903471422035918,0.043266707004521315,0.00726280724172981,-0.0004883056675837345,-3.458943314801344e-05
4.175,0.21843662173968034,0.0006111351591893573,-0.004747573159295774,0.04954525151188939,0.007257551090145099,-0.00048800417923608626,2.03508008010056e-05
4.21,0.2247499695875189,0.0017725516614197335,0.18959002546061698,0.034877372439350636,0.007467331829641288,-0.0005018123169265235,5.902597032527713e-05
4.241,0.21782942145080686,0.0029208505724566615,-0.20782426836973059,0.034483450781889725,0.007237434166738105,-0.00048579483797119575,9.726432406280683e-05
4.275,0.21765243278350735,0.002248270873514799,-0.005314974993979286,-0.020197588556812692,0.0072315954270735505,-0.0004847777329222385,7.48674200880428e-05
4.31,0.22404942608880068,-0.00509953098060223,0.19210190105985991,-0.2206547103338447,0.007444114567131081,-0.0004993791680150289,-0.0001698143816540543
4.342,0.21750057802873343,-0.006226375861713191,-0.19666210390592348,-0.03383918561894778,0.007226435423269183,-0.0004861453181267827,-0.00020733831619504928
4.375,0.21763886025425289,-0.006790258137375601,0.004152619384968582,-0.016933401671543828,0.007230924236626631,-0.00048802154642427133,-0.00022611559597460754
4.409,0.2243729135358395,-0.0018847817333952784,0.202223822269868,0.1473116037231328,0.007454586496889409,-0.0005041983637110133,-6.276323172206277e-05
4.443,0.2179427484126617,-0.0017938879107496132,-0.19309805174708072,0.00272954422359355,0.007240920083726792,-0.000490192359529049,-5.9736467427962125e-05
4.475,0.21812058484333996,-0.001997037952717374,0.005340433353701429,-0.006100601860893714,0.007246797532960325,-0.0004910497565775793,-6.650136382548855e-05
4.51,0.21351677358638071,-0.07097433085517352,-0.1382525902990764,-2.0713901772509353,0.007093250463352019,-0.0004893036613628025,-0.0023634452174772784
4.543,0.2069844237852384,-0.002935838477686887,-0.1961666606949643,2.0431979692938924,0.0068756516467226875,-0.00048279554501224486,-9.776342130697335e-05
4.5760000000000005,0.2070976930746774,-0.0020947058176821105,0.0034014801633333244,0.02525923903918248,0.006879373766367007,-0.0004836359562563337,-6.975370372881428e-05
4.608,0.2134051068453926,0.004894870073954857,0.18941182494640232,0.20989717392303203,0.007088916737177131,-0.0004980351767825298,0.00016299917346269675
4.642,0.2070246960985332,0.0065178498657040155,-0.19160392633211443,0.04873813188435911,0.006877063156693119,-0.0004818380795088451,0.00021704440052794374
4.676,0.20678952952063642,0.00766964051043992,-0.007062059396299312,0.03458830764972685,0.006869364755112205,-0.00047966806273015765,0.00025539902899764935
4.708,0.2248009140309032,-0.06894112983057275,0.5408824177257286,-2.3006237339643443,0.007467149502705463,-0.0005290651142650587,-0.002295739623358073
4.742,0.21770934306819317,0.009466316853017314,-0.2129600889702707,2.354577978486188,0.007231081390330132,-0.0005195362061016101,0.00031522835120547656
4.775,0.21769344089297932,0.010222709741374951,-0.00047754279921488006,0.022714501151881,0.007230723119006516,-0.0005171278927823123,0.0003404162343877859
4.809,0.22437344674911852,0.020126933446167398,0.20060077646063673,0.2974241352790524,0.007452868881647824,-0.0005292301234477827,0.0006702268837573744
4.8420000000000005,0.2175168500243099,0.015350487329271592,-0.20590380554980847,-0.14343682032720137,0.007225419564223995,-0.0005087894987648817,0.0005111712280647441
4.875,0.21769326018775248,0.015326749689099778,0.0052976025057832055,-0.0007128420472016286,0.007231538657466172,-0.000505508506153449,0.0005103807646470226
4.91,0.22446855478803257,0.027082641248238285,0.2034623003087114,0.3530297765507059,0.007456972767185636,-0.0005159761373049383,0.000901851953566335
4.943,0.21804015751968858,0.026486117709549055,-0.19304496301333296,-0.01791361978045736,0.007243861921297444,-0.0004947387133850532,0.0008819877197279836
4.975,0.2182029243248375,0.026547590690520907,0.004887892046514366,0.0018460354646201882,0.007249703817147203,-0.0004887066567334497,0.0008840347699943463
5.01,0.2249299852255997,0.022862332208793378,0.20201384086372953,-0.11066842287470058,0.0074736196676253135,-0.0004976249916777458,0.0007613156625528195
5.043,0.21846086804581843,0.02237821673921324,-0.1942677831766147,-0.014538002089493659,0.007259036025868744,-0.0004778452379036761,0.0007451946174158009
5.076,0.21852322739940486,0.022344638890261483,0.0018726532608535126,-0.0010083438123650458,0.0072614620172062406,-0.0004725746269806466,0.0007440764750457074
5.109,0.22512650345140833,0.019333892753753062,0.1982965781382425,-0.09041279689214476,0.007481223015177021,-0.00048166330264516903,0.0006438186286999771
5.14,0.21830317770034882,0.019695256599060573,-0.2049046772089943,0.010851767126351695,0.007254777716757177,-0.00046235032788556564,0.0006558520447487172
5.171,0.21803263488474137,0.020005280648776106,-0.008124408877100756,0.009310031522988971,0.007246090535250549,-0.000456987670817767,0.0006661758456042444
5.21,0.22434514975494635,0.021916578528142012,0.18956501111726673,0.05739633271369086,0.007456206847307991,-0.0004650141365481542,0.000729822064987129
5.236,0.21755422693026216,0.02925987403938361,-0.20393161635688248,0.22051938472196986,0.007230889116014817,-0.00044477696971085575,0.0009743538055114743
5.274,0.21740511197364878,0.027261258620448522,-0.004477926625026354,-0.0600184810491017,0.007226348075621257,-0.00043767176103268136,0.0009077999120609359
5.31,0.21339462829257794,-0.07766052040453669,-0.12043494537750292,-3.1508041749244806,0.007092678521338926,-0.0004355498593637416,-0.002586095329471072
5.342,0.20625384724779872,0.016277709557262272,-0.2144378692125892,2.820967866720689,0.0068549056619702465,-0.00042798135419892726,0.0005420477282568337
5.375,0.20633891627662634,0.016612737304390647,0.002554625490319156,0.010060893307158397,0.006857966394055935,-0.00042440233765282746,0.0005532041522362086
5.41,0.21276971005914336,0.016914912378020487,0.1931169304059163,0.009074326535430633,0.007071946136866977,-0.00043368159026399393,0.0005632665821880822
5.442,0.20668402826792573,0.01615793198548141,-0.1827532069434723,-0.022732143920092443,0.006869903867574731,-0.0004174944057792272,0.0005380591351165309
5.476,0.20684929107695102,0.01591989732597466,0.004962847117876592,-0.007148187973175656,0.00687561916698278,-0.0004141560504643182,0.0005301325809549562
5.509,0.2251887882553337,-0.07045506408335904,0.5507356510024828,-2.593842684964976,0.007484805393213662,-0.00045767197618449895,-0.0023461536339758563
5.542,0.21852789691573032,0.02232961238178553,-0.2000267669550563,2.7863266205749118,0.007263054551951971,-0.0004499544709272794,0.0007435760923134582
5.5760000000000005,0.2185545189595734,0.02350046463988825,0.0007994607760682277,0.03516072847155314,0.00726428062575976,-0.0004444662549124823,0.0007825654725082787
5.61,0.2250309548954895,0.025129334677428023,0.19448756564312603,0.048915016142335566,0.007479911445067743,-0.0004515809097766484,0.0008368068447583533
5.642,0.21814685155501748,0.025247533543636208,-0.20672983004420462,0.0035495155017472957,0.007251452078980055,-0.0004316840509169369,0.0008407428670030858
5.676,0.21786383060137268,0.026363970560675087,-0.008499127737080989,0.03352663714831467,0.007242411922352764,-0.0004249005130000446,0.0008779202196704805
5.71,0.22423092649596235,0.034661580049485816,0.19120408091860866,0.24917746212644828,0.007454512582701809,-0.00042974414604097784,0.0011542306156478777
5.743,0.2174376914190261,0.03249660543939329,-0.20400105336144875,-0.06501425255533108,0.007229134336995187,-0.00040864150123876274,0.0010821369611317966
5.776,0.217452914497952,0.031204497945836605,0.00045714951729436165,-0.038802026833534106,0.007230069863633656,-0.000401001958197514,0.0010391097815963591
5.8100000000000005,0.2241740010898565,0.029727549595091073,0.20183443218932384,-0.04435280332569165,0.007453954182254986,-0.0004058342592169536,0.0009899274015165327
5.841,0.21775296968122138,0.02850534958347577,-0.19282376602507864,-0.03670270305151057,0.007240828895000801,-0.00038718955812675604,0.0009492281411297433
5.875,0.2179330295361251,0.02824484278102574,0.005407202849961368,-0.00782302710060152,0.007247179258082927,-0.00038066210395083707,0.0009405532646081572
5.91,0.2247136018255294,-0.0467886303323957,0.20362078947160114,-2.2532574508534964,0.007472539451685361,-0.0003948128527779745,-0.0015580613900687769
5.94,0.21829317977243062,-0.046604475186656426,-0.19280546706002352,0.0055301845567349295,0.00725843205155429,-0.0003948197269666331,-0.001551929023715659
5.974,0.21845777276493894,-0.046835182792922765,0.004942732507757258,-0.0069281563443345144,0.0072632813973683595,-0.0004064179053394907,-0.0015596115870043282
6.01,0.21322625737406445,-0.07951840561582835,-0.15710256429052527,-0.9814781628500174,0.007088492455035353,-0.0004115987206890602,-0.0026479629070070843
6.042,0.2071457195783662,-0.056254387349017554,-0.18259873260355117,0.6986191671714952,0.006885430568641025,-0.0004154276562894003,-0.0018732710987222848
6.075,0.20703182076984183,-0.05424993609435789,-0.003420384640371163,0.06019373137116113,0.006880869122555883,-0.0004278600455867563,-0.0018065228719421178
6.11,0.2129571049313552,0.02880143568142959,0.1779364613067075,2.494035188462086,0.007077614284008781,-0.00044310446114264316,0.0009590878081916054
6.143,0.20657712596199085,0.029241823893237085,-0.19159096004097137,0.0132248712254503,0.0068659883169490754,-0.0004231942685574084,0.000973752735644795
6.176,0.20624576679619686,0.031069651253117683,-0.009950725699519306,0.054889710506924864,0.006855395750298069,-0.00041563156128822333,0.001034619386728819
6.21,0.22492816908365423,-0.07608208208951871,0.5610331017254467,-3.2177697700491406,0.00747603597924366,-0.00045888379426546226,-0.0025335333335809733
6.242,0.21784460280598955,0.03361299048020904,-0.21271970803797843,3.294146323415247,0.007240281872839442,-0.00044955224996791213,0.0011193125829909612
6.276,0.21756349735892214,0.03100717506846554,-0.008441605017039475,-0.0782527150673724,0.007231417985480685,-0.0004411919417729087,0.0010325389297799025
6.31,0.22427801508139156,0.033729978086630065,0.20163716884292554,0.08176585640133707,0.0074550822704391685,-0.0004467727766708229,0.0011232082702847812
6.343,0.21785415541799594,0.03266107096477399,-0.19290869860046905,-0.03209931296865089,0.007242026175066401,-0.00042597098214906066,0.001087613663126974
6.376,0.218032148465516,0.03250890723267903,0.0053451365621639225,-0.004569481444293029,0.007248401443302936,-0.0004184541642197188,0.0010825466108482118
6.41,0.2248277261705372,0.03996575228846042,0.2040714025531893,0.22392928095439607,0.007474833073352614,-0.00042247684582067383,0.001330859551205732
6.442,0.21837350162300354,0.03895848955232845,-0.19382055698299294,-0.03024813021417326,0.0072607828738169775,-0.00040080766259079607,0.0012973177020925376
6.475,0.21845874374367466,0.039865750423413386,0.0025598234435773312,0.02724507120375175,0.007264137076207638,-0.00039143083152783765,0.001327529489099666
6.51,0.22514017191293795,0.047633463483542214,0.20064348856646505,0.23326465646032515,0.00748688582433942,-0.0003924955550064249,0.0015861943340019558
6.542,0.2184603232905758,0.04658638193281631,-0.20059605472559008,-0.03144389041218921,0.007265340482914413,-0.0003694531993679728,0.0015513265183627835
6.5760000000000005,0.2182965980202089,0.0474981905640797,-0.004916674785792762,0.027381640578480144,0.0072604648484480205,-0.0003578031773365097,0.0015816897457838542
6.61,0.2246732162724434,0.03972223917419275,0.19149003760463998,-0.2335120537503589,0.0074730759761848405,-0.00035740273503953563,0.0013227505645006187
6.642,0.21774801360354828,0.039536017689039596,-0.2079640441109647,-0.0055922367913860075,0.007243180832085033,-0.00033682818414682676,0.0013165493890450186
6.676,0.2175283204625892,0.039082539485874986,-0.006597391620393349,-0.013617964058997307,0.00723630722388069,-0.00032701631177460886,0.0013014485648796372
6.709,0.21359118252123047,-0.07850022081985125,-0.11823237061137297,-3.5310138229947814,0.0071051204205533295,-0.0003257606267498452,-0.0026140573533010468
6.742,0.2061624267345629,0.030793138491600997,-0.22308575935938657,3.282082862205773,0.00685775224993456,-0.000319878034980155,0.0010254115117703134
6.776,0.2061505955111534,0.030904730387671032,-0.0003552919942793707,0.00335110799009115,0.006857683659743034,-0.0003128151546710903,0.0010291275219094455
6.8100000000000005,0.21257215724073703,0.03407389748943245,0.19283969157908815,0.09517018323607865,0.007071644299594055,-0.00031490871434364774,0.0011346607863981007
6.839,0.20649262090316384,0.032871496863199616,-0.1825686587859816,-0.03610812691389897,0.006869732912185569,-0.0002982452689414026,0.0010946208455445473
6.876,0.20666227068346482,0.0326170184293867,0.005094587997026559,-0.007641995009396953,0.0068756983201580055,-0.0002909933254526141,0.001086146713698577
6.91,0.22554567089539065,-0.07317139470009994,0.5670690754332082,-3.1768292231077067,0.007503735478841484,-0.0003226490872068802,-0.002436607443513328
6.943,0.21844102349275635,0.03888737698726268,-0.21335277485388307,3.365128278899778,0.007267190913066033,-0.0003166341293297538,0.0012949496536758475
6.975,0.21857698185889185,0.03956832499334488,0.004082833817882954,0.02044888907153747,0.0072721216854587005,-0.00030733198631469755,0.0013176252222783847
7.009,0.22516956049192915,0.0333794367456667,0.19797533432544456,-0.18585249993027567,0.0074918379205490705,-0.00030750233383469684,0.0011115352436307012
7.042,0.21842226806227677,0.0329977099357614,-0.2026213942838554,-0.011463267564723765,0.00726766734946178,-0.0002902560105396041,0.0010988237408608547
7.076,0.21816988113101587,0.033851979075080925,-0.007579187124951803,0.02565372790749327,0.007259587739309076,-0.000281840530512995,0.0011272709032001949
7.11,0.2245205367947099,0.03294602164954168,0.1907103802911119,-0.02720592869487212,0.0074712233522034105,-0.0002817353415441091,0.0010971025209297381
7.141,0.21759258097318293,0.032232996347860976,-0.20804672136717628,-0.021412171221642858,0.00724097835358563,-0.00026518395408966225,0.0010733587783837706
7.175,0.21741305651580944,0.0372439505306338,-0.005391124846050649,0.15047910458777244,0.007235305746521625,-0.00025659559595695705,0.0012402235526701056
7.209,0.22402526494140187,0.03782877552198297,0.19856481758535827,0.017562312052527746,0.0074556785864056865,-0.00025508036201199653,0.0012596982248820332
7.242,0.21757140417229845,0.036359972005599955,-0.19380963270580856,-0.044108213705195715,0.007241191228400303,-0.00023878740394946892,0.0012107870677864785
7.276,0.21774250093696865,0.036096064097516554,0.005138040981087019,-0.007925162404906932,0.007247168685824341,-0.0002302324211307634,0.0012019989344473014
7.31,0.224525420094363,0.028566867711334855,0.20369126598781817,-0.22610199357903,0.007473177422296641,-0.0002293586495009862,0.0009512766947874508
7.342,0.21810724792910047,0.027236170297137804,-0.1927379028607365,-0.03996088330922073,0.007259756785128545,-0.00021605722257551016,0.0009069644708946889
7.375,0.21828375449995877,0.026939888077702565,0.0053004976233723125,-0.00889736394700418,0.007265823950092358,-0.00020967815533996076,0.0008970982729874955
7.409,0.2250736473248783,0.02689556972832383,0.20390068543301923,-0.0013308813627247987,0.007492024068301512,-0.00020948489563373855,0.0008956224719531836
7.443,0.2185805379187579,0.026195693730387076,-0.19498827045406641,-0.02101729723533793,0.007276065011471004,-0.00019700976168038047,0.0008723166012218897
7.475,0.21858268626104244,0.026514828023661154,6.451478331956203e-05,0.009583612410632951,0.007276306620626595,-0.0001906258657501192,0.0008829437731879165
7.509,0.2136164603833228,-0.06781437510883324,-0.14913591224383296,-2.8327088027776095,0.00711085696279998,-0.00019118452521454536,-0.0022582186911241473
7.541,0.2066721494142867,0.03219584539123562,-0.20853786693802132,3.0033099249269926,0.006879585218500063,-0.00018904942991823035,0.0010721216515281462
7.575,0.2065296003540349,0.034409978140921116,-0.004280752560113975,0.06649047296352836,0.006875045360623568,-0.00018129481195941106,0.0011458522720926732
7.609,0.2125084767690672,0.029859228379609963,0.1795458382892585,-0.1366591519913259,0.007074268408872179,-0.000178973217357926,0.0009943123050410118
7.643,0.20594761944619566,0.02871774213009104,-0.1970227424285747,-0.034278866351919624,0.006856027678403211,-0.00016676105936113433,0.0009563008129320317
7.675,0.20593064763784105,0.02857623298053564,-0.0005096639145528523,-0.0042495240106726955,0.006855618635302842,-0.00016020750983963814,0.0009515885582518369
7.71,0.22521714968515896,-0.06259063367566199,0.5791742356551924,-2.737743743429358,0.007497582331123502,-0.00017945797900015482,-0.0020842681013995444
7.742,0.2177480756790918,0.030614719088429318,-0.2242965166987137,2.7989595424652043,0.007248841023891896,-0.00017736578093246645,0.0010194701456446964
7.773,0.2178403971414306,0.03117159193124677,0.0027724162864508238,0.01672290819271625,0.007252093100643946,-0.0001699805386433244,0.0010380140113105175
7.809,0.22463299414261179,0.029745202089742274,0.20398189192736266,-0.042834529774909744,0.007478398427854945,-0.00016769580532126948,0.000990515229588418
7.843,0.2182000184229946,0.028406909627939375,-0.1931824540425579,-0.04018896281690388,0.0072643885230026005,-0.00015585983712058577,0.0009459500906103813
7.875,0.21837692138432507,0.028143787939201862,0.0053124012411551414,-0.007901552214339731,0.0072704216900108184,-0.00014914066126855993,0.0009371881383754221
7.91,0.22513524075695196,0.10258961950095381,0.2029525337125191,2.2356105574099683,0.007495739936277485,-0.0001374404679233259,0.0034162343293817625
7.943,0.21865417751020955,0.10011921863818775,-0.19462652392619859,-0.074186212095077,0.007280366130729235,-0.00010891260178481208,0.0033339699806516523
7.975,0.21860839428157097,0.10081962503969341,-0.0013748717308881074,0.02103322527044032,0.007279165240721602,-8.45369084807533e-05,0.003357293513821791
8.009,0.22497019267230942,0.10413786771185546,0.19104499671887215,0.09964692709195336,0.007491251769820909,-6.143323764438412e-05,0.0034677909948047873
8.042,0.21808155079097943,0.10118195334285784,-0.2068661225624619,-0.08876619726719562,0.007262029176378097,-3.4726598405613086e-05,0.0033693590463171664
8.076,0.2178334020452651,0.10097381711216491,-0.0074519142857155315,-0.006250337258046084,0.007253841598659406,-1.027152950484521e-05,0.0033624281098350917
8.109,0.22410539789981332,0.006885648028702788,0.18834822386030667,-2.8254705430469103,0.00746270919533728,2.8347002399955016e-06,0.00022929207935580285
8.142,0.21740742054152823,0.006113441863557037,-0.20114046120976245,-0.023189374328701214,0.007239665804484906,4.316893828737998e-06,0.00020357761405644936
8.175,0.2174705716050721,0.006284490624558042,0.0018964283346509275,0.005136599429459592,0.007241767688146348,5.8130339537977355e-06,0.00020927353779778282
8.21,0.2140142131305102,-0.0669819244628561,-0.10379454878564294,-2.200192645267692,0.007126671665889266,-1.4816577917959175e-06,-0.002230498084613108
8.242,0.2063710193535578,-0.000424756012892799,-0.22952533864721872,1.998713767266165,0.006872148864288277,-9.141505607013039e-06,-1.4144375229330208e-05
8.275,0.20648602039288974,0.0007251587251958683,0.0034534846646225243,0.03453197411677679,0.006875978441062682,-9.11220812984094e-06,2.4147785549022414e-05
8.309,0.21292711162410197,0.00039083401887824636,0.19342616309946623,-0.010039780970499155,0.0070904667642093435,-9.26470291821965e-06,1.3014772828645605e-05
8.341,0.20684026917319728,1.1921286732549437e-05,-0.18278806158872923,-0.011378760725096002,0.006887775143870534,-8.953670546200002e-06,3.9697884819389627e-07
8.376,0.20700466921298394,-0.00032122792505652985,0.004936938131731386,-0.010004480834506885,0.006893249614297918,-8.996285395541045e-06,-1.0696889904382445e-05
8.41,0.22569809616810244,-0.0661680814854581,0.5613641728263813,-1.9773829898018487,0.007515723217305736,-1.8128955517468158e-05,-0.0022033971134657548
8.443,0.21864098028371282,-0.0024095327942666766,-0.2119254019336222,1.9146711318676102,0.007280698661605067,-2.5875346453668226e-05,-8.023744204908033e-05
8.475,0.21849647532861854,-0.0015463572170776568,-0.004339488140969104,0.025921188504174766,0.007275884959188407,-2.63374752097282e-05,-5.1493695328685976e-05
8.51,0.2248296835570998,-0.0010006372753933667,0.19018643328772578,0.016387986236765465,0.007486778255953764,-2.7418372741525885e-05,-3.3321221270599115e-05
8.542,0.21792040638763582,0.00042619729476542725,-0.20748580088480448,0.04284788498975357,0.00725670061487551,-2.6645180515015465e-05,1.4192369915688729e-05
8.576,0.2174513396577154,0.0006359843630391097,-0.014086087985598192,0.006299911960170642,0.007241081267070518,-2.6459766771384483e-05,2.1178279289202354e-05
8.609,0.22399797975369923,0.00024679197720458044,0.1965957986781929,-0.011687459034069946,0.0074590833267580555,-2.7146735273912384e-05,8.21817284091253e-06
8.642,0.21743336606714758,0.0004192962926293216,-0.19713554614269205,0.0051803097725147485,0.007240483430473249,-2.6270857773713272e-05,1.396256654455641e-05
8.676,0.21756108667972923,0.0003234725769163093,0.0038354538312807777,-0.0028775890604508187,0.007244736823431735,-2.619669292832669e-05,1.07716368113131e-05
8.709,0.22433071575605013,-0.000114405541332755,0.20329216445408085,-0.013149493040512442,0.007470164091940193,-2.698582568581615e-05,-3.809704526380742e-06
8.743,0.2179119470553293,-0.000573081117499813,-0.19275581683846346,-0.013774041326338075,0.007256420188240638,-2.629674266048325e-05,-1.9083601212743774e-05
8.776,0.21808950621866693,-0.0010238020635991165,0.005332107007136419,-0.013535163546525631,0.007262332166996061,-2.6511261456981253e-05,-3.4092608717850585e-05
8.808,0.2248802130979572,-0.0014870199370832316,0.20392513151021796,-0.013910446651174625,0.007488460049578213,-2.764980565034304e-05,-4.951776390487162e-05
8.843,0.2184359524522887,-0.0017944172163419623,-0.19352134071076568,-0.009231149527289212,0.007273866154311667,-2.725487582380189e-05,-5.975409330418735e-05
8.875,0.21857956821928523,-0.0019675396031905747,0.004312785795691754,-0.005198870475934304,0.007278646803008577,-2.7728704788687558e-05,-6.551906878624614e-05
8.91,0.22527275898899218,-0.0017725040325219106,0.20099671981101958,0.005856924044104026,0.007501526644382343,-2.9044926865866364e-05,-5.9024384282979626e-05
8.942,0.21852800967013128,-0.0014523076497364017,-0.20254502459041754,0.009615506990555819,0.007276926652647268,-2.8566031974821883e-05,-4.836184473622218e-05
8.974,0.21826192386976678,-0.0010440832593529605,-0.007990564575510393,0.012258990702205442,0.00726806487193178,-2.883334563050616e-05,-3.4767972536453585e-05
9.01,0.2135908261369438,-0.06649123163243979,-0.14027320518987932,-1.9653798310236286,0.007112480864178266,-3.6214010370447234e-05,-0.002214158013360245
9.043,0.20655313180817717,-3.3646299356258785e-05,-0.21134217203503408,1.9957232832757816,0.006878087123958794,-4.2639249382273474e-05,-1.1204217685634176e-06
9.075,0.20593519143945072,0.0002872001098483276,-0.018556767829623108,0.00963502730344103,0.006857510284462575,-4.248273734246433e-05,9.56376365794931e-06
9.11,0.2121740449631537,0.0033455091552554374,0.18735295866975932,0.09184111247468797,0.007065262751084938,-4.334242200574059e-05,0.00011140545487000608
9.143,0.20603536070367093,0.003355753065227975,-0.18434487265714034,0.0003076249241002247,0.006860853065014917,-4.1322919425116074e-05,0.00011174657707209158
9.175,0.2061859434142896,0.003031370774745927,0.004522003321882438,-0.009741209924385822,0.0068658717378815666,-4.062296553560635e-05,0.00010094464679903938
9.208,0.22548327483389827,-0.06057402870593495,0.5794994420302899,-1.910072056476903,0.007508414347772324,-5.161866166962413e-05,-0.002017115155907634
9.243,0.21807225386777923,0.007323803583216005,-0.2225531821657368,2.0389739426171456,0.00726158732031243,-5.636036783838639e-05,0.000243882659321093
9.276,0.21819542351018992,0.007765340936882247,0.003698788060380976,0.013259379989977229,0.007265702681977242,-5.456680911871813e-05,0.00025858585319817886
9.31,0.22499060953876884,0.01321434024080413,0.20405964049786562,0.16363361273038685,0.007491995152722637,-5.364912626695506e-05,0.00044003753001877757
9.342,0.21852884979240292,0.012643260977422225,-0.19404683923020793,-0.01714952742888604,0.007276845836305601,-4.897542741031125e-05,0.0004210205905481601
9.374,0.21861439698357713,0.012769679495046378,0.0025689847199461477,0.0037963518806052032,0.007279714571354199,-4.59143713809403e-05,0.00042523032718504443
9.409,0.22522646631096926,0.0033216484291117795,0.19856064046222638,-0.2837246566346726,0.007499904555944101,-4.529369066436158e-05,0.00011061089268942227
9.442,0.2183872263173063,0.0033129531288921873,-0.20538258239228088,-0.0002611201267144808,0.007272166824521236,-4.31149720640997e-05,0.00011032133919210984
9.475,0.21809392049018264,0.004145836675047506,-0.00880798279650657,0.025011517902562112,0.007262405201255737,-4.2155156890710085e-05,0.00013805636127908196
9.51,0.22428872567400457,0.0009092386792784323,0.18603018570035817,-0.09719513500808027,0.007468692366625794,-4.272392733544765e-05,3.0277648019971798e-05
9.543,0.2174377574676279,6.897350080070741e-05,-0.2057347809722726,-0.025233188542874617,0.007240559531849661,-4.130098343957094e-05,2.296817576663557e-06
9.572,0.21739468639794418,0.0003206662831763792,-0.0012934255160272938,0.007558341813083237,0.00723912555626759,-4.124583818841891e-05,1.0678187229773428e-05
9.61,0.22406801656954314,0.0003420430499275091,0.20040030545342227,0.0006419449474813785,0.007461344312700832,-4.2429625882624214e-05,1.1390033562586054e-05
9.642,0.2176331901587557,2.3990236900131902e-05,-0.19323803035397705,-0.009551135526347664,0.007247068308816969,-4.116695634611575e-05,7.988748887743924e-07
9.675,0.21780712341478767,-0.000391860219752273,0.00522322090186068,-0.01248800170127342,0.007252859940262885,-4.1244281931655424e-05,-1.3048945317750693e-05
9.71,0.22459483510353095,-0.000839235683806031,0.20383518584814672,-0.013434698620232971,0.007478886211405624,-4.268291352743342e-05,-2.7946548270740836e-05
9.743,0.21816414471512532,-0.0012646205623030656,-0.19311382547764652,-0.012774320675586622,0.007264746251732157,-4.171527734007958e-05,-4.211186472469209e-05
9.776,0.21833833181925502,-0.0016179907303689185,0.005230843967858774,-0.01061171675873432,0.0072705445742152494,-4.2097537051368905e-05,-5.387909132128499e-05
9.81,0.2139612817342377,-0.06104051326284333,-0.1314429454960156,-1.7844601361103425,0.007124743108243887,-4.868661027797569e-05,-0.002032649091652683
9.843,0.20714991685271714,-0.0022938419616731127,-0.2045454919375545,1.7641643033384447,0.006897877636424344,-5.441065942702057e-05,-7.638493732371466e-05
9.876,0.20716462454989507,-0.0014916699839293075,0.00044167258792580146,0.024089248580895048,0.006898363945088977,-5.4849318144251364e-05,-4.9672610464845945e-05
9.909,0.2132556308782287,0.013985320275289415,0.1829131029529624,0.46477448225882045,0.007101199572792411,-5.498479938396744e-05,0.00046571116516713756
9.942,0.2067212813426983,0.014416463888860835,-0.19622671277869128,0.01294725566280539,0.006883636689258039,-5.004481909284485e-05,0.00048006824749906584
9.971,0.2064652564955626,0.015477380669433388,-0.007688433847918574,0.031859362779956546,0.006875135303626761,-4.656086592523312e-05,0.0005153967762921319
10.01,0.2252573977233982,-0.07268047780364464,0.5643285654004683,-2.6473831373296703,0.007500845717307733,-5.794281793549545e-05,-0.002420259910861367
10.042,0.21759326860291361,0.006790315038496053,-0.23015402764217974,2.3865102955597806,0.007245573882406067,-6.392033976383862e-05,0.00022611749078191857
10.076,0.21743820085318696,0.0051938306800337,-0.004656689180980498,-0.04794247322709766,0.007240422934864769,-6.243006305984331e-05,0.00017295456164512224
10.109,0.22415221107683356,0.004620746953557789,0.20162192863803582,-0.01720972151579312,0.007464001583605536,-6.313805325895972e-05,0.0001538708735534744
10.143,0.21773252725991082,0.004104483684478125,-0.19278329780548747,-0.01550340147386379,0.007250242595327723,-6.027651042167329e-05,0.0001366793066931216
10.175,0.217910737263648,0.003708618905579103,0.005351651763879555,-0.011887831198168834,0.007256184570688628,-5.938190244755704e-05,0.00012349700955578414
10.21,0.22470456065312444,0.011875561369970058,0.2040187204046975,0.2452535274591878,0.007482426906850251,-5.929174451697464e-05,0.000395456193620003
10.242,0.21827129985593707,0.011322210649462133,-0.19319101493055157,-0.016617138753991748,0.007268227756783855,-5.478693278424912e-05,0.00037702961462708905
10.276,0.21844008337047943,0.01094974916349234,0.005068574010281046,-0.011185029608702497,0.007273867923022511,-5.213194691472453e-05,0.0003646266471442949
10.309,0.22520158866942613,0.010296566050701535,0.20304820717557662,-0.019615108492216347,0.007499038813868061,-5.109282764284574e-05,0.0003428756494883611
10.342,0.21862822953760708,0.009991361379239831,-0.19739817212669838,-0.009165305449300415,0.007280167378036413,-4.714229639944464e-05,0.0003327123339286864
10.376,0.21852339568676446,0.010163717216009775,-0.003148163688967483,0.005175850954052373,0.007276691885629778,-4.4677766635359646e-05,0.00033845178329312554
10.41,0.2134184477244255,-0.0847339891054817,-0.15330174061077947,-2.849780970615359,0.007106638346308165,-5.245763537062854e-05,-0.0028216418372125408
10.443,0.20656869165152153,0.00034656400493726544,-0.20569838056768686,2.5549715648774463,0.0068784719106941795,-6.043865978564717e-05,1.154058136441094e-05
10.475,0.20631753231566557,0.0006325197393800721,-0.007542322398076725,0.008587259292576777,0.0068701096107043075,-6.0253179851794055e-05,2.1062907321356406e-05
10.51,0.21238168167940874,0.08592497126887061,0.18210658749979475,2.5613348807654814,0.0070721176500094405,-5.1831986103968276e-05,0.0028613015432533916
10.542,0.205934252600579,0.08377360975695033,-0.1936164888537463,-0.06460545080841665,0.006857538848316671,-3.088278546640443e-05,0.0027896612049064465
10.576,0.2060182939795486,0.08389565361463287,0.0025237651342226008,0.0036649807111873373,0.006860396907621403,-1.1743335644747606e-05,0.002793725265367275
10.609,0.2124125920190317,0.07908514685697278,0.19202096214663975,-0.144459662392195,0.007073333720243728,7.086595275387098e-06,0.0026335353903371938
10.643,0.2063369173054167,0.07625553771680957,-0.18245269410255263,-0.08497324745234867,0.00687097326509699,2.465519808700631e-05,0.0025393094059697587
10.676,0.2065063876200492,0.07591093229539789,0.005089198637612361,-0.010348511153503938,0.006876532017996322,4.209775171999907e-05,0.00252783404543675
10.71,0.22463502774150523,0.1619727697792906,0.5444036072509321,2.5844395640808617,0.0074799571360323345,7.542021312463695e-05,0.0053936932336503774
10.742,0.21833613135093158,0.1563725934576776,-0.1891560477649746,-0.16817346311150144,0.007269724723881222,0.00011183959786928648,0.005207207362140664
10.776,0.21849865639511296,0.15602966356333436,0.004880631957398723,-0.010298195025322227,0.007274455617318656,0.0001497627681981963,0.005195787796659035
10.809,0.22524970419055027,0.15167958963887193,0.2027341680311504,-0.13063285058445745,0.007498328677965854,0.00019280905562396358,0.005050930334974436
10.829,0.21865750914891338,0.1461155010321774,-0.19796381506417066,-0.16708974794878445,0.0072778644151158985,0.00022325463442505176,0.004865646184371508
10.875,0.21847577629067577,0.14556247085406493,-0.005457443190318614,-0.0166075128562306,0.007270646546790393,0.0002583814364412163,0.0048472302794403625
10.909,0.2130034002237691,0.12406108165175755,-0.16433561762482507,-0.6456873634326539,0.007087331158134594,0.0002837289988592963,0.004131234019003527
10.943,0.2065703021466188,0.12180320700777318,-0.19318612844295147,-0.06780404336289407,0.006872096784343414,0.00030329421925737713,0.004056046793358847
10.976,0.20614093578153742,0.1213431823995249,-0.012893884837279162,-0.0138145528002489,0.0068565313394265805,0.00033042433599497745,0.0040407279739041796
11.008,0.22539963845502634,-0.09445846646347641,0.5783394196242918,-6.480529995885924,0.00749694183801305,0.00036465019998736423,-0.003145466933233765
11.043,0.21777320841849565,0.12091830873977887,-0.22902192301893945,6.467771027124782,0.007243123880884135,0.0003555031526704417,0.004026579681034636
11.075,0.21755188428720532,0.11598924452230533,-0.006646370309019059,-0.14801994647067673,0.007234305895470313,0.00038368058031770916,0.003862441842592768
11.109,0.2127273233557429,0.18767835012465392,-0.1448817096535259,2.1528259940645222,0.007071879177645643,0.0004109324566513963,0.006249689059150976
11.142,0.20640010317620747,0.1831383361902289,-0.19000661199806115,-0.1363367547875381,0.006858945997789594,0.0004410659267907163,0.006098506595134623
11.175,0.20657567404414437,0.18291035775606007,0.005272398436543627,-0.006846199224289176,0.006861962537652833,0.00048327150761310944,0.006090914913276801
11.209,0.21313034906403694,0.11278057037016602,0.19683708768446154,-2.1059996211980194,0.007077159796000381,0.0005334552370750286,0.003755592993326529
11.243,0.19550388527667564,0.17444372921633405,-0.5293232368576966,1.8517465118969378,0.0064894396058317524,0.000520376806290259,0.005808976182903924
11.275,0.19558150848782715,0.1738429829819022,0.002331027361907262,-0.01804042746041586,0.006488888257806193,0.000558221490423176,0.005788971333297344
11.309,0.23601337864440652,0.08570703784324248,1.2141702749723533,-2.646725079239031,0.007827337174077603,0.000707453746930758,0.002854044360179975
11.342,0.21830279061432958,0.14569320078863823,-0.5318494903927009,1.801386274636509,0.0072373894921336866,0.0006822548762821343,0.004851583586261653
11.375,0.21837307198768813,0.1450383053804929,0.0021105517525088257,-0.019666528773133317,0.007236331144595446,0.0007175115604642242,0.004829775569170414
11.41,0.2239109480999596,0.07154776034814093,0.16630258595409808,-2.2069232742448035,0.00741714648680019,0.0007624602829285045,0.002382540419593093
11.443,0.20642139519938021,0.1299264663227141,-0.5252117988161975,1.7531142935307253,0.006835397412726579,0.0007258382702942726,0.00432655132854638
11.475,0.20628874456665963,0.12990773271663228,-0.00398350248410157,-0.0005625707532077064,0.006827802799294835,0.0007549175139380353,0.004325927499463855
11.51,0.20033303333703573,-0.014650521040222915,-0.17885018707579295,-4.341088701407062,0.006629265005413053,0.0007458461828600098,-0.00048786235063942314
11.543,0.1834592643117358,0.044747338871517064,-0.5067197905495476,1.7837195168690683,0.006070547822583882,0.0006860666642197144,0.0014900863844215183
11.575,0.18311757950401086,0.04796951299983236,-0.010260805036784488,0.0967619858352942,0.006058177258227946,0.0006941419329936087,0.0015973847828944178
11.61,0.18871765007545865,-0.01462369544988526,0.16817028743086457,-1.8796759294209495,0.0062430498621575264,0.000718836433119313,-0.00048696905848117923
11.643,0.17214909100562636,0.04715267709714738,-0.49755432642139,1.8551463227337126,0.005694581713507487,0.0006588100983140959,0.0015701841473350078
11.675,0.1720621150307593,0.04816001540726285,-0.002611891137149102,0.03025039970316731,0.005690652437429374,0.0006675088942525452,0.001603728513061853
11.71,0.17728886421645784,-0.02139403167737134,0.15695943500596224,-2.0887101226616873,0.005863211400138449,0.0006903989720667245,-0.0007124212548564657
11.742,0.1609678061275034,0.044319822261992096,-0.49012186453316675,1.973389007188091,0.005323209243710617,0.0006288733931553894,0.001475850081324337
11.775,0.16099537659215743,0.044244234088449914,0.0008279418815027628,-0.0022699151213868484,0.005323187722972433,0.0006368313234869787,0.0014733329951453823
11.81,0.21124557105123398,-0.024616063091001717,1.5090148486209174,-2.0678767921757246,0.006984398554941952,0.0008378830336628236,-0.0008197149009303573
11.843,0.21801733558213915,0.0073868029008905345,0.20335629221937435,0.9610470267835511,0.0072085409178045,0.0008626746793725249,0.0002459805365996548
11.876,0.218164282765616,0.005528935347420026,0.004412828332638234,-0.055791818422537776,0.00721321379061063,0.0008648073371865461,0.0001841135470690869
11.91,0.21270168450301488,0.012062784857406165,-0.1640419898679015,0.19621169699658073,0.007032355399167252,0.0008452133182079509,0.0004016907357516253
11.943,0.20661947076522547,0.007621130502421379,-0.18264906119487734,-0.1333830136632068,0.00683099547060658,0.0008232832260945721,0.00025378364573063194
11.975,0.1945755291886849,0.025865179414187,-0.36167992722344044,0.5478693366896582,0.006432380238248037,0.0007788801314542158,0.0008613104744924271
12.009,0.200694345881647,0.020817838819868723,0.183748249037901,-0.15157178961916742,0.006634032928603622,0.0008085302772436857,0.0006932340327016286
12.043,0.1946431844135794,0.022868353430548802,-0.18171656060263097,0.06157701533573811,0.0064334372328415865,0.0007888319021947817,0.0007615161692372752
12.075,0.1945173682706262,0.025659756036827436,-0.0037782625511464827,0.08382590409245144,0.006428639601522754,0.0007935165556328946,0.0008544698760263537
12.11,0.2244078752760727,0.22313878181745772,0.8976128229863809,5.930301074493402,0.007412623652734937,0.0009461649727381023,0.007430521434521343
12.142,0.21763696157006532,0.2179827940848784,-0.20333074192214357,-0.15483446644382376,0.0071820346696257345,0.0009703924494762187,0.007258827043026451
12.176,0.2178444388917039,0.2179908760562868,0.006230550199357006,0.0002427018440966679,0.007181641340160806,0.0010234753078823997,0.007259096172674352
12.21,0.1887912529977937,0.030324723453276255,-0.8724680448621682,-5.6356201982886045,0.006220142838095535,0.0009127043575211338,0.0010098132909940993
12.242,0.20647533741937307,0.22095480653064148,0.5310535862336146,5.724627119440397,0.006798533037541597,0.0010266478361781566,0.007357795057470362
12.276,0.2068681568913376,0.22182869894961088,0.011796380539475659,0.026243015584666723,0.0068036988905110715,0.0010787890963814277,0.007386895675022043
12.31,0.2247626747207304,0.19470754028245857,0.5373729077895728,-0.814449209223793,0.007383929929675195,0.0012233461559423007,0.006483761091405871
12.343,0.21845884356273493,0.1875909355088438,-0.18930423897884263,-0.21371185506350696,0.0071691227550357995,0.001234693696340405,0.006246778152444499
12.375,0.21836959162824035,0.1845092462940726,-0.002680238273110434,-0.09254321966279877,0.007158410306665627,0.0012785632808332377,0.006144157901592618
12.41,0.2248066919888772,0.08372463499084191,0.19330631713624186,-3.026564904000921,0.007363483189184429,0.0013491537770824926,0.002788030345195036
12.443,0.21799981934031867,0.07691778899793471,-0.20441059004680273,-0.20440978957679298,0.007137001402227801,0.0013273971481065517,0.002561362373631226
12.475,0.2178882102393929,0.07838851696815127,-0.003351624652425833,0.04416600511160855,0.0071298928673448414,0.0013451588583746506,0.0026103376150394377
12.51,0.16530956589586612,0.04341623532569519,-1.5789382685743774,-1.0502186679416239,0.0054072972987170105,0.0010315269045062907,0.00144576063634565
12.542,0.19244360951067205,0.05899653207199842,0.8148361445887664,0.46787677916826503,0.00629279811946066,0.0012115745254234552,0.0019645845179975473
12.575,0.1950011839614416,0.09101081963969992,0.07680403756064683,0.9613900170480932,0.006373341798485611,0.0012435981349919634,0.0030306602940020078
12.61,0.21273496115730195,0.04430677828222992,0.5325458617375484,-1.4025237644885886,0.006949873282283638,0.0013723555007093872,0.0014754157167982565
12.643,0.2061972042105119,0.04879997773266186,-0.19632903744114236,0.13493091442738572,0.006734219924161237,0.001340621514834273,0.0016250392584976402
12.675,0.20634976520135495,0.04905412463736032,0.004581411136427703,0.007632039180133896,0.006737007629356289,0.0013525916112871977,0.0016335023504240988
12.709,0.1868495125107824,0.04710208323611076,-0.5855931738910672,-0.05861986189938627,0.006098385259680986,0.0012345355025287865,0.0015684993717624885
12.742,0.19498199907595257,0.02992178332043686,0.2442188157708755,-0.5159249223926095,0.006362155979494238,0.001296428018294432,0.0009963953845705477
12.775,0.1952977699372108,0.03629486300035364,0.009482608446192925,0.19138377417167493,0.006371023777171208,0.0013055524329990123,0.0012086189379117763
12.81,0.2242400290462105,0.13738859483710303,0.8691369101801709,3.0358478029053866,0.007310809656856588,0.0015201762114010033,0.0045750402080755315
12.841,0.2181675895331003,0.1394450018697889,-0.18235554093423956,0.06175396494552144,0.007105939405459694,0.0015117788715441438,0.004643518562263971
12.876,0.21825009066575,0.13786497855949875,0.00247751149098143,-0.047448147456160376,0.007101568104622981,0.001545156382065755,0.004590903786031309
12.909,0.22495783789075124,0.21232307208631565,0.20143385060063823,2.2359787845890957,0.007310409984941156,0.001635295504845169,0.007070358300474312
12.943,0.21811887849653716,0.20412584034945314,-0.20537415598240488,-0.24616311522109652,0.0070770022782303856,0.0016346909671261403,0.00679739048363679
12.976,0.21801371908551145,0.2034962503026657,-0.0031579402710422526,-0.01890660801163508,0.007062338425134372,0.001681872676760761,0.0067764251350787685
13.009,0.2244658238677833,0.17710949707150167,0.19375690036852383,-0.7923949919268473,0.007260231806668296,0.001777692513412828,0.005897746252481006
13.043,0.21790831066184002,0.17331104135171466,-0.1969223184967951,-0.11406773933294335,0.007037943989751403,0.0017668520969687268,0.005771257677012098
13.076,0.21774633242090197,0.17706014704557405,-0.004864211439581211,0.11258575657235402,0.007022292836104684,0.0018065349506283222,0.005896102896617616
13.11,0.20114219108290687,0.13852060547832398,-0.4986228630028556,-1.15734359060811,0.006477956961414852,0.0017028406925534683,0.004612736162428189
13.142,0.1949120280163544,0.18489978636430562,-0.1870919839805546,1.3927681947742234,0.006268328206658067,0.0016838747717097772,0.006157162885931378
13.176,0.18357504827388385,0.16806343019157963,-0.3404498421162328,-0.5055962814632431,0.005894312870002267,0.0016206010133814038,0.005596512225379602
13.209,0.18910407060124432,0.1755954099931974,0.16603670652734132,0.22618557962816113,0.006062188978805366,0.0017041261034847592,0.005847327152773474
13.243,0.18365746285080484,0.1699311553306768,-0.1635617943074919,-0.17009773761323127,0.005877966434783197,0.0016888875267397434,0.0056587074725115375
13.275,0.1722311732332366,0.14781033348597306,-0.3431318203473941,-0.6642889442853974,0.005503813144184577,0.0016129533164735673,0.0049220841050829035
13.309,0.17747015071582523,0.15331529208749103,0.1573266511287872,0.165314072117657,0.005662825118099848,0.0016904295381020451,0.005105399226513452
13.343,0.17220620666251876,0.14629417774042924,-0.15807639799719106,-0.21084427468654024,0.0054866096171843496,0.0016676804247283475,0.0048715961187562945
13.375,0.17217059628787754,0.143873240811937,-0.0010693806198566421,-0.07270080866343062,0.005477355858421677,0.0016938179666329755,0.004790978919037503
13.41,0.18936070292236945,0.11936122499928396,0.5162194184532106,-0.7360965709505417,0.006016012962832733,0.0018893205220861734,0.003974728792476156
13.443,0.16061844421621238,0.12532982147705737,-0.8631308920767888,0.17923713146466697,0.0050962962193051445,0.0016233247230481918,0.004173483055186011
13.475,0.16069344002019775,0.11813810697121903,0.002252126245806986,-0.21596740257772806,0.00509205070351852,0.0016447381276424489,0.003933998962141594
13.51,0.15359500837695553,0.11862031050596249,-0.21316611541267944,0.014480586628932682,0.004860880711048476,0.0015912579108292118,0.003950056339848552
13.542,0.1492988748145718,0.10410976214291622,-0.1290130198914033,-0.4357522030944826,0.004719151483970732,0.0015642612975271387,0.0034668550793591105
13.575,0.1493152214037732,0.10518202595118259,0.0004908885646069159,0.03220011436235358,0.004714187894452995,0.001580869685455418,0.0035025614641743807
13.61,0.14158715327381236,0.12543602904324258,-0.23207411801684238,0.6082283210828826,0.004464406989680415,0.001516202234204534,0.004177019767139978
13.643,0.1377987671804953,0.10801051075696247,-0.11376534814765925,-0.5232888374258291,0.004339187176376831,0.0014925112984429951,0.0035967500082068507
13.676,0.13773179029145652,0.10992471083208737,-0.0020113179891526546,0.0574834857394864,0.00433163637012346,0.0015075135954903667,0.0036604928707085096
13.709,0.12969528177252557,0.1317316976289759,-0.2413365921600886,0.6548644683750312,0.0040731441642806,0.0014359515770579509,0.004386665531044898
13.742,0.12626710081690362,0.11672401900300836,-0.10294837704570406,-0.4506810398188454,0.003959664010697689,0.0014143882572668234,0.0038869098328001787
13.776,0.1260418000944914,0.11996854645460012,-0.006765787459826576,0.09743325680455737,0.003947003828576193,0.001427430403036108,0.003994952596938184
13.809,0.12988414270254167,0.06264628306621514,0.11538566390541366,-1.7213892909424915,0.004062837643424196,0.001483305903676509,0.0020861212261049644
13.843,0.12608575544881134,0.061119763334205525,-0.11406568329520506,-0.04584143339368218,0.003941046684005808,0.0014480518880416174,0.002035288119029044
13.875,0.11461375371287079,0.13481539199874812,-0.34450455663485147,2.2130819418781558,0.003578152125951672,0.0013279791079128292,0.004489352553558313
13.909,0.11816750611308896,0.07443700068442126,0.10671929129784298,-1.8131649043341398,0.003684307070993306,0.0013820003522328345,0.002478752122791228
13.942,0.11469038697585675,0.07144412120307118,-0.10441799210907544,-0.08987626070120344,0.0035726266117161965,0.0013500161483980331,0.0023790892360622705
13.976,0.11467597939970296,0.07029184177196854,-0.00043265994455812026,-0.034602985918998366,0.00356898238797893,0.0013582727969883867,0.0023407183310065523
14.009,0.11811768644893465,0.05948603628040108,0.1033545660429937,-0.32449866341043404,0.0036730649069074243,0.0014069780247076974,0.001980885008137356
14.043,0.11463619733482432,0.055893849101968464,-0.10454922264595605,-0.1078734888418204,0.003562172491154304,0.0013723534562735456,0.00186126517509555
14.075,0.11452417732840943,0.38410515175368265,-0.0033639641566032084,9.85619527482625,0.0035485285146256308,0.0013970369919694765,0.012790701553397633
14.109,0.11811418200982442,0.3202278909074662,0.10780794839084046,-1.9182360614479421,0.003642624194175709,0.001483651714953312,0.010663588767218625
14.142,0.1147059434798842,0.3103721098599807,-0.10234950540360992,-0.2959694008253894,0.0035221928302292273,0.0014779026922850354,0.010335391258337358
14.176,0.11450362728295985,0.3066784956241725,-0.006075561469199992,-0.1109193464206672,0.003500638495836362,0.001511340464155017,0.010212393904284944
14.21,0.11813852016570299,0.03232150776700394,0.109155942424719,-8.238948584299354,0.0036029221696939864,0.0015796855504033847,0.0010763062086412312
14.243,0.11463187914070555,-0.05003828732759415,-0.10530453528520838,-2.4732671199579004,0.003496430366396829,0.0015317651799087054,-0.0016662749680088852
14.275,0.11468450554792829,-0.05183530263660404,0.0015803725892715224,-0.05396442369399078,0.0035006298471150932,0.0015265328328207984,-0.0017261155777989147
14.309,0.1182845036316106,-0.01830145347918348,0.10810805056103015,1.0070224972198365,0.003612352727007889,0.0015702342036675479,-0.0006094384008568099
14.343,0.11485618558730237,-0.01728877238425484,-0.10295249382306976,0.030410843691550726,0.003508556423578483,0.0015226442458737624,-0.0005757161203956862
14.376,0.11492949885456687,-0.03283416037401597,0.0022015996175523637,-0.4668284681609949,0.003512066132242327,0.0015206856485557461,-0.001093377540454732
14.41,0.11848330580686936,-0.03396533833214925,0.10672092949857337,-0.03396930805205039,0.0036224062972084275,0.0015636798010862706,-0.0011310457664605702
14.442,0.1150332553784232,-0.03236943038898277,-0.10360511797135626,0.047925163458452935,0.0035186020605467738,0.0015142625938524537,-0.0010779020319531263
14.475,0.11503064822044635,-0.03132366767015141,-7.82930323375866e-05,0.031404285850791414,0.0035201261696612496,0.0015104960698705413,-0.0010430781334160421
14.509,0.11852305680849869,0.07194354113427526,0.10487713477634628,3.101117381514314,0.0036259454623116067,0.001558808113563517,0.0023957199197713664
14.542,0.11496684288617574,0.07219906360939805,-0.10679321088056884,0.007673347601285175,0.0035135121406397376,0.0015204737092595361,0.0024042288181929552
14.575,0.11494114824288773,0.07368869883701196,-0.0007716109095499354,0.04473379061903612,0.003509024037115417,0.0015286619043622424,0.0024538336712724984
14.609,0.11840360783108868,0.07940363674969791,0.10397776541143985,0.17161975713771643,0.0036107032327778064,0.0015839196580192728,0.0026441411037649407
14.642,0.11487275334571369,0.07873534232196502,-0.10603166622747717,-0.020068901733720435,0.0034989720283914835,0.0015459045837886648,0.0026218868993214354
14.675,0.08135266496374911,0.032272213620069434,-1.0066092607196568,-1.3952891502070746,0.0024759381751880824,0.0010993850323742019,0.0010746647135483124
14.71,0.04978418817564936,0.03323772827615537,-0.9480023059489413,0.02899443411669478,0.0015144285685846348,0.0006744266594386781,0.001106816351595974
14.742,0.014627245002415763,0.03225766526564437,-1.0557640592562643,-0.029431321636966906,0.00044474255077830104,0.0001986404746907826,0.0010741802533459578
14.776,-3.913989260823442e-07,4.004819987147146e-06,-0.439268360400656,-0.9685783917614781,-1.1897659288848822e-08,-5.321655920903146e-09,1.3336050557199998e-07
14.809,0.0002088583375971744,0.0025522459456052324,0.006283775871569271,0.07652375752606862,6.348709373154879e-06,2.840012819777762e-06,8.498978998865425e-05
14.843,0.00033677284422319254,0.004147038289747139,0.0038412764752558,0.047891661986243436,1.0236441785404739e-05,4.580509865066098e-06,0.00013809637504857974
14.876,0.00036673683292941825,-0.023094019663556346,0.0008998194806674385,-0.818049788387492,1.1148790539145502e-05,4.984538679346799e-06,-0.0007690308547964264
14.909,0.0003492367736349614,-0.024150849988094483,-0.0005255273061398458,-0.03173664638252665,1.06205197360366e-05,4.738332020093708e-06,-0.0008042233046035463
14.943,0.0003354417488374459,-0.023485861792110412,-0.00041426500893439877,0.019969615495017145,1.0204610537116622e-05,4.543073205310811e-06,-0.0007820791976772768
14.976,0.00013686723783152774,0.004342866162487601,-0.005963198528706251,0.8356975361741145,4.1642848924505766e-06,1.852341584516382e-06,0.00014461744321083713
15.01,1.2126976512232626e-05,0.005222184543727068,-0.0037459537933722253,0.026405957394578575,3.6894590523058646e-07,1.6418352202970915e-07,0.0001738987453061114
15.042,7.161072754679931e-06,0.005082652486363334,-0.00014912623896554637,-0.004190151872784802,2.178487524891323e-07,9.698900948996883e-08,0.00016925232779589904
15.075,-3.048750175639315e-06,-0.4170240498113793,-0.00030660128919877613,-12.675876945878157,-9.302706127481582e-08,-4.065460726656215e-08,-0.013886900858718932
15.109,-3.3615624516613447e-06,-0.8550836647790229,-9.393762042703587e-06,-13.154943392421727,-1.034956550481167e-07,-4.264238515556601e-08,-0.028474286037141465
15.143,-3.5689410512392756e-06,-1.2511029568979453,-6.227585572910837e-06,-11.892471234802473,-1.1139587956944528e-07,-4.139111468096685e-08,-0.04166172846470158
15.176,-9.725899627608112e-07,-1.357652997225566,7.796850115550942e-05,-3.199700910739361,-3.081780832074181e-08,-9.950765203430896e-09,-0.04520984480761135
15.21,0.0001870641758203548,-1.3964378139738183,0.005646749723216685,-1.164709211659228,6.008849043838501e-06,1.64016330165013e-06,-0.04650137920532815
15.243,0.00011477186108694498,-1.3561976684994954,-0.002170940382384679,1.2084127770066926,3.7289377525103654e-06,8.363510733221502e-07,-0.0451613823610332
15.276,-0.00020708721255883257,-1.352646563377498,-0.009665437647020346,0.1066397934533757,-6.789463258977927e-06,-1.204168820928862e-06,-0.045043130560470684
15.309,-0.00016314609449327095,-1.3949298192618291,0.0013195530950619104,-1.2697674439739077,-5.386588987858351e-06,-7.030557343942844e-07,-0.046451162981418916
15.342,-0.0001431402124853622,-1.354996518943469,0.0006007772374747375,1.1991982077585637,-4.749359703879385e-06,-3.9988582915998343e-07,-0.04512138408081752
15.375,-6.557111388955744e-06,-0.8344594149776274,0.0041015946275197125,15.631744863839083,-2.1809804085313737e-07,-1.0377351733233252e-08,-0.027787498518754995
15.409,-2.692537507628331e-06,-0.4344867687752088,0.00011605326970953192,12.011190576649208,-8.962943279567973e-08,-2.3683203364923156e-09,-0.014468409400214455
15.442,8.680729511756457e-05,-0.0018939895494274426,0.002687682661417204,12.990774150924365,2.8901528164333266e-06,5.535776134456097e-08,-6.306985199593385e-05
15.475,-0.00010115873255212616,0.00032016089167995887,-0.005644625455546268,0.06649100423745949,-3.367969732093277e-06,-6.442154181127486e-08,1.0661357692942631e-05
15.51,-0.00010681956450522758,0.0003857009675249093,-0.00016999495354658913,0.0019681704457943073,-3.5564401616294868e-06,-6.806836182454197e-08,1.2843842218579482e-05
15.542,-0.00010383153770674567,0.00038770793516203477,8.973053448894624e-05,6.026929841217607e-05,-3.456956236547229e-06,-6.620882523068369e-08,1.2910674240895759e-05
15.576,-0.00010392826990593331,0.0003910780252349079,-2.9048708464756914e-06,0.0001012039060922865,-3.4601759685508293e-06,-6.631537446674973e-08,1.3022898240322434e-05
15.61,-0.00010716791877862286,0.0004038997040646743,-9.728675293362005e-05,0.00038503540029328435,-3.5680355632873846e-06,-6.842978317879754e-08,1.3449860145353654e-05
15.643,-0.00010410129129654153,0.0003923307572151202,9.209091537781751e-05,-0.00034741582130793107,-3.4659347619260687e-06,-6.651760244686688e-08,1.3064614215263503e-05
15.676,-0.00010418519486235837,0.00039247492912076527,-2.5196266011060737e-06,4.329486656008746e-06,-3.468727366077937e-06,-6.661654028037657e-08,1.3069415139721485e-05
15.709,-0.0001074303897784322,0.00040447223241172806,-9.745330078299823e-05,0.00036027937810699073,-3.576771521803132e-06,-6.873899509153374e-08,1.3468925339310546e-05
15.742,-0.0001043565489375517,0.000392661652294225,9.230753275917417e-05,-0.00035467207560069177,-3.474430632557986e-06,-6.681832136570566e-08,1.3075633021397695e-05
15.775,-0.00010444153612072854,0.000392738674278611,-2.5521676629679377e-06,2.3129725040827893e-06,-3.4772593077672086e-06,-6.691820957787279e-08,1.3078197853477746e-05
15.809,-0.00010769570715034852,0.00040471511456255605,-9.772285374234185e-05,0.0003596528613797317,-3.5856022257278397e-06,-6.905084356121662e-08,1.3477013314933118e-05
15.843,-0.000104615185690007,0.00039288052876672693,9.250815196220775e-05,-0.0003553929668417152,-3.4830389865688242e-06,-6.712197204891109e-08,1.3082921607932008e-05
15.876,-0.00010470120550366146,0.0003929445979811252,-2.5831775872210047e-06,1.924000432381272e-06,-3.4859020353725787e-06,-6.722277262848947e-08,1.3085055112771471e-05
15.909,-0.00010796424806773944,0.00040491553152686174,-9.798926618852793e-05,0.0003594874938659615,-3.5945402331292816e-06,-6.936554052244141e-08,1.3483687199844497e-05
15.942,-0.00010487673165215227,0.00039306483497466,9.271821067829365e-05,-0.0003558767733393921,-3.491744179212562e-06,-6.742824637038206e-08,1.3089059004656178e-05
15.975,-0.00010496357831094563,0.00039311979893597027,-2.6080077715725525e-06,1.6505694087171029e-06,-3.49463475021592e-06,-6.752982728493622e-08,1.3090889304567812e-05
16.009,-0.00010823537649371615,0.0004050874017166136,-9.825219768079635e-05,0.00035938747089018955,-3.6035643678644714e-06,-6.968267756372438e-08,1.3489410477163233e-05
16.042,-0.00010514061420911906,0.0003932240367795522,9.293580434225502e-05,-0.000356257205317159,-3.500527145902409e-06,-6.773677704497751e-08,1.309436042475909e-05
16.076,-0.00010522813130211107,0.00039327218984467103,-2.6281409306911563e-06,1.4460379915569e-06,-3.5034400315715633e-06,-6.783903800487536e-08,1.3095963921827547e-05
16.11,-0.0001085086027260659,0.00040523794064528364,-9.851265537401884e-05,0.00035933185587425255,-3.6126583258208694e-06,-7.000194091597105e-08,1.3494423423487946e-05
16.143,-0.00010540640213060067,0.00039336444293672343,9.315917704099793e-05,-0.0003565614927495558,-3.509373529284231e-06,-6.804728758641268e-08,1.309903594979289e-05
16.175,-0.0001054944728407248,0.00039340749124038395,-2.644766069793796e-06,1.2927418516673542e-06,-3.5123048403115358e-06,-6.815015380211563e-08,1.3100469458304787e-05
16.21,-0.0001087835608083944,0.00040537249045801647,-9.877141044052837e-05,0.00035930928581479017,-3.621809922855656e-06,-7.032309615695231e-08,1.349890393225195e-05
16.243,-0.00010567377334229793,0.0003934907565829528,9.33870109938879e-05,-0.00035680882507698743,-3.5182726062151406e-06,-6.835957188840721e-08,1.3103242194212329e-05
16.276,-0.00010576231041938712,0.00039352997470919676,-2.6587710837593266e-06,1.1777215088280148e-06,-3.5212194376930914e-06,-6.846298756614585e-08,1.3104548157816254e-05
16.309,-0.0001090599775338191,0.0004054950445170097,-9.902904247543482e-05,0.0003593114056400275,-3.6310100628089376e-06,-7.064596850195641e-08,1.3502984982416423e-05
16.342,-0.00010594248745736127,0.00039360649411262295,9.361832061434914e-05,-0.0003570135256572588,-3.5272163732394654e-06,-6.867347637198711e-08,1.3107096253950345e-05
16.376,-0.0001060314258035385,0.0003936428352049206,-2.670821206523267e-06,1.0913240930228367e-06,-3.5301765577873413e-06,-6.877740006541609e-08,1.3108306412323857e-05
16.41,-0.00010933764905339024,0.00040560858908615194,-9.928598347903151e-05,0.00035933194838532503,-3.640251958703306e-06,-7.097042814041282e-08,1.350676601656886e-05
16.442,-0.00010621236508871492,0.00039371428373369564,9.385237131157125e-05,-0.0003571863469206095,-3.536198857810885e-06,-6.898888691386008e-08,1.3110685648332066e-05
16.475,-0.00010630165618159288,0.00039374846064724715,-2.681414200539245e-06,1.0263337402855842e-06,-3.5391707799103494e-06,-6.90932878272492e-08,1.3111823739553331e-05
16.51,-0.00010961642330776178,0.00040571535532564495,-9.954255634140856e-05,0.0003593662065584925,-3.6495305478315533e-06,-7.129637860830063e-08,1.3510321332343977e-05
16.542,-0.00010648327251989759,0.00039381609035288664,9.408861224817402e-05,-0.00035733528446721646,-3.5452156079255604e-06,-6.930571890584727e-08,1.3114075808751126e-05
16.576,-0.0001065728802018128,0.0003938486356826811,-2.690921378835134e-06,9.773372310650636e-07,-3.5481980637287266e-06,-6.94105742579255e-08,1.3115159568233281e-05
16.61,-0.0001098961870076158,0.0004058170119627071,-9.979900317726749e-05,0.0003594106990998789,-3.658842058285225e-06,-7.162374870812864e-08,1.3513706498358147e-05
16.642,-0.00010675511015010116,0.0003939133828972779,9.432663235779714e-05,-0.0003574663383011757,-3.554263307419073e-06,-6.962390983399195e-08,1.3117315650479357e-05
16.676,-0.00010684500746651895,0.00039394469430719927,-2.6996191116453285e-06,9.402825802204706e-07,-3.557255399477648e-06,-6.972920290921111e-08,1.3118358320429736e-05
16.71,-0.00011017685582497232,0.0004059148051516693,-0.00010005550625986079,0.00035946278812222314,-3.6681836823804836e-06,-7.195248590886116e-08,1.3516963011550588e-05
16.741,-0.00010702780384731382,0.00039400725841924844,9.456612545521016e-05,-0.0003575839859585843,-3.5633394880735177e-06,-6.994341394935139e-08,1.3120441705360974e-05
16.776,-0.00010711797077949273,0.0003940376340251829,-2.7077156810485447e-06,9.121803583924579e-07,-3.566340549860238e-06,-7.004913242016908e-08,1.3121453213038593e-05
16.809,-0.000110458367070118,0.0004060096672638287,-0.00010031220091967766,0.0003595205176770507,-3.677553332854672e-06,-7.228255177663232e-08,1.3520121919885498e-05
16.843,-0.00010730129851950849,0.00039409853777169345,9.48068633816669e-05,-0.00035769157634039787,-3.5724423155791962e-06,-7.026419762380048e-08,1.3123481307797392e-05
16.876,-0.00010739172025231247,0.00039412819973026845,-2.7153673514706807e-06,8.907495067567576e-07,-3.5754518538151634e-06,-7.037033269046868e-08,1.3124469051017941e-05
16.91,-0.00011074067424155155,0.00040610229451904406,-0.0001005691888660385,0.00035958242608935775,-3.686949461404596e-06,-7.261391861425487e-08,1.3523206407484169e-05
16.941,-0.00010757555338281245,0.0003941878340857802,9.504867443660963e-05,-0.0003577916046025182,-3.5815704320012566e-06,-7.058623672686653e-08,1.3126454875056481e-05
16.975,-0.00010766621891051059,0.0003942169481342896,-2.7226885194638045e-06,8.74295751032273e-07,-3.5845880802337556e-06,-7.069278208269121e-08,1.3127424372871845e-05
17.009,-0.00011102374290675601,0.00040619320692577594,-0.00010082654643379628,0.00035964741115574665,-3.6963709215516367e-06,-7.294656645220238e-08,1.352623379062834e-05
17.043,-0.00010785053824364027,0.00039427560505345127,9.529143132479692e-05,-0.00035788594211185197,-3.5907228319893676e-06,-7.09095140906821e-08,1.312937764827993e-05
17.075,-0.00010794143946156451,0.00039430429538484316,-2.729766304031305e-06,8.615715132697908e-07,-3.593748320350987e-06,-7.101646514178241e-08,1.3130333036315278e-05
17.11,-0.00011130754771663924,0.0004062827938742461,-0.000101084331984226,0.0003597146693514404,-3.705816869231581e-06,-7.328048141051776e-08,1.3529217036012398e-05
17.142,-0.00010812623087224641,0.0003943621924473628,9.553504037215695e-05,-0.0003579760188253257,-3.5998987753367646e-06,-7.123401769229572e-08,1.3132261008497182e-05
17.174,-0.00010821736186560857,0.00039439055218434404,-2.7366664673322305e-06,8.516437531909592e-07,-3.6029319068729464e-06,-7.134137150969633e-08,1.3133205387738658e-05
17.209,-0.00011159207003257703,0.00040637134467857294,-0.00010134258759665018,0.0003597835583852525,-3.7152866837989997e-06,-7.361565380974121e-08,1.353216577779648e-05
17.242,-0.00010840261503817047,0.00039444785213491414,9.577942926145819e-05,-0.0003580628391489129,-3.6090977215757e-06,-7.15597394847459e-08,1.3135113476092642e-05
17.276,-0.00010849397144129356,0.00039447594993127603,-2.743435529221871e-06,8.437776685252379e-07,-3.612138350903784e-06,-7.166749404800605e-08,1.3136049132711492e-05
17.31,-0.00011187729627168081,0.0004064590764783758,-0.00010160134625787557,0.00035985365006305567,-3.724779912926507e-06,-7.395207751281818e-08,1.3535087246729914e-05
17.342,-0.00010867967889775323,0.0003945327747624029,9.602454576359092e-05,-0.0003581471986778646,-3.6183192762905634e-06,-7.188667439880742e-08,1.3137941399588017e-05
