Time,linear_velocity_x,angular_velocity_yaw,linear_acceleration_x,angular_acceleration_yaw
0.325,,,,
0.35500000000000004,-5.0046440312784194e-05,-0.0006440925387281989,,
0.388,6.474441668479691e-05,0.0008085605306850413,0.0034785108181085212,0.044019789982219434
0.42400000000000004,7.572407704640125e-05,0.0009457260829176918,0.0003049905656001202,0.0038101542286847335
0.456,2.284971655108327e-05,-0.00033588797296596506,-0.0016523237654786883,-0.04005043924636432
0.49000000000000005,3.7389652811940156e-05,-0.0002614187664305754,0.0004276451841428492,0.0021902707804526355
0.525,3.7824673850996184e-05,-0.00024664181041280915,1.2429172544457943e-05,0.0004221987433647499
0.557,2.8401555572953583e-05,-0.0003318793094998873,-0.000294472446188831,-0.0026636718464711894
0.5910000000000001,2.3349117858366302e-05,-0.00029401093639230114,-0.00014860110925256698,0.001113775679634886
0.624,2.2338761969084242e-05,-0.00028400179004105106,-3.0616845129759455e-05,0.0003033074651893971
0.658,1.9075502387513185e-05,-0.00024229773971369437,-9.597822298738395e-05,0.00122658971551049
0.6910000000000001,1.785753489790799e-05,-0.00022636299792385076,-3.690810574561199e-05,0.00048287096332859375
0.7240000000000001,1.6710740829330343e-05,-0.0002111453523466278,-3.475133541144376e-05,0.000461140775067362
0.757,1.4744891225327861e-05,-0.0001856754051065981,-5.95712001212875e-05,0.0007718165830312053
0.79,1.343558158222812e-05,-0.00016860263107535255,-3.967604979090119e-05,0.000517356788825622
0.8250000000000001,1.1892701662656904e-05,-0.00014859955304456917,-4.408228341632044e-05,0.0005715165151652388
0.8570000000000001,1.1519302757366336e-05,-0.00014330608012926555,-1.1668715790330217e-05,0.00016542102860323785
0.891,9.921396123437744e-06,-0.00012287615554517945,-4.6997253939076355e-05,0.0006008801348260634
0.923,9.944349981360079e-06,-0.00012251101745090718,7.173080600729504e-07,1.1410565446008264e-05
0.9570000000000001,8.335613921946616e-06,-0.00010209962542455233,-4.731576645333711e-05,0.0006003350595986716
0.9780000000000001,1.2428698975722605e-05,-0.00015125286284938913,0.00019490881208457074,-0.002340630353563655
1.023,5.513665229590571e-06,-6.659517423338157e-05,-0.0001536674165807125,0.00188128196924462
1.057,6.565962690584954e-06,-7.833059698304707e-05,3.094992532336417e-05,-0.0003451594926372202
1.088,6.707522480750341e-06,-7.888419878712351e-05,4.566444844044725e-06,-1.7858122712143172e-05
1.125,5.4024187119668576e-06,-6.25713212439759e-05,-3.5273074831986107e-05,0.00044088858224723357
1.158,5.500250254310857e-06,-6.269778397638778e-05,2.9645921922424056e-06,-3.832204012481281e-06
1.188,5.68277331750295e-06,-6.37381321412852e-05,6.084102106403107e-06,-3.467827216324714e-05
1.222,4.859867464877471e-06,-5.358984349773216e-05,-2.420311331251408e-05,0.00029847907775155957
1.256,4.45016315951137e-06,-4.822441909176211e-05,-1.2050126628414715e-05,0.0001578066001755896
1.283,5.305621979223601e-06,-5.649557867779302e-05,3.168365998934201e-05,-0.0003063392439270717
1.325,3.332548547662875e-06,-3.484744398828698e-05,-4.6977938846683916e-05,0.000515431778321572
1.357,4.036939342796116e-06,-4.1440456581043586e-05,2.201221234791376e-05,-0.00020603164352364376
1.389,3.850970158959985e-06,-3.8815066779032364e-05,-5.811536994879086e-06,8.204343131285062e-05
1.419,4.0399367903723505e-06,-3.998474396715495e-05,6.298887713745503e-06,-3.8989239604086276e-05
1.45,3.6245805216771558e-06,-3.524424635176886e-05,-1.3398589312748253e-05,0.00015291927791568076
1.487,2.9045757431254467e-06,-2.775321024758172e-05,-1.9459588609505576e-05,0.00020246043524830033
1.524,2.861214478745862e-06,-2.684456616641779e-05,-1.1719260643131011e-06,2.4557948139565746e-05
1.557,2.9777031010214583e-06,-2.74143165052694e-05,3.5299582507756523e-06,-1.726516178338215e-05
1.59,2.851241928734524e-06,-2.574650526168112e-05,-3.832156735967688e-06,5.053973465419007e-05
1.624,2.7290077453713347e-06,-2.4142535861406677e-05,-3.5951230400938024e-06,4.717557059630713e-05
1.657,2.612173497091627e-06,-2.2615916483645677e-05,-3.540431766051756e-06,4.626119326548494e-05
1.69,2.503331076599681e-06,-2.1192979904995752e-05,-3.298255166422614e-06,4.311929026211907e-05
1.721,2.6272208728853666e-06,-2.174237216033995e-05,3.996445041473711e-06,-1.772233081755468e-05
1.758,2.033395460707892e-06,-1.641951165060705e-05,-1.6049335464256103e-05,0.0001438610948576462
1.79,2.2492487558837607e-06,-1.7666589822685572e-05,6.7454154742458884e-06,-3.897119287745375e-05
1.823,2.1501471349315474e-06,-1.6397731806646e-05,-3.003079422794348e-06,3.845024291029012e-05
1.8570000000000002,1.937157095647231e-06,-1.4314933385074623e-05,-6.264412920126902e-06,6.12587771050401e-05
1.8900000000000001,1.9093340872393484e-06,-1.3644180707992109e-05,-8.431214669055411e-07,2.032583869947018e-05
1.923,1.879649153480527e-06,-1.2943876378506867e-05,-8.995434472370156e-07,2.1221343317734663e-05
1.957,1.6897697194806006e-06,-1.1171333729169246e-05,-5.584689235291946e-06,5.213360733345939e-05
1.9900000000000002,1.6593788172554356e-06,-1.0488800580693232e-05,-9.209364310656039e-07,2.0682822681091222e-05
2.025,1.5316216932600608e-06,-9.187769184321409e-06,-3.6502035427250244e-06,3.7172325610623854e-05
2.057,1.5387726430813981e-06,-8.6690855605495e-06,2.2346718191679082e-07,1.620886324287214e-05
2.091,1.3546488242062167e-06,-7.017583086769395e-06,-5.415406437505295e-06,4.857360217000272e-05
2.125,1.266969055822225e-06,-5.6444664898368785e-06,-2.578816717176241e-06,4.03857822627213e-05
2.158,1.1511371376621399e-06,-4.137595265775354e-06,-3.510058126063196e-06,4.5662764365500864e-05
2.19,1.0827698685728463e-06,-2.891797778646132e-06,-2.136477159040423e-06,3.893117147278814e-05
2.224,9.582426063778137e-07,-1.5997344329560013e-06,-3.662566535147989e-06,3.800186310853298e-05
2.258,8.818382062421336e-07,-6.543470821454786e-07,-2.2471882392847204e-06,2.7805510317956708e-05
2.291,9.205094544495063e-07,-3.610975406192919e-07,1.1718560062840229e-06,8.886349743217801e-06
2.324,9.484011078408104e-07,-2.919765655095312e-07,8.452016179183085e-07,2.094575003326086e-06
2.357,9.183902724504488e-07,-2.3908511062993533e-07,-9.094192542533732e-07,1.6027713599877365e-06
2.391,8.892382070813583e-07,-1.9513065021011447e-07,-8.574136873261967e-07,1.2927782476417976e-06
2.425,9.140378369417651e-07,-1.6488217074213317e-07,7.294008782472642e-07,8.896611608229843e-07
2.457,9.404884325733551e-07,-1.3454658294823797e-07,8.265811134871877e-07,9.479871185592244e-07
2.491,8.833298657395025e-07,-9.516961512572215e-08,-1.6811343186427107e-06,1.158146112426927e-06
2.525,9.082776181726453e-07,-6.703317855508606e-08,7.337574245042029e-07,8.275422520775368e-07
2.557,9.348792571497536e-07,-3.893906530955186e-08,8.313012180346338e-07,8.779410389229429e-07
2.59,9.049440408499204e-07,-1.0479253124024459e-08,-9.071277666616151e-07,8.624185510765901e-07
2.624,9.033992674864568e-07,1.573513200780251e-08,-4.5434510690103595e-08,7.710113274066699e-07
2.657,9.019410454138341e-07,4.055314982678501e-08,-4.418854765523573e-08,7.520611460297746e-07
2.69,9.005827265751339e-07,6.366356281059087e-08,-4.1161176930307625e-08,7.003155449638155e-07
2.725,8.735834960743813e-07,8.341779385630439e-08,-7.71406585735786e-07,5.644066013060982e-07
2.757,9.261048414154583e-07,1.1023217465120842e-07,1.641292041908656e-06,8.379493998407503e-07
2.79,8.968901550209441e-07,1.2647225473722044e-07,-8.852935271064951e-07,4.921236389700624e-07
2.825,8.701924525948728e-07,1.4113587184993958e-07,-7.62791497887747e-07,4.1896048893483083e-07
2.857,9.227011086965643e-07,1.6817573129294588e-07,1.6408955031778571e-06,8.449956075939463e-07
2.89,8.937658793339875e-07,1.797155733257454e-07,-8.768251321992972e-07,3.4969218281210743e-07
2.925,8.673205926982847e-07,1.9011139591424478e-07,-7.555796181629439e-07,2.970235025285563e-07
2.958,8.919457659503432e-07,2.1078655812106867e-07,7.462173712744907e-07,6.265200668734445e-07
2.991,8.911204176888862e-07,2.248338488883246e-07,-2.501055337748639e-08,4.256754777956353e-07
3.024,9.173066262217757e-07,2.4558769472733794e-07,7.935214706936233e-07,6.289044193640422e-07
3.058,8.634127468836044e-07,2.4379971101459275e-07,-1.5851140981815174e-06,-5.2587756257212e-08
3.09,9.166548232828576e-07,2.7137035154153525e-07,1.6638148874766625e-06,8.615825164669524e-07
3.125,8.628281248635752e-07,2.6679327213435433e-07,-1.5379056691223497e-06,-1.307736973480255e-07
3.151,1.126529645156153e-06,3.6235090054770966e-07,1.0142366165099227e-05,3.6752934005136945e-06
3.191,7.317545722481953e-07,2.4386701464771264e-07,-9.869376822698936e-06,-2.9620971474999226e-06
3.225,8.864059883686214e-07,3.053339668635601e-07,4.5485710623654424e-06,1.8078515357602052e-06
3.257,9.13553364802933e-07,3.244333137129989e-07,8.483555135722344e-07,5.96854589044962e-07
3.29,8.853713164825033e-07,3.2325730146864205e-07,-8.540014642554476e-07,-3.563673467747978e-08
3.324,8.848894754015377e-07,3.315316029224638e-07,-1.4171796498987515e-08,2.4336180746534753e-07
3.358,8.584200246286654e-07,3.29376161111299e-07,-7.78513258025649e-07,-6.339534738719956e-08
3.382,1.2155088299361391e-06,4.7664466142335425e-07,1.4878700221144724e-05,6.136187513002296e-06
3.4210000000000003,7.703139388508632e-07,3.083187055176296e-07,-1.1415253617571134e-05,-4.316050151428822e-06
3.456,8.327378417601146e-07,3.3972098599983367e-07,1.7835400831214825e-06,8.972080137772675e-07
3.491,8.323963096289797e-07,3.45572119922732e-07,-9.758060889568579e-09,1.6717525493995218e-07
3.52,1.0346511503868504e-06,4.3669896921597006e-07,6.974304853719699e-06,3.1423051480427e-06
3.557,7.867981859793356e-07,3.3723159025904735e-07,-6.6987287677706846e-06,-2.688307539376295e-06
3.59,8.818612567509715e-07,3.833635556120344e-07,2.8806991142920046e-06,1.3979383440299138e-06
3.624,8.815668502888662e-07,3.8841786337505445e-07,-8.659013591333527e-09,1.4865611067705928e-07
3.657,8.812881020849365e-07,3.9320506893748015e-07,-8.446915270595528e-09,1.4506683522502155e-07
3.69,8.810281055560187e-07,3.976716730497435e-07,-7.87868269447966e-09,1.3535163976555692e-07
3.724,8.807781735741149e-07,4.0196654488226047e-07,-7.350940644228188e-09,1.263197597799095e-07
3.757,8.805415010397347e-07,4.060348945034077e-07,-7.171894981219032e-09,1.2328332185294604e-07
3.79,8.803207248095921e-07,4.098315248807064e-07,-6.690188792198545e-09,1.1504940537268902e-07
3.825,8.549618169930508e-07,4.0166656801472203e-07,-7.245402233297504e-07,-2.3328448188526694e-07
3.858,8.799060158224434e-07,4.1694204472032617e-07,7.558848130118998e-07,4.628932335031568e-07
3.89,9.072091662117668e-07,4.33306379383809e-07,8.532234496663547e-07,5.113854582338381e-07
3.923,9.061898573654622e-07,4.3611390043165664e-07,-3.088814685771606e-08,8.507639538932256e-08
3.958,8.291165245973453e-07,4.018790968909395e-07,-2.2020952219461883e-06,-9.781372440204861e-07
3.99,9.066814410162132e-07,4.423935755000924e-07,2.4239036380896217e-06,1.2660774565360279e-06
4.024,8.790525987519972e-07,4.316356943493957e-07,-8.12613007771064e-07,-3.1640826913814015e-07
4.057,8.78907045183962e-07,4.3414567270038166e-07,-4.410714182884704e-09,7.605995002987661e-08
4.088,9.354661272906234e-07,4.6465012507813847e-07,1.82448651956974e-06,9.840145928308745e-07
4.124,8.298271801836222e-07,4.143702916630322e-07,-2.9344151974167324e-06,-1.3966620393085232e-06
4.156,9.059703966533133e-07,4.5466131214523647e-07,2.3794755146778434e-06,1.259094390068882e-06
4.19,8.525658481417654e-07,4.2985526690457676e-07,-1.5707220150454956e-06,-7.295895659017412e-07
4.225,8.531959758381232e-07,4.3209524609514803e-07,1.8003648467366486e-08,6.399940544489483e-08
4.257,9.056278721708879e-07,4.60584909503928e-07,1.6384967603988962e-06,8.90301981524373e-07
4.29,8.780862205499507e-07,4.483319706260119e-07,-8.345955036647527e-07,-3.7130117811866474e-07
4.325,8.529060602026391e-07,4.371166236807512e-07,-7.19433152780331e-07,-3.204384841503054e-07
4.357,9.053361941295185e-07,4.656402325226728e-07,1.6384416852149803e-06,8.913627763100504e-07
4.391,8.519997488071039e-07,4.3966213483726435e-07,-1.5687189800710253e-06,-7.640616966296654e-07
4.425,8.777372244993386e-07,4.5438740942013e-07,7.569845791833786e-07,4.330963112607566e-07
4.458,8.776606925700192e-07,4.5571828537513817e-07,-2.319149373316517e-09,4.0329574394186774e-08
4.49,9.05013860176873e-07,4.7124309442898167e-07,8.547864877141799e-07,4.851502829326089e-07
4.525,8.524483358643661e-07,4.450722826238892e-07,-1.5018721232144765e-06,-7.477374801454966e-07
4.558,8.774550253031343e-07,4.593018937113075e-07,7.577784678414741e-07,4.312003359823798e-07
4.59,9.04812531442585e-07,4.7475429267025494e-07,8.549220668578334e-07,4.828874674671075e-07
4.624,8.773351833238744e-07,4.613961683044815e-07,-8.081572976091415e-07,-3.928860107580441e-07
4.657,8.772793673717678e-07,4.6237309535390596e-07,-1.6913924880777092e-09,2.9603849982558702e-08
4.69,8.77227179844248e-07,4.6328776444578365e-07,-1.5814402278737319e-09,2.771724520841442e-08
4.724,8.771768797055035e-07,4.6417044552027896e-07,-1.479415845425111e-09,2.5961208073391514e-08
4.758,8.513312042497052e-07,4.5133302746656684e-07,-7.601669251705423e-07,-3.7757111922682896e-07
4.79,9.044933267282326e-07,4.803522766005144e-07,1.6613163274539782e-06,9.068515354358592e-07
4.824,8.77041352491306e-07,4.6655562363851326e-07,-8.074110069684329e-07,-4.0578391064709375e-07
4.857,0.06800035652599333,3.886950694122162e-06,2.060590287413336,0.00010364833546920033
4.89,0.1353336066490204,5.976814509284319e-06,2.0404015188796403,6.332920652006636e-05
4.924,0.20200041861412982,4.597936449257479e-06,1.9607885872090607,-4.055523705961209e-05
4.957,0.2523391227700336,-0.22075838375788046,1.5254152774516547,-6.6897873240707035
4.99,0.2547550174109886,-0.2504906212272618,0.07320892851378663,-0.9009768930115457
5.025,0.18037369220845245,-0.21437219705886595,-2.125180720072453,1.0319549762398768
5.057,0.12135925343044592,-0.2275340337836952,-1.8442012118127027,-0.41130739765091323
5.091,0.04878986467213439,-0.21342372925258812,-2.1343937870091745,0.41500895679726896
5.125,-0.016327970542495043,-0.22077166876579632,-1.915230447489112,-0.2161158680355364
5.157,-0.08696316505454764,-0.22767168910555582,-2.2073498285016417,-0.21562563561748435
5.19,-0.15166108646183057,-0.22077317382844625,-1.9605430729479463,0.20904591748816678
5.224,-0.21832787434445583,-0.2207708973577353,-1.9607878789007538,6.695502090994009e-05
5.257,-0.15026770044005633,-0.22002515628223693,2.062429512254563,0.022598214409042163
5.29,-0.08299260421384334,-0.22074521586936438,2.0386392795821893,-0.021819987488710453
5.324,-0.14965794142952124,-0.22073470619820842,-1.9607452122258315,0.0003091079751751789
5.358,-0.21125939411510344,-0.21426991221024635,-1.8118074319288986,0.1901409996459443
5.391,-0.2738670219029431,-0.3597822261682543,-1.8972008420557263,-4.4094640593335255
5.425,-0.25160383359927185,-0.9148378751566694,0.6547996559903344,-16.325166146718182
5.457,-0.24275521882313475,-1.150224955685147,0.27651921175428423,-7.355846266514917
5.491,-0.22848946180259636,-1.0827398594881201,0.4195810888393669,1.9848557705007996
5.524,-0.24256111945784212,-1.1495314124151264,-0.426413868340776,-2.0239864523335
5.557,-0.24536706878316836,-0.9918697620245335,-0.08502876743412756,4.777625769411853
5.591,-0.23803046689330262,-0.9640844355923255,0.21578240852546401,0.8172154833002396
5.624,-0.26762981109133094,-0.34864767827984816,-0.8969498241826905,18.649598706439
5.656,-0.26114683702246283,-0.4319766868376281,0.2025929396521282,-2.60403151743062
5.69,-0.2457301494051965,-0.4070798140573097,0.4534319887431182,0.7322609641269962
5.724,-0.25815138103707946,-0.2741782079076424,-0.365330342114207,3.9088707691078834
5.758,-0.2505371816057435,-0.2665419256524593,0.22394704209811758,0.224596536917151
5.789,-0.27467880361107,-0.2906042274344009,-0.77876200017183,-0.7762032832884456
5.824,-0.21793594802830646,-0.39121765750191967,1.6212244452218088,-2.8746694305005245
5.857,-0.2225041481938057,-0.33689103268021625,-0.13843030804543022,1.646261358233419
5.89,-0.22251727593910298,-0.33663817027089743,-0.000397810463553643,0.00766249725208562
5.925,-0.27914389228339964,-0.34623882635087855,-1.6179033241227554,-0.27430445942803083
5.957,-0.2972391425308324,-0.26197633654508656,-0.5654765702322728,2.6332028064309974
5.99,-0.2882596877669105,-0.2536088257421881,0.2721046898158112,0.253560933421162
6.025,-0.25598766917295757,-0.3398990633160078,0.9220576741129378,-2.46543535925198
6.058,-0.26446762284821745,-0.24694047697190033,-0.25696829318969766,2.816926858912392
6.09,-0.2727839898384533,-0.254428103844978,-0.2598864684448703,-0.23398833978367675
6.124,-0.22441704844169091,-0.17382742778214658,1.4225570999047845,2.370608119495055
6.158,-0.2188996365003776,-0.0673303118706909,0.16227682180332917,3.13226811504275
6.19,-0.23263304350364775,-0.0712389124783033,-0.4291689688521914,-0.12214376898788748
6.225,-0.2352311841204847,-0.7627439966929577,-0.07423258905248563,-19.75728812041912
6.258,-0.2514343520123971,-0.7797493055052366,-0.49100508763370443,-0.5153123882508703
6.29,-0.2593671849088507,-0.8041879371535586,-0.24790102801417413,-0.7637072390100634
6.324,-0.22044647422112154,-1.158691567731629,1.1447267849332168,-10.426577369943304
6.357,-0.22042669826135544,-1.158445416782526,0.0005992715080636171,0.007459119669786688
6.39,-0.22039886687994678,-1.158100001523828,0.0008433751942018496,0.010467129051452046
6.424,-0.2897776271292749,-0.548003934632484,-2.0405517720390205,17.944001967392108
6.458,-0.2808088738824091,-0.6350973139075756,0.2637868602019368,-2.5615699786791803
6.49,-0.29835985226706463,-0.6747873295876767,-0.5484680745204846,-1.2403129900031586
6.524,-0.25004653030457014,-0.4747927726138279,1.4209800577204343,5.882192852172057
6.557,-0.24954594894417328,-0.5806166430494634,0.015169132133237749,-3.2067839525949786
6.59,-0.24934856536383207,-0.5825173494271678,0.005981320616400549,-0.05759716296074192
6.624,-0.25159658919745825,-0.6565953185182325,-0.0661183480478293,-2.1787637967960323
6.657,-0.25159397854974225,-0.6567385975425871,7.911053684866407e-05,-0.004341788616806788
6.691,-0.24422915933204523,-0.6374341870141634,0.21661232993226656,0.5677767802477587
6.725,-0.22061014233878787,-0.3136283601311931,0.6946769703899263,9.523700790675651
6.757,-0.22746046086312213,-0.32336754176297944,-0.21407245388544557,-0.3043494259933226
6.791,-0.21411463565834485,-0.3042467402441214,0.39252427072873564,0.5623765152605189
6.825,-0.22063862146700777,-0.31336115992032215,-0.19188193554891061,-0.2680711669470823
6.857,-0.25765996413102954,-0.8491958432371108,-1.156916958250679,-16.74483385364963
6.8870000000000005,-0.2748930069457413,-0.9056820875779107,-0.5744347604903877,-1.8828748113599794
6.923,-0.23606060458568218,-0.7776010639526836,1.0786778433349884,3.5578062118119047
6.955,-0.30213293847145917,-0.4128187560522158,-2.064760433930529,11.399447121889608
6.991,-0.26860710654219544,-0.3671539077106846,0.9312731091462253,1.2684680094869916
7.023,-0.27258553791545065,-0.9284686941416417,-0.12432598041422517,-17.541087075967393
7.056,-0.2565700471990489,-0.8726985048238227,0.485317900497017,1.6900057369035864
7.09,-0.24900145086000322,-0.8464924426982685,0.2226057746778157,0.7707665331045399
7.125,-0.24922015145810777,-0.8468943884497382,-0.006248588517272952,-0.011484164327705066
7.158,-0.21532748696824497,-0.5231274300740272,1.0270504390867403,9.811119950779014
7.19,-0.22847088662566264,-0.9487221872272723,-0.410731239294302,-13.299836161038899
7.225,-0.2141361126893301,-0.7725667738909778,0.4095649696095097,5.033011809608521
7.257,-0.22731792471986134,-0.8193889766412804,-0.4119316259541006,-1.4631938359469543
7.291,-0.21396800140136846,-0.7712901327937507,0.3926448034850768,1.4146718778684921
7.325,-0.24880272838274328,-0.9410579567180939,-1.0245507935698537,-4.993171291892475
7.357,-0.25659280106013793,-0.9690668477073427,-0.24343977116858256,-0.875277843414026
7.391,-0.24149995309706543,-0.9125268797588968,0.4439072930315467,1.6629402337778316
7.424,-0.2636268509524029,-0.8140739845050059,-0.6705120562223403,2.983421068299691
7.457,-0.25591784056742617,-0.7900660029268273,0.23360637530232897,0.7275145932781518
7.49,-0.255927594083542,-0.7903960086640541,-0.00029556109441872356,-0.0100001738553592
7.524,-0.18741392204024607,-0.9377041721509635,2.0151080012734206,-4.332593043732652
7.558,-0.21523134607663186,-0.7825249336082875,-0.8181595304819397,4.564095251255202
7.59,-0.22873939088853945,-0.8321205702107718,-0.4221264003721119,-1.5498636438276343
7.624,-0.25160475314975744,-0.9090294652955313,-0.6725106547417095,-2.2620263260223514
7.658,-0.2442880566094004,-0.8844921535009541,0.21519695706932054,0.7216856410169613
7.69,-0.25943906068154676,-0.9413061344920668,-0.4734688772545736,-1.7754369059722697
7.725,-0.21370894117290246,-0.646758844664595,1.3065748431041508,8.415636852213659
7.757,-0.2268237114631989,-0.6876340526702441,-0.40983657157176373,-1.2773502501765346
7.79,-0.21992993899433638,-0.666772799348096,0.20890219602613483,0.6321591915802405
7.825,-0.17962607190063962,-0.8829633177611014,1.151539059819903,-6.176871954657273
7.8580000000000005,-0.11691952308880588,-0.9088030924171776,1.9001984488434258,-0.7830234744265439
7.89,-0.051135595169683176,-0.9372041816077651,2.0557477474726396,-0.8875340372058826
7.924,0.017080722950801604,-0.90880559263374,2.0063622976612763,0.8352526168830753
7.958,-0.04933550099476969,-0.8831589066829046,-1.953418351340343,0.7543142926716307
7.99,-0.12194835647912224,-0.9372097872435258,-2.269151733886015,-1.6890900175194088
8.024,-0.18491959160351626,-0.9088084083629686,-1.85209515071753,0.83533467295759
8.058,-0.24548069360623195,-0.8820761957941605,-1.781208882432778,0.7862415461413983
8.09,-0.31120284306606705,-1.0595045774282152,-2.053817170619845,-5.544636926064205
8.125,-0.2487440105068877,-0.7430762195553966,1.7845380731194023,9.040810224937639
8.157,-0.24325288977122897,-0.5302386844957966,0.17159752298933562,6.651172970612494
8.19,-0.2358608038925818,-0.5138776001589822,0.22400260238325131,0.4957904344489285
8.225,-0.22915937196615563,-0.49916609598510975,0.1914694836121754,0.4203286906820685
8.258,-0.22176060179815948,-0.6507900945701743,0.2242051566059473,-4.59466662378991
8.291,-0.2217599319795594,-0.6509258846926856,2.029753333591752e-05,-0.004114852197312068
8.325,-0.18946963353106594,-0.7650169300157548,0.9497146602498377,-3.3556189800903753
8.358,-0.12145091993031694,-0.7647443160789956,2.0611731394165584,0.008261028386640517
8.391,-0.057587935815916175,-0.7213647782324699,1.93524194286066,1.3145314498947394
8.425,-0.12425090835554241,-0.7215217310439839,-1.9606756629301432,-0.0046162591621750565
8.458,-0.1922490817545621,-0.7214465625266956,-2.0605507090612356,0.0022778338572207063
8.491,-0.24068702678575202,-0.7161210956725731,-1.4678165160966876,0.16137778345826
8.525,-0.238795834567643,-0.811481357618685,0.055623300532617,-2.804713586650293
8.558,-0.23886629114582394,-0.8117381460212144,-0.002135047823665006,-0.0077814667433154724
8.591,-0.23885981753721125,-0.8113124893377806,0.0001961699579604534,0.012898687376783888
8.624,-0.24607908853796578,-0.8353351044791196,-0.21876578790164428,-0.727958034586005
8.657,-0.25362028679059684,-0.7283539631856799,-0.22852115917064164,3.2418527664679218
8.691,-0.2462091743282473,-0.7063746131823184,0.21797389595145275,0.6464514706870893
8.725,-0.17402065269541409,-0.7161181266476102,2.123191812730456,-0.2865739254497675
8.757,-0.109333636585236,-0.7384965601925233,2.0214692534430636,-0.6993260482785334
8.79,-0.03868704625310455,-0.7161191691404393,2.140805767640381,0.6781027591540723
8.824,0.02797969250316335,-0.7161171997174773,1.9607864340078391,5.79242047627579e-05
8.857,0.0959798045314135,-0.7161168902880436,2.060609455401553,9.376649507347379e-06
8.891,0.1585101478361725,-0.6950566668091877,1.8391277442575804,0.6194183376133975
8.924,0.23694959701361484,-0.7378228879846633,2.376953005377078,-1.2959460962265565
8.957,0.2979802194956414,-0.7161178639252426,1.8494128024855834,0.6577280018006043
8.99,0.3507603114886549,-0.5342025469248309,1.59939672706104,5.512585363648926
9.024,0.35934983361539935,-0.4268301614397839,0.2526330037277864,3.158011337795601
9.058,0.406443238727653,-0.5184853629528734,1.3851001503603724,-2.6957412209731646
9.087,0.5006877595320085,-0.5998334654995436,3.2498110622191656,-2.8051069843679475
9.124,0.3605655790785987,-0.7031836225805166,-3.7870859582001817,-2.7932474886748833
9.157,0.35249765418949713,-1.2637481823201326,-0.24448257239702129,-16.986804840594697
9.19,0.3525157005669562,-1.2639711212831564,0.00054685992300176,-0.006755726152234113
9.224,0.32571457984425534,-0.7652349110368404,-0.788268256550009,14.668712066067817
9.258,0.2501349562018452,-0.7427286355297349,-2.2229301071297796,0.6619492796207707
9.276,0.34900592726075913,-1.4032692660479207,5.492831725495009,-36.69670169545338
9.324,0.08763073122465646,-0.5420499702114253,-5.445316584085467,17.942068663260304
9.358,0.18607202302826875,-0.7427886965048119,2.8953321118708906,-5.9040801850994855
9.39,0.24217461866303766,-0.9491282471205913,1.753206113586527,-6.448110956743099
9.425,0.2279181173505275,-0.8928452364252053,-0.4073286089288601,1.6080860198681648
9.456,0.27265885119967054,-1.5924763524347558,1.4432494790046697,-22.568745677728305
9.49,0.24835400331642626,-1.450394262404653,-0.7148484671542287,4.178885000885289
9.524000000000001,0.25585257160920777,-1.493647419167051,0.22054612625827502,-1.2721516694822663
9.554,0.2610525653564456,-0.9692301782859054,0.17333312490793173,17.48057469603856
9.586,0.23013534261985016,-0.7272053957921486,-0.9661632105186068,7.563274452929893
9.624,0.19968314178207416,-0.6311665033555904,-0.8013737062572578,2.5273392746462506
9.657,0.2879269691231247,-0.6643764923931367,2.6740553739712714,-1.006363304168084
9.687,0.3231310633906762,-0.2645790294546825,1.1734698089184084,13.326582097948757
9.724,0.2700475745451689,-0.2209579122393621,-1.4346888877163817,1.1789491139275523
9.758,0.25808999003402566,-0.18544331689844493,-0.35169366209246,1.0445469217917145
9.79,0.27459393224098244,-0.19811692750605261,0.5157481939673989,-0.3960503314877399
9.822,0.2829151724251677,-0.20443420050890465,0.26003875575578994,-0.19741478133912596
9.857,0.21476516642147223,0.3923988849031982,-1.9471430286770064,17.052373868917158
9.89,0.22779084947000988,0.41629912029293537,0.39471766813748976,0.7242495572647355
9.924,0.22780578407655186,0.41525928088498354,0.00043925313358758855,-0.030583511998584084
9.957,0.3241889565273965,-0.07098776116639402,2.9207021954800294,-14.734758850041187
9.99,0.3046806224363734,0.5268141288707091,-0.5911616391219213,18.115208789003415
10.023,0.26511145620345355,0.7913375645889469,-1.1990656434218323,8.015861688431576
10.049,0.3201670015771377,1.0551568570618761,2.117520975910944,10.14689586434351
10.09,0.2029297602206071,0.6699268554921574,-2.859444911134866,-9.395853696822325
10.124,0.2520440956038471,0.83164215628777,1.4445392759776177,4.756332376341453
10.157,0.32531385721202877,0.7680638044974887,2.2202958063085707,-1.9266167209176481
10.191,0.38109825029528044,0.7454750517673027,1.6407174436250156,-0.664375080299575
10.225,0.43766764132863334,1.0386271128291455,1.6638056186280794,8.622119442995652
10.252,0.5377752575818759,1.9238519336350783,3.7076894908606968,32.786104474292564
10.29,0.38201626609984823,1.3680437550218216,-4.0989208284745775,-14.62653101613892
10.322,0.46748779129543694,1.6737659643754836,2.6709851623621446,9.55381904230193
10.357,0.3519044648153585,1.4984892050849923,-3.302380756573657,-5.007907408299733
10.391,0.343038965624079,1.7845839007964777,-0.26074997621409735,8.414549873867045
10.425,0.35344609617845574,1.8385281186446967,0.3060920751287218,1.5865946425946442
10.457,0.4435641539829829,1.7242898913505684,2.8161893063914705,-3.5699446029415047
10.491,0.3983352223029286,1.863907761900817,-1.3302626964722264,4.106407957360385
10.525,0.41042667359486573,1.9201322463450101,0.3556309203510844,1.6536613071821142
10.558,0.45966983721331967,1.5608655807690635,1.4922170793471126,-10.88686865381674
10.59,0.453863444172105,1.8643376878446065,-0.18144978253795807,9.483503346110712
10.625,0.4276220531968276,1.7559922091567821,-0.7497540278650653,-3.095585105366399
10.657,0.45396860639677,1.8098408334127711,0.823329787498199,1.6827695079996554
10.691,0.42728674232044,1.7039702380085158,-0.7847607081273368,-3.1138410413015647
10.724,0.45353349977626267,1.8094336092082368,0.7953562865400935,3.195859733324931
10.758,0.41969345988761303,1.5173232570420736,-0.9952952908426681,-8.591480946063896
10.79,0.42575154366966245,1.8132756489656154,0.18931511818904412,9.248512247610675
10.825,0.4009645170872517,1.707570184085356,-0.7082007594974463,-3.0201561394359686
10.857,0.42546598186434614,1.8136675676407543,0.7656707742841998,3.3155432361061914
10.891,0.4004385503872108,1.7075236356496213,-0.7361009257980826,-3.1218803526803196
10.924,0.42511067322989116,1.8129536613652533,0.7476400861418402,3.1948492641101107
10.958,0.4270346613928409,1.5702553729183382,0.056587887145579795,-7.138184954320886
10.991,0.4398905068436782,1.6194588791896871,0.38957107426780285,1.4910153415560525
11.024,0.453282320100534,1.6687521014973494,0.4058125229350304,1.4937340093231242
11.058,0.4006050727626424,1.4018937317138798,-1.549330804055603,-7.848775581866594
11.091,0.4128124959558552,1.4451711620039007,0.36992191494584753,1.3114372815158075
11.122,0.45276071476320134,1.5843014721997992,1.2886522195917878,4.4880745224482546
11.158,0.40334015360202785,1.129927957605821,-1.3727933655881683,-12.62148651649954
11.191,0.44005219462152917,1.2320962581573949,1.1124860914999979,3.096009107623334
11.224,0.45333396763265943,1.2001891882622793,0.4024779700342567,-0.9668809059126094
11.257,0.44002186253521186,1.164030447534111,-0.4033971241650843,-1.0957194160051165
11.291,0.4271435598245293,1.1298982544292053,-0.3787736091377151,-1.003888032497205
11.323,0.4676238836288945,1.2374067011267766,1.2650101188864122,3.3596389592991005
11.358,0.38959877654694247,0.9880215898663235,-2.2292887737700493,-7.125288893155775
11.39,0.4261341667025625,1.0808429923118126,1.1417309423631246,2.9006688264215312
11.424,0.4132036508402578,1.049000522865278,-0.38030929006779746,-0.9365432190157557
11.458,0.427115460009755,0.8803221866237192,0.4091708579263796,-4.961127536516331
11.491,0.44008218273994454,0.907279089900332,0.3929309918239324,0.8168758568670682
11.525,0.4400368324745657,0.9067165971876585,-0.001333831334671431,-0.016543903313926172
11.557,0.45362318695357795,0.9216178404885604,0.42457357746913216,0.4656638531531847
11.591,0.42691380413880026,0.8672146406206978,-0.7855700827876042,-1.600094113760718
11.624,0.45310502859269564,0.9188690969516756,0.7936734682998299,1.5652865554841187
11.658,0.40083753965471414,0.7806634830434311,-1.5372790864112693,-4.064870997301438
11.69,0.4258246843795772,0.8289434905699639,0.7808482726519704,1.5087502352041462
11.724,0.41298703863192787,0.8037683219380601,-0.37757781610732577,-0.7404461362324473
11.757,0.43998558574492813,0.6448056858085242,0.8181377913030512,-4.817049579682985
11.791,0.427150125105153,0.6254802016542901,-0.37751354822867295,-0.5683965927715787
11.824,0.4534830584781334,0.5107691486571335,0.7979676779691166,-3.476092515065406
11.857,0.44024276400136125,0.495503474595257,-0.401221044750678,-0.46259618369323496
11.889,0.45402906591648523,0.5113120182713028,0.43082193484762393,0.4940169898764303
11.924,0.4276364705470581,0.4820707074696262,-0.7540741534122003,-0.8354660229050417
11.957,0.40570331486546846,1.5128479016755276,-0.6646410812602674,31.235672551692797
11.991,0.39377209691342235,0.6514413047374694,-0.35091817506019063,-25.33548814523781
12.024,0.4533087472930931,0.42200374599875146,1.8041409205961125,-6.952653295112777
12.058,0.42694785838426685,0.3964132243807141,-0.7753202620242859,-0.7526624005304956
12.091,0.43975008742045574,0.41029641962162067,0.38794633442997234,0.4207028860880851
12.124,0.45315546269402834,0.22571277644142496,0.40622349313854844,-5.593443732732991
12.157,0.43983357508650023,0.21921406017363715,-0.4036935638644948,-0.19693079599357305
12.191,0.4269638888178006,0.21253855119728024,-0.37852018437351015,-0.19633849930461095
12.224,0.4533060026261967,0.22537054591812794,0.7982458729817119,0.3888483248741789
12.256,0.39116049723808116,0.64245165326177,-1.9420470433786086,13.033784604488803
12.291,0.38998081049737515,0.16035055337436843,-0.033705335448743,-13.774317139639988
12.325,0.4137582234447154,0.16964923911649818,0.6993356749217946,0.27349075712147186
12.358,0.4055629150167579,0.6879866553499665,-0.24834267963506682,15.707194431316626
12.39,0.45378272876548087,0.24290033461097002,1.5068691796475915,-13.908947523093627
12.424,0.44001822344367997,0.11265829736439009,-0.40483839181768644,-3.8306481543112962
12.458,0.42713303044394973,0.10820036144928181,-0.37897626469794027,-0.1311157622090643
12.491,0.44001859874933025,0.11226926305004838,0.39047176682971874,0.12330004850807957
12.525,0.4398486327146936,0.11160000597357517,-0.004999001018724847,-0.019684031660976337
12.556000000000001,0.46825644005969885,-0.051880713367284545,0.9163808820969265,-5.273571591640537
12.591,0.41467678030620775,-0.045243309239443676,-1.5308474215283887,0.18964011793831942
12.624,0.4531357724556357,-0.04883697988797656,1.1654240045280753,-0.10889911056159852
12.658,0.3682104812714145,0.6486819598268354,-2.4978026818889383,20.515262932789238
12.69,0.41322836242304944,0.09781886324301332,1.4068087859885914,-17.214471768244422
12.724,0.4136981557642518,-0.06683465373783433,0.013817451211833255,-4.842750499436597
12.757,0.44002665385036893,-0.23551412470539757,0.797833275336896,-5.111499120229271
12.79,0.4401372171878232,-0.23553219641823483,0.003350404165281711,-0.0005476276617354581
12.824,0.44020754199620904,-0.23584718688983944,0.0020683767172297585,-0.00926442563542933
12.857,0.4402206668639844,-0.3179548465185806,0.00039772326592069047,-2.4881108978406803
12.891,0.4272663340386151,-0.30939653497573555,-0.3810097889814434,0.2517150453777899
12.924,0.38579066731331485,0.11397587562345285,-1.2568383856151786,12.829466987854397
12.958,0.40174165084623936,-0.2943073308626099,0.46914657449777014,-12.008329602531012
12.991,0.41377259737903443,-0.3033171473911182,0.36457413735743227,-0.27302474328813453
13.025,0.43996616314909925,-0.4497538199205195,0.7703989932371847,-4.306960956747009
13.057,0.4536512709052005,-0.4646019502154794,0.4276596173781642,-0.46400407171749664
13.09,0.43979056143919937,-0.44867988351301064,-0.4200214989697386,0.48248686977178834
13.125,0.42725646197035894,-0.4356518894315125,-0.3581171276811537,0.37222840232851645
13.157,0.4536411973102122,-0.4489917632643957,0.8245229793704133,-0.41687105727759993
13.191,0.42702502202396514,-0.4228764109589773,-0.782828684889603,0.7680985972181723
13.222,0.4826263236748667,-0.47823868311691375,1.7935903758356029,-1.7858797470302763
13.257,0.41497127706882303,-0.40806217496387176,-1.9330013316012395,2.005043090086906
13.29,0.4401994194018321,-0.4330651975244473,0.7644891616063477,-0.7576673503204823
13.324,0.440267912030455,-0.43327577790446037,0.002014489077144284,-0.006193540588620235
13.356,0.33202540193853936,0.09744747111560112,-3.3825784403723613,16.58510153187691
13.387,0.39050749903747334,-0.19822966248735868,1.8865192612558994,-9.5379720517082
13.424,0.35639172117679535,-0.4127132303516873,-0.9220480502886184,-5.796853185522546
13.457,0.3406785251523323,-0.12147910208013075,-0.47615745528674036,8.825276614289258
13.49,0.3617149599467102,-0.3840862417836827,0.6374677210417644,-7.957792112228975
13.524000000000001,0.40700055766834436,-0.12501886759987396,1.3319293447539184,7.619628652464807
13.558,0.42705729373578316,-0.5212561678145795,0.5899040019835128,-11.654038241609356
13.59,0.45373086648828226,-0.5536123358942903,0.833549148515596,-1.0111302524909602
13.625,0.4273113581253695,-0.586926201854663,-0.754843096083218,-0.9518247417249327
13.657,0.45364329281739246,-0.6239620657948907,0.8228729591257161,-1.157370748132112
13.69,0.439970813396755,-0.605277809517367,-0.41431755820114247,0.5661895841673933
13.724,0.440047892580712,-0.6055267043090686,0.0022670348222645475,-0.007320435050048326
13.756,0.45388156309069416,-0.6082910055737845,0.432302203436943,-0.08638441452236958
13.791,0.41504305574148065,-0.5562586502038732,-1.1096716385489531,1.486638724854601
13.824,0.45355400103008864,-0.6074311172850608,1.1669983420790486,-1.5506808206420735
13.858,0.4272268235742236,-0.571286520204408,-0.7743287487018973,1.0630763847250628
13.89,0.45385868155667985,-0.6059631713370492,0.8322455619517575,-1.0836453478950394
13.924,0.35491766408173503,-0.0450910125997492,-2.9100299257337636,16.49623996286229
13.957,0.38801060560007583,-0.5060307606567424,1.002816409646653,-13.967871153241688
13.99,0.3878616414838935,-0.5049883259070046,-0.004514064126736896,0.031588931810235435
14.024,0.38780888576144457,-0.5052467163076128,-0.0015516388955573858,-0.0075997176649459765
14.058,0.39505284985372074,0.0012075444430577342,0.21305776741988322,14.895713551490003
14.091,0.4399980911741429,-0.4598327717522628,1.361977009709784,-13.970918672585691
14.125,0.43998028145234813,-0.5260984465497737,-0.0005238153469049999,-1.9489904352208685
14.157,0.4537052899280965,-0.5436848275861323,0.4289065148671361,-0.5495744073862082
14.19,0.44000674314031935,-0.5278994096684282,-0.4151074784174962,0.4783459975061943
14.224,0.4400788082096835,-0.5725888777618411,0.0021195608636510035,-1.31439612039447
14.258,0.4271973935846373,-0.5558966732881666,-0.3788651360307815,0.4909471904022061
14.291,0.44013308757917824,-0.5721059920759558,0.3919907271072858,-0.4911914784178358
14.324,0.45342005709661864,-0.5884060725095712,0.40263543992244294,-0.4939418313216871
14.357,0.3810173848794588,0.02691073769853823,-2.194020370217,18.645963945700583
14.39,0.41400782359882127,-0.5437508716638966,0.9997102642230672,-17.292776041285247
14.424,0.4070110696306211,0.03187042673101806,-0.2057868814176581,16.93003818808626
14.458,0.4271093814917809,-0.5214500563582921,0.5911268194458641,-16.274131855567614
14.49,0.45375486321322445,-0.554216866039479,0.83267130379511,-1.0239628025370877
14.524000000000001,0.43994998903074795,-0.5368410710702344,-0.40602571124930054,0.5110527932130652
14.557,0.43998296569218803,-0.2880152613797417,0.0009992927709117513,7.540176051227171
14.591,0.4270625695288046,-0.2797698583648407,-0.38001165186423025,0.24251185337944917
14.623,0.4674599845592518,-0.3078495821562052,1.2624192197014736,-0.8774913684801408
14.656,0.3803678505829103,0.06186556199492031,-2.639155575040552,11.20348921670035
14.69,0.40120243717408705,-0.25340131651145403,0.6127819585640419,-9.272555250187775
14.725,0.40166714986428953,-0.25448759324378806,0.013277505434356646,-0.03103647806668627
14.757,0.45371850777094913,-0.4521986404627375,1.626604934583111,-6.178470225592164
14.79,0.4399876926951691,-0.4382752080981226,-0.416085305326675,0.4219221928671251
14.824,0.35280627112798085,0.057817271213884684,-2.5641594578584246,14.590955273882269
14.857,0.412353365727863,-0.4413498654524854,1.8044574121176702,-15.126276868678122
14.891,0.400168329437291,-0.42705516700158136,-0.3583834203109336,0.4204323073795217
14.924,0.4533697468519728,-0.5946339105828187,1.6121641640812912,-5.07814374488606
14.955,0.46836793347399486,-0.6125433546537917,0.4838124716781222,-0.5777240022894427
14.99,0.41487153177411445,-0.543021179137613,-1.5284686199965767,1.9863478718908112
15.024,0.44003065158033494,-0.5768457475178572,0.7399741119476849,-0.9948402464778012
15.054,0.4840356894132751,-0.615199124947966,1.466834594431284,-1.2784459143369116
15.089,0.41490566652075306,-0.5280424796482796,-1.9751435112149083,2.4901898657053176
15.125,0.41557840506489185,-0.5301987486072826,0.018687181781633425,-0.05989635997230638
15.158,0.3526968225969028,0.48784194903506944,-1.905502499030001,30.84971811037479
15.19,0.41799386623763357,0.3135611816448639,2.040532613772834,-5.446273980943918
15.225,0.42736034697052466,-0.154804468287284,0.26761373522545867,-13.381875712347028
15.258,0.43995153757628097,-0.159086861846938,0.38155123047746997,-0.12976950180769858
15.29,0.4537282870161697,-0.16369030253085545,0.43052341999652194,-0.14385752137242064
15.324,0.439996795347176,-0.29377038217904683,-0.40386740202921756,-3.8258846955349624
15.358,0.42706496675054106,-0.28501157232410296,-0.3803478999010199,0.2576120545571674
15.391,0.4399161451994117,-0.2921345488460727,0.3894296499657828,-0.2158477733930261
15.425,0.4399599135365747,-0.4002137255437439,0.001287304034206424,-3.178799314637323
15.457,0.45378223176659166,-0.4129098547030387,0.4319474446880293,-0.3967540362279621
15.489,0.45382886886290247,-0.4135576332218224,0.0014574092597127706,-0.020243078711989684
15.524000000000001,0.4275238140910406,-0.3904014469025958,-0.751572993481764,0.6616053234064704
15.557,0.4400897295980037,-0.5812158048717468,0.38078531839282626,-5.7822532717925474
15.59,0.4400958866787192,-0.582437992129679,0.0001865782034998962,-0.0370359775130947
15.625,0.42749287569141575,-0.5666847362882701,-0.36008602820866803,0.45009302404025114
15.657,0.4537722022023292,-0.43460664006324495,0.8212289534660452,4.127440507032032
15.69,0.43995239652210566,-0.4212375339529629,-0.4187819903098116,0.40512442758431194
15.725,0.4273501161870975,-0.4081818801778282,-0.36006515242880294,0.37301867928956073
15.758,0.43982095117899067,-0.40172115478616743,0.3779040906634353,0.19577955732305644
15.79,0.45352899872183544,-0.4133449983239498,0.4283764857138987,-0.36324511055569786
15.824,0.43982795508303607,-0.4008552276482672,-0.402971871729385,0.36734619634359766
15.857,0.43990010157477494,-0.3840076977440327,0.0021862573254202472,0.5105312092192352
15.89,0.43997322751482426,-0.3842174090424276,0.0022159375772521396,-0.006354887830148886
15.924,0.44005253273366335,-0.38447246039834976,0.0023325064364438236,-0.007501510468298216
15.957,0.440133218182827,-0.3839295346147541,0.0024450136110203764,0.016452296472595142
15.99,0.44019079754645307,-0.38440043563735043,0.0017448292007893607,-0.014269727957464992
16.024,0.44021057574195743,-0.3852194623743584,0.0005817116324811873,-0.02408902167670407
16.057,0.3790538820830259,0.3228546583194939,-1.8532331411798735,21.45679153617884
16.09,0.40263112947935553,-0.22789582188259797,0.7144620423129929,-16.689408490971847
16.124,0.41384780715284697,-0.3679488553482559,0.3299022845144645,-4.119206866637128
16.157,0.42871841186477666,-0.22664031044995733,0.45062438520997355,4.282077118130097
16.19,0.4399055591287937,-0.3708497366185919,0.339004462545958,-4.369982611170578
16.224,0.43992288183453676,-0.3706503865210105,0.0005094913453841745,0.005863238164158258
16.258,0.4269212995409305,-0.35864405016696055,-0.38239947922372575,0.3531275398250101
16.291,0.43981061899720086,-0.3684031444197571,0.39058543806878415,-0.2957301288726109
16.324,0.4532105899711573,-0.3799091695036639,0.4060597264835135,-0.34866742678504137
16.358,0.4270169093977026,-0.33571593995030785,-0.7704023698075164,1.2998008692163951
16.389,0.46841931720014046,-0.3684520782858484,1.3355615420141762,-1.056004462436833
16.424,0.4275360732392661,-0.33652193944010955,-1.1680926845964048,0.912289681306821
16.458,0.42724651356219945,-0.32007313457508463,-0.008516461090196603,0.48378837838310135
16.49,0.45401375289780016,-0.34038338544885827,0.8364762292375215,-0.6346953398054257
16.524,0.440255864919689,-0.33051526710357126,-0.40464376406206387,0.2902387748613613
16.558,0.4272205378104005,-0.33686810380457627,-0.38339197380261536,-0.18684813826485902
16.59,0.4537965331070682,-0.3576176392187016,0.8304998530208652,-0.648422981691416
16.625,0.4273597505241249,-0.3057439940762803,-0.7553366452269483,1.4821041469263174
16.657,0.4535274278098736,-0.32387692972933285,0.8177399151796463,-0.5666542391578924
16.691,0.42678223436586,-0.3042159657041229,-0.7866233365886603,0.5782636478003109
16.723,0.4672392653335187,-0.3220128387556612,1.2642822177393345,-0.5561522828605721
16.757,0.42688508999727204,-0.29433840161049063,-1.1868875098895222,0.8139540336814288
16.791,0.4269538341414206,-0.29457751717767194,0.002021886592604062,-0.007032810799450632
16.824,0.4532968398813507,-0.3129829724422765,0.7982729012099742,-0.5577410686243599
16.857,0.4025723931431525,-0.20979075871700245,-1.537104446612174,3.1270367795539777
16.89,0.4138959545043036,-0.2873568388900407,0.34313822306517155,-2.3504872779707675
16.924,0.41400284268296117,-0.2876739321224303,0.003143769960516582,-0.009326271540870828
16.957,0.42867210625246144,-0.2102607499429175,0.4445231384696883,2.3458540054396937
16.99,0.4401511360270854,-0.2872939564257693,0.3478493871098409,-2.3343395903896123
17.025,0.42761694893212304,-0.2637158288938797,-0.358119631284637,0.6736607866254157
17.058,0.44008069347986845,-0.27090782613060727,0.37768922871954336,-0.21793931020385804
17.091,0.4399886656898364,-0.27100013585029753,-0.00278872091006154,-0.0027972642330382114
17.125,0.43979441852667,-0.2702100470508726,-0.005713151857835639,0.02323790586544007
17.158,0.4397360920760509,-0.2525235578835787,-0.0017674682005785701,0.5359542171907031
17.19,0.4534890732339543,-0.26086919179490997,0.42978066118448116,-0.2608010597291014
17.224,0.4398084595610632,-0.2532431273711809,-0.40237099037916396,0.22429601246262756
17.258,0.42694312134866697,-0.22961180952168264,-0.3783923003646066,0.6950387602793819
17.29,0.45369985256561957,-0.24415018725369145,0.836147850529768,-0.4543243041252748
17.324,0.4400266465873628,-0.23702356934123886,-0.40215311700752293,0.20960640918976675
17.357,0.4401043818144311,-0.221194403798035,0.002355612941464764,0.4796716831274228
17.39,0.440177148390892,-0.22135982954027128,0.0022050477715417622,-0.005012901279886757
17.425,0.4276567355051024,-0.2150406916470226,-0.3577260824511297,0.1805467969499613
17.457,0.4539862724517561,-0.21181401617285917,0.822798029582927,0.10083360856760751
17.49,0.4401697873694014,-0.20430037116662453,-0.41868136613199053,0.2276862123101564
17.525,0.42751384470168485,-0.21328703902841403,-0.36159836193475636,-0.25676193890827054
17.557,0.45374926817711764,-0.22668313311375846,0.8198569836072738,-0.4186279401670129
17.59,0.4398333977004374,-0.2188270687582789,-0.42169304474787034,0.23806255622664427
17.625,0.39092800407037087,-0.1864324097624799,-1.3972969608590378,0.9255616855942531
17.658,0.41360106185635315,-0.20136670698995066,0.687062357150952,-0.45255446143849043
17.69,0.42649358856250574,-0.2081630743561656,0.4028914595672683,-0.21238648019421683
17.724,0.4287624300486928,-0.19310344258297873,0.06673063194668025,0.442930346270216
17.757,0.43995335436345084,-0.20321078394704215,0.3391189186290188,-0.30628307163827356
17.79,0.44001442186083983,-0.2036693333082127,0.0018505302239088894,-0.013895435186987885
17.824,0.44009069446599075,-0.18862099596959908,0.002243311916203299,0.4425981570180158
17.857,0.44016225230264416,-0.188829747409449,0.0021684192925278205,-0.006325801207573578
17.891,0.42726252310845286,-0.1832504180439303,-0.37940379982916794,0.16409792251526087
17.925,0.4401630412404907,-0.00888854874461025,0.37942700388343864,5.12829027350904
17.958,0.4401477686517291,-0.00785648250243353,-0.00046280572004868815,0.03127473461141793
17.991,0.4400813979733915,-0.007127031836428884,-0.002011232676896608,0.022104565636503586
18.025,0.44002105465338703,-0.02321881927034513,-0.0017748035295437508,-0.47328786570343406
18.057,0.45363812317298274,-0.023085245811077494,0.42553339123736555,0.004174170602113614
18.09,0.4398602594205958,-0.023516924980170547,-0.4175110227995882,-0.013081186942213227
18.125,0.4272482125834037,-0.007182865206927525,-0.36034419534834533,0.4666874220926559
18.158,0.4398254315056296,-0.007990208654273499,0.38112784612804335,-0.02446495294987707
18.19,0.45361593438748643,-0.008365889825898136,0.4309532150580261,-0.011740036613269906
18.224,0.4399414098402174,-0.008306724732434215,-0.40219189844910186,0.001740149807762424
18.258,0.4270596185227731,-0.11939845187574452,-0.37887621521896275,-3.2674037395092306
18.29,0.4538299548756702,-0.12729268944307304,0.8365730110280338,-0.2466949239790159
18.324,0.4401506099257517,-0.12365575305068108,-0.4023336749975725,0.10696871742328515
18.358,0.39064413030625406,-0.20357198202486965,-1.4560729299852717,-2.3504773227703266
18.39,0.4268041014922178,-0.14483900193867627,1.1299990995613665,1.8354056276935413
18.425,0.40206705612943483,-0.13569323029725458,-0.7067727246509395,0.2613077611834758
18.458,0.4138630595645272,-0.13905971539848044,0.357454649548278,-0.10201470003715449
18.49,0.42675210187696144,-0.14328381504198062,0.40278257226357034,-0.13200311385938046
18.525,0.4164721260173913,-0.18518045378758202,-0.2937135959877169,-1.1970468213028922
18.558,0.4398839193843263,-0.11818585306872628,0.7094482838464882,2.0301394157228243
18.59,0.453610681378855,-0.12167443028004978,0.4289613123290219,-0.10901803785385906
18.625,0.4272774970861508,-0.11570412175850976,-0.7523766940772599,0.1705802434725711
18.657,0.41445175738447226,-0.19065285199066345,-0.40080436567745437,-2.3421478197548007
18.688,0.4395736780481934,-0.12168898627818289,0.8103845375394233,2.2246408294349425
18.725,0.3795016312076869,-0.10561108907391599,-1.6235688335270904,0.4345377622774535
18.758,0.42887074796777974,-0.19869342018027644,1.4960338412150398,-2.8206767001929376
18.791,0.4400863154288335,-0.12911043749008266,0.339865680637979,2.1085752330360954
18.825,0.44016850028412,-0.12953363521274272,0.002417201626075046,-0.012446991842943247
18.857,0.4135585268401337,-0.20609530336649068,-0.8315616701245712,-2.3925521298046215
18.89,0.41241630124882395,-0.13187153873328084,-0.03461289670635553,2.2492049888850616
18.925,0.400629192546682,-0.12714764629740316,-0.3367745343469114,0.13496835531079016
18.957,0.4420637076230732,-0.18170040089343625,1.294828596137223,-1.7047735811260327
18.988,0.46842693333990504,-0.11399366704010072,0.850426636026867,2.1840881888173596
19.025,0.4043162213646293,-0.09758092056549737,-1.7327219452777678,0.44358774255685884
19.058,0.40084667566774257,-0.16561815983359635,-0.10513774839050309,-2.061734523275648
19.091,0.41210977059715365,-0.09298436880893138,0.3413059069518379,2.2010239704443095
19.124,0.38546899170439836,-0.19187759978615224,-0.80729633008355,-2.9967645750675076
19.158,0.37400193013640565,-0.11013207763007936,-0.3372665167056434,2.4042800634137333
19.19,0.3973424907871447,-0.11799904989187306,0.729392520335594,-0.24584288318105282
19.224,0.42742758257354363,-0.3539198981223465,0.8848556407764679,-6.938848477367086
19.258,0.4271002453422471,-0.2907391925762204,-0.009627565626368559,1.858256045474356
19.291,0.44012760206506596,-0.3003669368342507,0.3947683855399502,-0.29174982600090754
19.325,0.40117613336043756,-0.3374809396821191,-1.145631432489107,-1.0915883190549882
19.357,0.42683501391500267,-0.29363377160165327,0.801840017330159,1.3702240025145564
19.391,0.40174130746594855,-0.2758977534804105,-0.7380501896780858,0.5216475918012742
19.425,0.4272879226778802,-0.2861730890981793,0.7513710356449934,-0.30221575346376556
19.457,0.45380522270885765,-0.2398361834566263,0.828665625968045,1.4480283012985296
19.491,0.42712367045037924,-0.22522079937978373,-0.7847515370140956,0.4298642375542069
19.525,0.3999084461763624,-0.2980266233749346,-0.8004477727652268,-2.141347764563328
19.557,0.4254164860176751,-0.24685028258099853,0.7971262450410219,1.5992606498105
19.59,0.41250311618141783,-0.24022151274757575,-0.3913142374623274,0.2008718131340161
19.625,0.40069293979330517,-0.2344724350859871,-0.3374336110889317,0.16425936175967465
19.657,0.3834953034383112,-0.2846945834866968,-0.5374261360935618,-1.569442137522176
19.69,0.38434764435344665,-0.2202954206542623,0.025828512579861882,1.9514897828009712
19.725,0.37340042002827534,-0.21466617668573174,-0.3127778378620362,0.16083554195801555
19.757,0.44078866327127525,-0.2167401394637334,2.1058826013437453,-0.0648113368125523
19.791,0.42714149114842903,-0.15237236219402533,-0.4013874153778427,1.8931699196973566
19.824,0.4534375583831049,0.02397682068151406,0.7968505222628749,5.3439146325919005
19.857,0.44009672583734505,0.023615414629586922,-0.40426765290184186,-0.010951698543247365
19.89,0.4400395801719388,0.024745256674484524,-0.001731686830492853,0.034237637724168456
19.924,0.4399669915194983,0.026050238329667626,-0.0021349603658963935,0.03838181338773953
19.958,0.42699175096294,0.026233282147080733,-0.3816247222517268,0.005383641688620958
19.99,0.4536700560169192,0.028273149139215723,0.8336970329368483,0.06374584350421839
20.024,0.43993082549366347,0.026776098800790037,-0.4040950153898444,-0.044030892306634636
20.058,0.3488610540211275,-0.20401191156151252,-2.67852269036879,-6.787882657714997
20.09,0.3012273614122631,-0.21676149205748488,-1.4885528940270114,-0.3984243904991358
20.124,0.23700472678073561,-0.3548452789352023,-1.8889010185743973,-4.061287849344759
20.157,0.22936884366253293,-0.612667367258778,-0.23139039752128457,-7.812790555259574
20.191,0.22265671820403574,-0.5950731762970203,-0.19741545466168856,0.517476204757597
20.225,0.22943757981840882,-0.6135262202788004,0.19943710630507605,-0.5427365876993769
20.257,0.24903282524560066,0.4528638887703658,0.6123514195997447,33.32469090778642
20.29,0.24992829495563354,0.37718997654637015,0.027135445758573882,-2.2931488552727557
20.324,0.23352654955870183,-0.09913374786577739,-0.4824042763803092,-14.009521306238614
20.357,0.24192407206498512,-0.1622337773434459,0.25447037897829905,-1.9121221053840278
20.387,0.2662043379963854,-0.17892213048366512,0.8093421977133113,-0.556278438007286
20.423000000000002,0.22857204186731792,-0.15352866981627716,-1.0453415591407231,0.7053739074274166
20.458,0.1559770250416881,-0.09234266666361066,-2.07414333787534,1.7481715186477849
20.49,0.10116185527167013,-0.1010013476708537,-1.71297405531306,-0.27058378147634476
20.525,0.030531215554499502,-0.09514371984991207,-2.018018277633438,0.16736079488404573
20.558,-0.0365689168084899,-0.09791297198038136,-2.033337344332935,-0.08391673122633889
20.591,-0.1039026569942823,-0.09791385013828331,-2.0404163692663593,-2.6610845513672522e-05
20.625,-0.17057182509229918,-0.09794261813068363,-1.9608578852358527,-0.0008461174235386648
20.658,-0.2385719713266051,-0.09794365704722437,-2.060610491948586,-3.148231941639132e-05
20.69,-0.3154647956264806,-0.10100113199321961,-2.4029007593711076,-0.09554609206235132
20.722,-0.3638400983318565,-0.49551919822688156,-1.511728209542995,-12.328689569801924
20.757,-0.2884246431902047,-0.8937662097980734,2.15472728976147,-11.37848604489115
20.79,-0.30590509736649807,-1.7895976399383258,-0.5297107326149869,-27.146406973948935
20.824,-0.347323974787841,-2.475408653046351,-1.2182022770982328,-20.17091215023457
20.857,-0.2779654516197335,-1.713199925815476,2.101773429336737,23.097234158512975
20.89,-0.319358425579518,-2.399338688040052,-1.2543325442358455,-20.792083703774235
20.924,-0.32714172074276476,-1.4929991498788902,-0.22892044597785352,26.657045240035014
20.957,-0.3951415831385098,-1.4929962406815425,-2.060601890780074,8.815749538451575e-05
20.991,-0.427056993111803,-1.2480275879104763,-0.9386885286263013,7.204960375619822
21.024,-0.43465131220296405,-0.6989582208393144,-0.2301308815503258,16.63846566882246
21.058,-0.39624726830848406,-0.4919138546599174,1.129530702778859,6.0895401817471635
21.091,-0.4083031571040424,-0.5068834132110375,-0.3653299635017545,-0.4536229863975612
21.125,-0.38368538178304473,-0.391335604835447,0.7240522153234842,3.398464952223357
21.157,-0.39576720310932745,-0.4036999081508782,-0.37755691644633455,-0.38638447860722475
21.19,-0.38374592363610527,-0.39183534860257235,0.36428119615823407,0.35953210752440584
21.224,-0.3836652326566084,-0.39200935555420025,0.002373264102849101,-0.005117851518467572
21.258,-0.36987789789721903,-0.10954664821835068,0.4055098458644061,8.30772668634878
21.29,-0.3929795602324818,-0.11613787810975652,-0.7219269479769613,-0.2059759341064324
21.324,-0.3808935409857117,-0.11382653181249348,0.35547115431674203,0.06798077344890797
21.358,-0.46453475285221985,-0.5221889437309942,-2.46003564313267,-12.010659174073933
21.39,-0.45371514454659906,0.06030672745239713,0.3381127595506493,18.202989724480965
21.425,-0.42718745200495317,0.05641001849040683,0.7579340726184508,-0.11133454177115094
21.457,-0.4357720177691465,-0.6336567265754789,-0.26826768013104063,-21.56458578330891
21.49,-0.38375682747461165,-0.0188007091072264,1.5762178877132866,18.632000529342285
21.525,-0.3727862450584276,-0.01806885631039424,0.31344521189097124,0.020910079909490224
21.557,-0.3656868821734064,-0.6341414795869105,0.22185509015691296,-19.252269477391117
21.591,-0.2935037848222423,-0.07100845945207761,2.123032275034083,16.56273588631741
21.624,-0.3116251620309147,-0.0756641308619574,-0.549132642687081,-0.14108095181454913
21.657,-0.22341481722234,-0.8629710577369948,2.6730407517748906,-23.857785662879014
21.691,-0.21686783026824294,-0.8378894057868082,0.19255843982639012,0.737695645593748
21.725,-0.3754198079291608,-0.041782614090355934,-4.663293460614892,23.414905638129245
21.757,-0.31706762559926854,-0.043602154290087146,1.8235056978091313,-0.05686063124160033
21.79,-0.2623625272376101,-0.06325738884128015,1.6577302533837046,-0.5956131682180115
21.824,-0.26241945752209234,-0.06375109019527092,-0.001674420131830059,-0.014520628058550897
21.858,-0.30026870421177393,-0.316110190239885,-1.1132131379318468,-7.42232647190065
21.891,-0.3700226493312303,-1.0828625486353305,-2.1137559127109466,-23.234919951378753
21.925,-0.309255402901508,0.509050938724327,1.7872719538152322,46.82098492233946
21.957,-0.38028560261239497,-0.1289200405926504,-2.219693740965216,-19.93659310365553
21.991,-0.35791580466917605,-0.12133734247560579,0.6579352336241067,0.22302053285425988
22.024,-0.2829597747288268,0.4114458260133191,2.2713948466771647,16.144944499663776
22.058,-0.32419314376750696,-0.2266290689369089,-1.2127461481965147,-18.7669086750073
22.091,-0.33398991292327357,-0.23322452641386887,-0.2968717925989768,-0.1998623477866582
22.125,-0.33663385912908594,-0.12418050392409125,-0.07776312370036645,3.207177132052385
22.158,-0.3366719589059188,-0.12407879824935604,-0.001154538691904015,0.0030819901434909667
22.19,-0.3472489776050331,-0.1277347679124129,-0.3305318343473221,-0.1142490519705266
22.214,-0.4771060406740279,-0.17517236727946073,-5.4107109612087125,-1.9765666402938775
22.255,-0.2274226183549807,-0.19299812928435117,6.089839568757194,-0.43477468304610445
22.291,-0.31586475283175597,-0.7003055437838888,-2.456725957688109,-14.09187262498662
22.324,-0.34618530282108506,-0.7327822712470401,-0.9188045451311498,-0.9841432564590941
22.358,-0.32621340560348633,-0.6904288730485146,0.5874087416940991,1.245688182309612
22.391,-0.33609171580033814,-0.7108293036038268,-0.29934273323795463,-0.6181948653125326
22.425,-0.22873229776958884,-0.4004969455591788,3.157629942080632,9.12742229543016
22.458,-0.23549708299700933,-1.1659342793160756,-0.2049934917400293,-23.195070719907584
22.49,-0.2548183902099659,-1.351886498202877,-0.6037908504048917,-5.81100684021254
22.524,-0.23836008106396092,-1.2948567893231497,0.4840679160589343,1.6773443788153886
22.558,-0.23141354750806106,-1.254919346362868,0.2043098104676494,1.1746306753024396
22.591,-0.23841285066562343,-1.2934392927770277,-0.21210009568369997,-1.16727110345934
22.624,-0.24563610919544068,-1.333206538953928,-0.21888662211568968,-1.20506806596676
22.657,-0.1674968244182019,-1.1659352451370621,2.3678571144616916,5.068827085359381
22.69,-0.10016235242244041,-1.1659267334504178,2.0404385453260288,0.0002579298983150457
22.724,-0.033491499866445805,-1.165879749641666,1.960907428117551,0.0013818767279938145
22.758,0.03349277683265356,-1.1316031397795168,1.9701257852676912,1.0081355841808908
22.791,0.10183734076206334,-1.1659429502254517,2.071047391800218,-1.0406003165434432
22.825,0.16850520541731667,-1.1659275885211433,1.960819548683984,0.0004518148325994528
22.858,0.10050963542247945,-1.165868780911117,-2.060471818025292,0.0017820487886757296
22.89,0.03421242415041867,-1.2023057579197545,-2.0717878522518975,-1.1386555315199196
22.925,-0.03257508219616551,-1.132073195809235,-1.9082144670452543,2.0066446317291216
22.958,-0.10149678459176667,-1.1659455803392151,-2.088536436230484,-1.0264358948479566
22.99,-0.17410634563697855,-1.2023809580342149,-2.2690487826628694,-1.13860555296874
23.024,-0.23549719015928933,-1.1659446005174214,-1.80561307418548,1.071657574023258
23.057,-0.16755401564099975,-1.1656125126656849,2.0588840763119487,0.010063268234441643
23.09,-0.10016700375612307,-1.1659884103662592,2.042030663178004,-0.011390839411343045
23.124,-0.03349604392617069,-1.1659356318170315,1.960910583233956,0.0015523102714028265
23.157,0.03450420637163501,-1.1659323744472432,2.0606136453879738,9.87081754044006e-05
23.186,0.1158845626616089,-1.3267510562333975,2.8062191824129012,-5.545471785729476
23.224,0.15076750159874172,-1.0431995890511845,0.9179720772929627,7.461880715321345
23.257,0.23636450582702467,-1.167684540755021,2.593848612978173,-3.7722712637524767
23.29,0.25053296522477425,-1.3447830436806691,0.4293472544772899,-5.366621300777593
23.325,0.2433513824665308,-1.3066539516789506,-0.20518807880695517,1.0894026286205254
23.357,0.2547117463993229,-0.6389863575759652,0.3550113728997539,20.864612315718276
23.39,0.2610818311383313,-0.7977085667855075,0.19303287087903367,-4.8097639154404925
23.424,0.2505230720779489,-1.0208183985930184,-0.31055173707008027,-6.562053876691705
23.457,0.2505831466370812,-1.0213584881063444,0.0018204411858277212,-0.01636634888866816
23.49,0.2506300958989304,-1.0216696128479799,0.0014227049045221392,-0.009428022473801133
23.524,0.31369249308306835,-0.6200287473059987,1.8547763877686274,11.812966633586823
23.558,0.36085378647201877,-0.7211634200591763,1.3870968643809387,-2.974549198622967
23.59,0.453758272448295,-1.6453608975774983,2.9032651867586288,-28.881171172447534
23.625,0.42749302283304197,-1.4809667758857377,-0.75043570329294,4.696974905478855
23.657,0.45383614082815843,-1.571937760320978,0.8232224373473886,-2.842843263601261
23.691,0.42712323339264874,-1.4796790327340439,-0.7856737481032512,2.7134919878510924
23.725,0.4400377292328258,-1.524873518868155,0.3798381129463566,-1.3292495921796428
23.757,0.31328243342660594,-0.7662499719175868,-3.961102993944367,23.706985842205235
23.79,0.2543381506306126,-0.9665639395638479,-1.7861903877574985,-6.070120231705305
23.824,0.22794838616107357,-1.264671315654947,-0.7761695432216797,-8.767864002678746
23.857,0.22796570906423766,-1.2648881949558262,0.0005249364595177747,-0.006572100026643294
23.891,0.22129137592771073,-1.2280673803875248,-0.19630391578021014,1.0829651343618383
23.925,0.2428525350285382,-0.8316095705722222,0.6341517382595857,11.660523818096289
23.958,0.24289325070634069,-0.8321168817232353,0.001233808418256981,-0.015373065182216261
23.99,0.2505220652665687,-0.858595998834235,0.23840045500712612,-0.82747240971874
24.025,0.2590865611063407,-1.0072652182839634,0.24469988113634128,-4.247691984277938
24.058,0.266754763157803,-1.0390925537834546,0.23236975913521216,-0.9644647121057552
24.09,0.2750773644519928,-1.0714049154648455,0.26008129044343176,-1.0097613025434664
24.124,0.26670963577399903,-1.0383518113878802,-0.2461096669998252,0.972150119910774
24.158,0.31285749652734113,-0.9381237268916452,1.3572900221570217,2.9478848381243443
24.19,0.3997464829801033,-1.0230236636389463,2.715280826648815,-2.653123023353154
24.225,0.42234876349718253,-1.2008148596290449,0.6457794433451186,-5.0797484568599405
24.257,0.45371695179301624,-1.3425276883543686,0.9802558842448026,-4.428525897666364
24.29,0.43996950640677795,-1.3018220148085313,-0.41658925412846204,1.2335052589648532
24.324,0.4399769945549754,-1.3017277246248544,0.00022023965286628537,0.0027732406963793246
24.357,0.3667746440514791,-1.2360340644573118,-2.2182530455606497,1.990716974774158
24.39,0.2994373562679329,-1.2361583463359225,-2.0405238722285954,-0.0037661175336570715
24.424,0.2481728907149273,-0.7594807670095016,-1.5077783986178594,14.019928803718706
24.457,0.3674371662859602,-1.2361377847574384,3.6140689566978295,-14.444152052967233
24.491,0.3996034715031438,-1.2852496558066115,0.9460678005054304,-1.4444667955639618
24.524,0.4533312272009595,-1.5290260950960064,1.6281138090246559,-7.3871648269510795
24.557,0.4400782349461801,-1.4830523919297325,-0.40160582590243354,1.393142520190216
24.59,0.44008234228343673,-1.4829990964671296,0.00012446476535279752,0.0016150140182699141
24.624,0.4400473856583161,-1.4834428331764713,-0.0010281360329603955,-0.01305107968652172
24.657,0.43999807903030086,-1.4216658775658604,-0.001494140242885462,1.8720289578972296
24.691,0.4270542553154128,-1.3798832103349568,-0.3807006974967197,1.2289019773795575
24.724,0.3951178015334584,-1.3202143937133426,-0.9677713267258549,1.8081459582306636
24.758,0.39968705401190613,-1.3396995637954001,0.13438977877787925,-0.5730932377075925
24.791,0.4116986683572308,-1.3801754000197708,0.3639883134946729,-1.2265404916475497
24.825,0.41175581339884326,-1.3807411085531394,0.0016807365180139331,-0.016638486275546694
24.858,0.4400484853252966,-1.2313979906517925,0.8573536947409781,4.525549027313371
24.89,0.453843102332582,-1.2716276981609809,0.43108178147766846,-1.2571783596621369
24.925,0.42753416016071777,-1.197606178611108,-0.7516840620532611,2.1149005585677854
24.957,0.4247103282519026,-1.7838125605471944,-0.08824474715047456,-18.31894943550268
24.991,0.427050085132438,-1.5350153143708414,0.06881637883927845,7.317566064010615
25.024,0.4533294076402867,-1.6294291937216259,0.7963431062984153,-2.861026646993361
25.057,0.34378014225134296,-1.7290891106822455,-3.319674708756102,-3.01999748365535
25.09,0.33208814400418324,-1.120767836183003,-0.3543029771866447,18.433978015127863
25.125,0.32256522211481375,-1.0882255409484065,-0.27208348255341275,0.9297798638456075
25.157,0.41253537836270826,-1.1564654437689799,2.8115673827467007,-2.1324969631429154
25.191,0.42705699489583726,-1.01294518891103,0.42710636862145474,4.221183966410426
25.225,0.4086434830718122,-0.6430462362905887,-0.5415738771771684,10.879380959423951
25.257,0.42150046743663727,-0.6638864926981203,0.4017807614007832,-0.6512580127353625
25.29,0.4087443949292152,-0.6445784594561582,-0.38654765174008926,0.5850919164231336
25.325,0.4577891381177283,-0.9008512669155562,1.4012783768146542,-7.322080213125626
25.358,0.4400648511733724,-0.5295121471973885,-0.537099604374401,11.252700597519807
25.391,0.4400438653967266,-0.5292287963157541,-0.0006359326256313208,0.008586390352556254
25.425,0.4399561121883711,-0.5283284519253791,-0.0025809767163370986,0.026480717363968884
25.458,0.4397788951526019,-0.5645127647023468,-0.005370213205128502,-1.096494326574854
25.491,0.4397505114513056,-0.5638779747622067,-0.0008601121604928158,0.019236058792123555
25.525,0.4397978517797276,-0.5639409195153368,0.0013923626006460182,-0.0018513162685314568
25.558,0.4399040138390806,-0.3416595178043251,0.003217032101607249,6.735800051848583
25.59,0.45368408062085736,-0.3523957729353735,0.43062708693052254,-0.3355079728452629
25.624,0.440011818167016,-0.41630644506038966,-0.40212536628946405,-1.8797256507358293
25.658,0.4271448741947764,-0.40441094734960803,-0.3784395285952544,0.34986757972884613
25.69,0.4539231117865122,-0.4299490872734342,0.8368199247417416,-0.798066872619568
25.725,0.4276657082319406,-0.40526273048238937,-0.7502115301306131,0.705324479744136
25.755,0.48940598915970207,-1.0008235265739802,2.058009364258881,-19.85202653638796
25.789,0.40176237095435585,-0.38768270901987306,-2.5777534766276426,18.033553457472426
25.825,0.415556644218581,-0.2857638879558429,0.38317425733961125,2.831078362889899
25.851,0.5584587664482609,-0.38400579269701707,5.496235470372344,-3.778534797737497
25.889,0.38202772073752056,-0.2617748665813803,-4.642922255545766,3.216603318832524
25.925,0.41540841057066447,-0.283905336357186,0.9272413842539623,-0.6147352715501346
25.956,0.44527196376319694,-0.9176788776085592,0.9633404255656008,-20.44430778230315
25.991,0.38974363718506766,-0.23977463876471466,-1.586523616517973,19.36869253839548
26.025,0.41318348810469396,-0.253381272306468,0.6894073799890308,-0.4001951041692287
26.057,0.3981489812923559,-0.2264954304199205,-0.46982833788556483,0.8401825589546085
26.086,0.43913832637979944,-0.24928061957575237,1.4134256926704718,-0.7856961777873078
26.123,0.3546803908214419,-0.20149063888336213,-2.282646906982476,1.2916210997942406
26.157,0.3989267295046594,-0.13448734145978775,1.3013629024476143,1.9706852183404857
26.19,0.4111467301033245,-0.13907387020334921,0.37030304844438205,-0.13898571950185742
26.225,0.3994535086743257,-0.13508679446088778,-0.33409204082853455,0.11391644978461189
26.257,0.4280924178791107,-0.12381865221708077,0.8949659126495291,0.35212944511896876
26.291,0.42705711052423445,-0.03786316578433133,-0.030450216319889933,2.52810254213977
26.324,0.4533678298054766,-0.03954737430271599,0.7972945236739735,-0.05103662176923001
26.357,0.44001929144166013,-0.20145011575448976,-0.4045011625399204,-4.906143680357124
26.391,0.42693974929493117,-0.19435216575435393,-0.3846924160802758,0.20876323529811922
26.424,0.45317549556396547,-0.20586550036333695,0.7950226142131305,-0.3488889275449267
26.455,0.44172815604815957,0.14909590125105857,-0.3692690166389142,11.450367794013198
26.489,0.42700397914796695,0.05888009959582833,-0.43306402647622205,-2.6534059310359908
26.523,0.43987282905929054,0.059974253148607146,0.3784955856271764,0.0321809868464368
26.557,0.4270139863151185,-0.10400354559193269,-0.37820125718154257,-4.822876433545442
26.589,0.45377140912473696,-0.1108477879059321,0.8361694628005761,-0.21388257231248137
26.625,0.41564766221196126,-0.1017039025056897,-1.058992969799285,0.25399681667339036
26.658,0.4137422657978561,0.010398353535645161,-0.057739285275911226,3.3970380618585034
26.69,0.42678433277334527,0.009601061375488764,0.40756459298403563,-0.024915380004887373
26.725,0.402040848646157,0.009461501264162018,-0.7069566893482326,-0.0039874317521927495
26.757,0.4537482708417087,0.17637640119153572,1.6158569436109889,5.216090622730424
26.79,0.44006980257423095,0.17163488649761893,-0.41449903840844593,-0.1436822634520339
26.824,0.4399662644121268,0.17226121707150416,-0.0030452400618873536,0.018421487467211173
26.857,0.4398818617437877,0.09360126785740816,-0.0025576566163362305,-2.383634824669742
26.877,0.7256621738285033,0.15469884869699135,14.289015604236084,3.0548790419792247
26.924,0.3181085366481735,0.0668925304244054,-8.671353982560097,-1.868219537714571
26.957,0.4397810635319719,0.07980001873652807,3.6870462692058714,0.3911360094582479
26.99,0.4398488304016888,0.07959709552363692,0.002053541506573908,-0.006149188269429422
27.025,0.42735206482878313,0.07716488827209307,-0.3570504449401611,-0.06949163575839534
27.057,0.4537486135505107,0.11121417322480777,0.8248921475539863,1.0640401547723333
27.091,0.42712702873906444,0.10458345129762818,-0.7829877885718923,-0.19502123315232667
27.124,0.45348741033177087,0.13128855312195348,0.7987994422032808,0.8092455098280957
27.15,0.5587448917997966,0.1616518082947745,4.048364671847174,1.167817506646971
27.191,0.3543624565845697,0.10264586543800096,-4.984937444273781,-1.4391693379700732
27.224,0.4535768891146616,0.13204878400391917,3.0064979554572155,0.8909975323005183
27.258,0.427171979713309,0.108139707567489,-0.7766149823927481,-0.7032081304832627
27.291,0.4400098184184007,0.11146591811161533,0.38902541530579426,0.10079425891291507
27.325,0.439891463820255,0.11211753233197731,-0.0034810175925203113,0.019165124128294353
27.357,0.45363984620009706,0.2522867197056631,0.4296369493700637,4.380287105427676
27.39,0.43977001506730784,0.24435479605350494,-0.420297913114809,-0.2403613227926618
27.425,0.42720148704471667,0.23646885687293723,-0.3591008006454607,-0.2253125480162193
27.456,0.4137309081977316,0.0851582925333405,-0.4345348015156635,-4.880985946438792
27.476,0.6820623627085733,0.3015059080406399,13.416572725542371,10.817380775365201
27.524,0.29282067692410374,0.12906109098303542,-8.109201787176143,-3.5926003553666246
27.557,0.4152595783469485,0.01496164945198435,3.7102697400864635,-3.4575588342745163
27.591,0.4271136125086677,0.11365286897537101,0.3486480635799513,2.9026829271582204
27.625,0.44018646584872495,0.13200645209010048,0.38449568647228444,0.5398112680802957
27.657,0.4540174558691917,0.13607327585845586,0.4322184381395848,0.1270882427611054
27.69,0.440279463496535,0.13209626165710586,-0.4163027991713982,-0.12051558185908613
27.724,0.440204326009725,0.1477067489300812,-0.0022099260826482945,0.45913197861693644
27.758,0.4271173128733501,0.14389225232401825,-0.384912151069862,-0.11219107664891387
27.79,0.4537137479866154,0.15315257406576785,0.8311385972895403,0.28938505442967455
27.825,0.427312324001491,0.15441241274836656,-0.7543263995749799,0.03599539093139165
27.858,0.4397193446730061,0.15788352014033902,0.3759703233792316,0.10518507248400982
27.89,0.45347915117852905,0.16283518159652663,0.42999395329759155,0.15473942050586273
27.925,0.4272345868648394,0.1532834463214166,-0.7498446946768442,-0.2729067221459996
27.957,0.4536178619225187,0.17992942549525645,0.8244773455524771,0.8326868491824945
27.99,0.43994005083111404,0.17438908210733012,-0.4144791239819879,-0.16788919357353696
28.025,0.42744184577223937,0.16924457228576711,-0.35709157311070333,-0.1469859949017995
28.057,0.45384873139008614,0.21314606389998808,0.8252151755577106,1.371921612944404
28.091,0.4272214344909824,0.20054808128198526,-0.7831557911500536,-0.37052890052946785
28.124,0.4535843240622516,0.21273157638203408,0.7988754415536679,0.36919682121362635
28.157,0.3885763666459349,0.031703249428537326,-1.9699381035246724,-5.485706877378481
28.19,0.4137185142727716,0.22207504831310002,0.761883261419265,5.768842390441074
28.225,0.40190799926966303,0.2157663605496592,-0.33744328580310123,-0.18024822181259406
28.257,0.4278431304110445,0.06380438757859203,0.81047284816817,-4.748811655345845
28.29,0.4399962644616005,0.2522155508007449,0.368276789410814,5.709429188550486
28.325,0.42742726391431174,0.14547291364564727,-0.35911430135110617,-3.049789633002778
28.357,0.4535342677975978,0.15565190175078056,0.8158438713526891,0.31809337828541506
28.39,0.4397671697113712,0.15055510903465003,-0.41718479049169976,-0.1544482641251618
28.423000000000002,0.4531606876848541,0.1549537119489072,0.40586418101461874,0.13329099740172742
28.458,0.414764496720694,0.12710428613725275,-1.0970340275475394,-0.7956978803330618
28.491,0.4399730050703117,0.13455817336235956,0.7638941924126282,0.2258753704577737
28.522,0.48263301137357356,0.14735184799281592,1.3761292355891461,0.41269918162764035
28.557,0.41497763709852625,0.14231537812642658,-1.9330106935727724,-0.14389913903969476
28.591,0.42725594635219627,0.14637499518737818,0.36112674275497425,0.11940050179268522
28.624,0.4535981334221508,0.15497777942511365,0.79824809302898,0.26069043144654763
28.658,0.42730012766212727,0.12932068275818054,-0.7734707576476938,-0.7546204902038601
28.69,0.45391973401914903,0.13707762202384,0.8318626986569294,0.2424043520518578
28.725,0.4274791016953883,0.1299520864079027,-0.7554466378217329,-0.20358673188392173
28.757,0.4537249243136126,0.15314295181716994,0.8201819568195098,0.7247145440396005
28.79,0.43979281354741545,0.1485692730446179,-0.4221851747332767,-0.13859632644098083
28.825,0.42718896982457,0.14514192246931343,-0.3601098206527258,-0.09792430215155579
28.858,0.3887023560405107,0.05390715802437791,-1.1662610237593292,-2.764689831664608
28.89,0.42638070813874285,0.14717600808360476,1.1774485030697543,2.9146515643508364
28.924,0.41516025278330315,0.04815035167599026,-0.3300133928070604,-2.912519306106401
28.957,0.43995985939896554,0.13658170037231282,0.7515032307776195,2.6797378392824003
28.99,0.44001249338964726,0.13645382996082378,0.0015949694145979134,-0.0038748609542135866
29.024,0.440090004326744,0.13625861476928916,0.002279733444021493,-0.0057416232804295845
29.057,0.44016806899566296,0.13027569386957283,0.0023655960278475764,-0.18130063332474997
29.091,0.427278091293274,0.12604982119720823,-0.37911699124670706,-0.12429037271659685
29.124,0.45357665722170604,0.1329773151596307,0.7969262402555722,0.2099240594673626
29.157,0.44019317718745055,0.14464008765386346,-0.4055600010380298,0.35341734831007005
29.19,0.4401078277428756,0.14518840085119838,-0.002586346805301258,0.01661555143439091
29.224,0.4400075717866913,0.1459730886541317,-0.002948704593655739,0.023079053027451005
29.257,0.43987054279007265,0.11761219368863872,-0.004152393836928932,-0.8594210595603606
29.29,0.43978806306107515,0.11879929340442293,-0.0024993857271970736,0.035972718660129986
29.324,0.4397647987534606,0.11960714266465636,-0.0006842443416048847,0.023760272359805077
29.357,0.439791618152031,0.1153077534168015,0.0008127090475882434,-0.13028452266227764
29.391,0.42691742008056094,0.11173182367858434,-0.37865288445501366,-0.10517440406521392
29.424,0.4532552897999664,0.11837157587990085,0.798117264224377,0.20120461216109897
29.457,0.43999832783334836,0.1323044225504283,-0.40172612020053083,0.4222074748644518
29.49,0.44007192964623926,0.13217680732698725,0.002230357966391063,-0.0038671279830621193
29.525,0.42757352951055205,0.12818698032874462,-0.3570971467339187,-0.1139950570926461
29.557,0.45393200157603003,0.23664773432727196,0.8237022520461861,3.389398562453976
29.59,0.44020541540915054,0.22871624768753507,-0.41595715657209015,-0.24034807999201785
29.624,0.44018310576111286,0.22780513951051093,-0.0006561661187552329,-0.02679729932424024
29.656,0.40088792592038136,0.03479256342556189,-1.2279743700228583,-6.031643002654652
29.689,0.41367291730823147,0.21240257165330595,0.38742398144998863,5.3821214614465855
29.725,0.3905732821910283,0.20055296991298505,-0.6416565310333964,-0.3291556038977904
29.757,0.4537075258259447,0.12944477709463376,1.972945113591135,-2.222131025573476
29.791,0.42698764542753664,0.12141819820634403,-0.7858788352473208,-0.23607584965558767
29.824,0.45315843715941345,0.13058607137956318,0.7930542949053278,0.2778143385823881
29.858,0.42688394386828965,0.09935709454836372,-0.7727792144448422,-0.9184993185647192
29.89,0.45363303445390063,0.10522678776325725,0.8359090808003423,0.1834279129654226
29.924,0.4399587110601182,0.10178270833779682,-0.4021859821700845,-0.10129645369001597
29.957,0.44003202617325354,0.0794523983479648,0.0022216700950106025,-0.6766760602979142
29.99,0.4401092070213957,0.07914271352814081,0.0023388135800661517,-0.009384388479515534
30.024,0.4401626477451913,0.07866333652469297,0.0015717859939879657,-0.014099323630817865
30.058,0.42722950401220633,0.08217717858127226,-0.38038658038192347,0.103348295781747
30.09,0.45392351874234654,0.08634865872327306,0.8341879603168809,0.13035875443752504
30.124,0.44011613468814387,0.08393945206696843,-0.40609953100597396,-0.07085901930307968
30.158,0.42713078298995166,0.09539714674540008,-0.38192210877033117,0.3369910199538475
30.19,0.4536819535237529,0.1011383561242695,0.829724079181288,0.17941279308966918
30.224,0.43990455119743416,0.09901807499996076,-0.4052177154799759,-0.06236120953849409
30.257,0.43985245588147603,0.15225125628077188,-0.001578645938124873,1.6131267054790637
30.291,0.42687269679517653,0.14868664558917427,-0.38175762018529164,-0.10484149092934475
30.325,0.4398167101649709,0.15356599220652634,0.38070627558220016,0.14351019462800646
30.357,0.37383872656479744,0.04707806150863188,-2.0618119875054197,-3.327747834309199
30.391,0.40140278573923915,0.16125434198493396,0.8107076227777232,3.358125896361933
30.424,0.4261607459328881,0.17154983301121324,0.7502412179893337,0.3119845765539056
30.457,0.4136794324534335,0.039759482961086605,-0.3782216205895184,-3.993646971215807
30.491,0.4015632900909428,0.03823945172730846,-0.3563571283085613,-0.044706800993476355
30.525,0.4137399594444574,0.038513678369533816,0.3581373339269108,0.008065489477216687
30.556,0.46834240137174016,0.19428189417739558,1.7613690944283418,5.024781155091933
30.59,0.4271806265421701,0.0531308056286778,-1.2106404361638639,-4.151502604374184
30.625,0.4275811673781796,0.05164428755827117,0.011444023885985343,-0.042471944868760714
30.658,0.4401119907400617,0.05373081250841035,0.37972192005701905,0.06322802879209402
30.687,0.5006613709383322,0.0611624373440723,2.087909662009334,0.2562629253676541
30.725,0.3936036551877348,0.048742773067226734,-2.8173083092262274,-0.3268332704433021
30.757,0.45358630695883934,0.04875129228581461,1.8744578678470143,0.0002662255808711081
30.791,0.4268768031709737,0.04661620534954341,-0.7855736408196022,-0.06279667459621378
30.824,0.45316511636593465,0.049696791172413664,0.7966155513624227,0.09335108554151933
30.858,0.4269742885697866,-0.03084959473502833,-0.7703184645926145,-2.3690113502189574
30.89,0.45372287490376545,-0.03283895828746772,0.8358933229368387,-0.062167611013730785
30.924,0.4400500010573457,-0.0320455983778491,-0.4021433484241228,0.023334114988783593
30.957,0.44011594818946986,-0.014427080531475575,0.0019983979431561546,0.5338944801931169
30.99,0.4401398831249446,-0.015081530341022272,0.0007253010749926702,-0.019831812410507344
31.025,0.42756207478012404,-0.01562636744141439,-0.3593659527091581,-0.015566774296917583
31.057,0.4264167195150731,0.18992787625768376,-0.03579235203284185,6.423570115596811
31.091,0.4016499596968281,-0.016579543472813485,-0.7284341123012705,-6.07374763913183
31.125,0.4137650998611768,-0.018389026418836683,0.3563276518926209,-0.05322008664774282
31.157,0.4266069810788543,0.027481134456935872,0.4013087880524211,1.4334425273678912
31.191,0.4014626635164152,0.026897945966820345,-0.7395387518364682,-0.017152602650457205
31.224,0.4260891578569764,0.029930252357067675,0.7462574042594017,0.09188807243173377
31.257,0.43986059667453264,0.15521470784775585,0.4173163278047196,3.796498651232831
31.291,0.4269190278450663,0.0012033824046732721,-0.38063437733725747,-4.529744865973161
31.325,0.439865334981567,0.0015988979737849643,0.38077373930885594,0.011632810856226609
31.358,0.4399353548101719,-0.09599962469124171,0.0021218129880266967,-2.9575309898491806
31.391,0.4400104433061665,-0.2499840693541874,0.002275408969534558,-4.6661952928168615
31.424,0.45342061299072317,-0.24995277158285256,0.40636877831988344,0.0009484173131770184
31.458,0.4271896174111085,-0.23596283843049398,-0.7714998699886912,0.4114686221282066
31.489,0.4685467711481918,-0.2597215980177226,1.3341017334541991,-0.7664115995879616
31.525,0.415694412359808,-0.23135872022420922,-1.468121077455196,0.7878577164865306
31.558,0.4401448023999823,-0.13054493962023134,0.7409209103082857,3.054963048605275
31.59,0.4538943858055729,-0.1345192161150809,0.42967448142470493,-0.1241961404640483
31.625,0.4274267799656695,-0.12712925952501664,-0.7562173097115219,0.21114161685897773
31.658,0.43991699266076734,-0.20934441537220666,0.37849129379082846,-2.491368359005664
31.691,0.43985028971202894,-0.2083107291040921,-0.0020213014769212083,0.031323826306504134
31.724,0.4531311590392845,-0.21356898695560647,0.4024505856743964,-0.15934114701558108
31.757,0.4398322206122576,-0.332879001509477,-0.4029981341523166,-3.615454986480789
31.791,0.4269266260458837,-0.3230574255449963,-0.37957631077571374,0.28886988130826635
31.825,0.4399489878345567,-0.18956407195753314,0.38301064084333564,3.9262751055137466
31.857,0.45376019863343103,-0.19550250274882314,0.43160033746482207,-0.18557596222781234
31.891,0.42714365550144967,-0.1842223585659487,-0.7828395038818297,0.33176894655514083
31.925,0.4401597202899237,-0.19011245251827028,0.38282543495508986,-0.17323805742120998
31.957,0.4539515236139909,-0.21270504100986393,0.4309938538770999,-0.706018390362301
31.99,0.44019905214695376,-0.20726953839355414,-0.41674155960721454,0.16471220049424753
32.025,0.36266098565350197,-0.09456278560419015,-2.215373328384328,3.220192936838958
32.057,0.31486850706647906,-0.1003874117218305,-1.4935149558442986,-0.1820195661762403
32.09,0.2379934056152616,-0.09734456195111449,-2.329548528824683,0.09220756880957241
32.124,0.17132633820238732,-0.0973447301153437,-1.9607961003787178,-4.946006741423707e-06
32.158,0.1002869291445657,-0.09448101134599302,-2.0893943840536435,0.0842270226279639
32.191,0.03599193251274221,-0.09734432350416342,-1.948333231267305,-0.08676703509606945
32.224,2.4762613293209898e-08,4.037019607495302e-08,-1.090663871216221,2.9498292083144473
32.258,1.3045882115766118e-07,5.663139290844716e-07,3.1087119960127223e-06,1.546893332380663e-05
32.291,1.4557730310118896e-07,5.845173234321138e-07,4.5813581647061994e-07,5.516180105347082e-07
32.325,1.488640790244601e-07,5.953269250117596e-07,9.666988009619325e-08,3.179294582248195e-07
32.358,1.512365201961343e-07,6.026784404867773e-07,7.189215671741207e-08,2.2277319621269964e-07
32.39,1.5745320114389133e-07,6.255783391306135e-07,1.9427127961738563e-07,7.156218326198005e-07
32.425,1.4886444473308489e-07,5.899318367142434e-07,-2.453930403087793e-07,-1.0184714976106736e-06
32.457,1.5769634131855184e-07,6.235704286260825e-07,2.759967682958114e-07,1.0512059972448548e-06
32.49,1.517338290568602e-07,5.989429396890729e-07,-1.8068218974822462e-07,-7.462875435457196e-07
32.522,-6.733591132813319e-05,-0.0008432968395756065,-0.0021089889111624216,-0.026371743203605892
32.558,-6.383290681336712e-05,-0.0007997475110599037,9.73056809657204e-05,0.001209703569880589
32.59,-7.160538186522823e-05,-0.0008971009538060288,-0.00024288984537063248,-0.00304229508581607
32.624,-6.911925391757201e-05,-0.0008659255241477653,7.312141022518515e-05,0.0009169244017136627
32.658,-6.681142704428112e-05,-0.0008369869148193127,6.787726097914619e-05,0.0008511355684839256
32.69,-7.072261940877735e-05,-0.0008859586685950748,-0.00012222476139052085,-0.0015303673054927326
32.725,-6.636806374444158e-05,-0.0008313853134161912,0.00012441587612386604,0.0015592387193965073
32.758,-6.805394146169617e-05,-0.0008524827597610984,-5.10872035531673e-05,-0.0006393165559062543
32.791,-6.778411223252827e-05,-0.0008490842715149058,8.176643308119508e-06,0.00010298449230888672
32.825,-6.751909246605833e-05,-0.000845748383561806,7.794699013820375e-06,9.811435156174013e-05
32.858,-6.726536909697016e-05,-0.000842556149294332,7.688586942067004e-06,9.673437174165261e-05
32.891,-6.701702275790668e-05,-0.0008394340813566396,7.525646638287049e-06,9.460811932400874e-05
32.924,-6.879704692152894e-05,-0.0008617211959105149,-5.394012617036951e-05,-0.0006753671076931635
32.957,-6.654653876125597e-05,-0.0008335263352421092,6.819721697796638e-05,0.0008543897172243838
32.99,-6.633674806266503e-05,-0.000830895596592964,6.3572938966948135e-06,7.971935300439716e-05
33.024,-6.613260121422409e-05,-0.0008283394068860592,6.004319071792716e-06,7.518205020308239e-05
33.058,-6.398806615363212e-05,-0.0008014844452433703,6.307456060564814e-05,0.0007898518130202887
33.088,-7.231088583239124e-05,-0.0009057452315274985,-0.0002774273226252934,-0.003475359542804142
33.124,-6.192395647511975e-05,-0.000775659769510373,0.0002885258154797525,0.003613485056031126
33.156,-6.747287854436866e-05,-0.0008451986805269972,-0.00017340381466404757,-0.002173090969269745
33.19,-6.337590830482829e-05,-0.0007940393144256363,0.00012049912469236769,0.0015046872382753675
33.224,-3.823601808756729e-05,-0.0010058645590488948,0.0007394085358018176,-0.006230154253625448
33.258,2.3115428843187274e-06,-0.0015565969027935263,0.0011925753227023186,-0.01619801011013335
33.29,-6.047419515820663e-06,-0.001577920687862063,-0.0002612175750043847,-0.0006663682833918425
33.321,-1.5129521066852362e-05,-0.0016202650113638388,-0.00029297101777522736,-0.0013659459194121772
33.357,-1.8904729459496863e-05,-0.0013115397278587889,-0.00010486689979567659,0.008575702319584393
33.386,-3.00594947568544e-05,-0.0015822706077405963,-0.00038464707921917945,-0.009335547582130175
33.425,-2.7450590854768025e-05,-0.0011808700730690893,6.689497184837825e-05,0.010292321401835
33.458,-3.585703264263749e-05,-0.001323055765034503,-0.0002547406602384589,-0.004308657332285102
33.491,-3.9568024888579524e-05,-0.0012958851039356965,-0.00011245431048308777,0.0008233533666304697
33.525,-4.2811563962928814e-05,-0.0012716977340353694,-9.539820806909979e-05,0.0007113932323625848
33.558,-4.5607758849540096e-05,-0.0012505645782922652,-8.473317838215685e-05,0.0006403986588819205
33.591,-4.7980085525976395e-05,-0.0012323300811800198,-7.18886871647336e-05,0.000552560518552872
33.624,-5.157252158482866e-05,-0.0012530032101664781,-0.00010886169875309479,-0.0006264584541350783
33.658,-5.0315617130955905e-05,-0.0011666914651787732,3.696777805508219e-05,0.0025385807349325787
33.691,-5.335803196260056e-05,-0.0011898609207249937,-9.219438883771339e-05,-0.0007021047135218069
33.724,-5.6335693273023016e-05,-0.0012148391277835226,-9.023216092190856e-05,-0.0007569153654101009
33.757,-5.582074076926135e-05,-0.0011696766831547744,1.5604621326110446e-05,0.001368558928143832
33.79,-5.679086235943272e-05,-0.0011615316870105645,-2.9397623944585804e-05,0.00024681806497604965
33.825,-5.5985826610280326e-05,-0.001121361815426508,2.3001021404351682e-05,0.0011477106166872075
33.857,-6.017830691629863e-05,-0.001183949377636792,-0.00013101500956308638,-0.00195586131907159
33.89,-5.896843981645138e-05,-0.0011426254122425938,3.666263938930914e-05,0.0012522413755817158
33.925,-5.780340220188767e-05,-0.0011052875098677426,3.3286788987537887e-05,0.001066797210710138
33.957,-6.184096194860464e-05,-0.0011690903984228143,-0.0001261737420848912,-0.0019938402673457677
33.99,-6.025724675850824e-05,-0.0011315395834543122,4.7991369396858684e-05,0.0011379034838939598
34.025,-5.827514636759961e-05,-0.0011011521439589858,5.6631439740252235e-05,0.0008682125570094105
34.057,-6.200135607458551e-05,-0.0011674272811955458,-0.00011644405334329651,-0.0020710980386422677
34.091,-5.820955299264234e-05,-0.0010985941039700067,0.00011152362005715575,0.002024505212515919
34.124,-6.183351997890206e-05,-0.0011660236884480483,-0.00010981718140180565,-0.00204332074175876
34.158,-5.822699193454072e-05,-0.0010979059631472507,0.00010607435424592518,0.002003462508847053
34.19,-6.185919164370517e-05,-0.0011667216205492224,-0.00011350624091140157,-0.002150489293811852
34.224,-5.999570146161516e-05,-0.0011308359449004324,5.4808534767355053e-05,0.0010554610484938569
34.257,-5.9974399292170805e-05,-0.0011308876983306532,6.45520286192449e-07,-1.5682857642671276e-06
34.29,-5.998722548383512e-05,-0.0011305277809014597,-3.886724746762539e-07,1.0906588763439024e-05
34.325,-5.825716096287938e-05,-0.0010981257127997484,4.9430414884444575e-05,0.0009257733743345105
34.358,-5.9975832627412005e-05,-0.0011301858569014785,-5.208095953130094e-05,-0.0009715195182344178
34.391,-5.996677815289559e-05,-0.0011299990044121983,2.743780156489576e-07,5.662196644855305e-06
34.424,-6.178283142332695e-05,-0.0011640509184118301,-5.503191728579684e-05,-0.0010318761818069865
34.458,-5.819764804722071e-05,-0.0010963746782287774,0.00010544656988548114,0.0019904776524427904
34.49,-6.18309278550486e-05,-0.001164718555701641,-0.00011353999399460872,-0.0021357461710267514
34.524,-5.99543838023604e-05,-0.0011292104566231198,5.5192472137889856e-05,0.001044355855250659
34.558,-5.818651841384893e-05,-0.0010958191763724982,5.199604083857419e-05,0.0009820964779594888
34.591,-5.994692631361204e-05,-0.0011288239971207331,-5.334569393221343e-05,-0.0010001460832798072
34.625,-5.994256855209204e-05,-0.001128631418237253,1.2816945647067278e-07,5.664084808241385e-06
34.658,-5.9939277534224406e-05,-0.0011284329220373052,9.972781417072393e-08,6.015036362052764e-06
34.691,-5.993535761205977e-05,-0.0011282391531252784,1.1878552014043624e-07,5.871785212933899e-06
34.725,-5.993174084504734e-05,-0.0011280431630985347,1.063755003655417e-07,5.764412551284641e-06
34.758,-5.992798529063976e-05,-0.0011278453364127045,1.1380467901774368e-07,5.994748055460637e-06
34.79,-6.179691276298596e-05,-0.0011628917103269248,-5.8403983510825417e-05,-0.0010951991848195044
34.824,-5.992058779135106e-05,-0.0011274549865792807,5.518602857749888e-05,0.0010422565808130943
34.857,-5.991679446992522e-05,-0.001127258862965121,1.1494913411649976e-07,5.943139823022721e-06
34.89,-5.991314648667641e-05,-0.0011270647210181578,1.10544946933669e-07,5.8830893019119e-06
34.925,-5.81976678262265e-05,-0.0010946719789829374,4.901367601285923e-05,0.0009255069152921013
34.957,-6.17776807136858e-05,-0.0011618799577282988,-0.00011187540273309075,-0.0021002493357923074
34.99,-5.990191637294857e-05,-0.0011264777315389124,5.6841343658701865e-05,0.0010727947330116674
35.024,-5.989815849967221e-05,-0.0011262811326397393,1.1052568459891422e-07,5.782320563916158e-06
35.057,-5.989439249276303e-05,-0.0011260844361870711,1.1412142149035556e-07,5.960498565701474e-06
35.091,-5.812918654910308e-05,-0.0010927763684688177,5.191782187235302e-05,0.000979649050536897
35.124,-6.170166129493049e-05,-0.0011598060973838204,-0.00010825681047961428,-0.0020312039065151564
35.157,-5.988312666717019e-05,-0.001125497588283708,5.510710993214001e-05,0.0010396517909126803
35.19,-5.987940438956003e-05,-0.001125303924887035,1.127962912168903e-07,5.868587777969269e-06
35.224,-5.9875618216620405e-05,-0.0011251073664574503,1.1135802763612552e-07,5.781130281904367e-06
35.258,-5.811089450325213e-05,-0.0010918252005398558,5.190363862846957e-05,0.0009788872328702525
35.291,-5.9868094638215264e-05,-0.0011247172064800858,-5.324848893828633e-05,-0.0009967274527344174
35.325,-5.9864298917227736e-05,-0.0011245206862939413,1.1163885257431386e-07,5.780005474835053e-06
35.357,-6.173113985053616e-05,-0.0011594593026355183,-5.833877916589475e-05,-0.0010918317606743995
35.391,-5.809625975212783e-05,-0.0010910679471741887,0.00010690823818848384,0.0020115104547450504
35.424,-6.16666711152879e-05,-0.001157992738143277,-0.00010819428373211921,-0.0020280239687601744
35.457,-5.9849134430576225e-05,-0.0011237376611461087,5.5076869233684955e-05,0.00103803263627779
35.49,-5.984537681058328e-05,-0.0011235441393253184,1.1386727251350401e-07,5.86429759970428e-06
35.524,-5.984155836144887e-05,-0.0011233476990652597,1.1230732748254853e-07,5.777654707609346e-06
35.557,-5.9837736245069674e-05,-0.0011231512729636536,1.1582170846054284e-07,5.952306109275211e-06
35.591,-5.807414492451161e-05,-0.001089929622508288,5.187033295759185e-05,0.0009771073663343108
35.625,-5.983013794640385e-05,-0.0011227613945857839,-5.164685358506752e-05,-0.0009656403552204948
35.658,-5.982630696621301e-05,-0.0011225650123236196,1.1609030881332654e-07,5.9509776413405945e-06
35.69,-6.169198635409115e-05,-0.0011574457111419743,-5.830248087119848e-05,-0.0010900218380737038
35.724,-5.981869645582535e-05,-0.0011221752690690344,5.5096761713701766e-05,0.0010373659433217945
35.757,-5.9814857081617e-05,-0.0011219789534777222,1.1634467298028439e-07,5.9489573124921425e-06
35.79,-5.9811071281499163e-05,-0.0011217855817590846,1.1472121569209396e-07,5.859749049622084e-06
35.824,-5.980722444158483e-05,-0.001121589293722358,1.1314235042159172e-07,5.773177550784941e-06
35.857,-5.9803373758879854e-05,-0.001121393019864982,1.166873546962349e-07,5.947692647752682e-06
35.89,-5.9799577016403884e-05,-0.0011211996897130946,1.1505280230211533e-07,5.858489451135964e-06
35.924,-5.979571893821126e-05,-0.0011210034435461436,1.1347288801824521e-07,5.77194608679498e-06
35.957,-5.979185715432096e-05,-0.0011208072109524924,1.1702375425157061e-07,5.9464422318544385e-06
35.991,-5.8029577274548926e-05,-0.0010876546895290371,5.183176116976739e-05,0.0009750741595134205
36.022,-6.556974598894528e-05,-0.0012288452389330855,-0.00024323124885150467,-0.00455453385174367
36.057,-5.636428962937566e-05,-0.0010562088687392497,0.00026301303884481846,0.004932467719823358
36.09,-5.9776488399163565e-05,-0.0011200282795442293,-0.0001033999627208416,-0.0019339215395447619
36.124,-5.977260802957346e-05,-0.0011198321168085794,1.1412851735611727e-07,5.769492224996531e-06
36.158,-5.8010820284235036e-05,-0.0010867054986384444,5.181728662760226e-05,0.000974312299121647
36.19,-6.163254717651125e-05,-0.0011544253475327553,-0.00011317896538364412,-0.002116245277947449
36.225,-5.805354544666025e-05,-0.00108726816497893,0.00010225719228144628,0.0019187766443948071
36.258,-5.975710747918357e-05,-0.0011190505334823372,-5.162309189464406e-05,-0.000963102075860788
36.287,-6.79950967644391e-05,-0.0012731825228120696,-0.0002840685960433298,-0.005314896183784541
36.324,-5.490482139653457e-05,-0.0010279590236181946,0.0003537912261595911,0.006627662140375172
36.358,-5.7988238898375794e-05,-0.0010855691911824724,-9.068875005415648e-05,-0.0016944166930670484
36.39,-6.160853198799308e-05,-0.001153218106408764,-0.00011313415905052764,-0.0021140286008213788
36.424,-5.9737693277385994e-05,-0.0011180760671186051,5.5024667959033795e-05,0.0010335893908870611
36.456,-6.160045642510803e-05,-0.0011528137961068596,-5.821134836630708e-05,-0.0010855540308828313
36.49,-5.7973151381884745e-05,-0.0010848138167527995,0.00010668544244774702,0.001999999392766537
36.525,-5.8019532109001834e-05,-0.0010855626542598318,-1.3251636319169554e-06,-2.1395357343782837e-05
36.558,-5.972206052717639e-05,-0.0011172949877291248,-5.159177024771193e-05,-0.0009615858627058122
36.591,-5.971818725924778e-05,-0.001117101945524681,1.1737175541245957e-07,5.84976377102485e-06
36.625,-5.971425153252702e-05,-0.0011169059927753073,1.1575666825757922e-07,5.7633161580495556e-06
36.658,-5.971031212936624e-05,-0.0011167100536723783,1.1937585335705366e-07,5.937548573606662e-06
36.69,-6.157225371828514e-05,-0.0011514082111253757,-5.8185674653721926e-05,-0.001084317420406287
36.725,-5.799669594798978e-05,-0.0010844262517903426,0.00010215879343699939,0.0019137702667150294
36.758,-5.969853064868632e-05,-0.0011161252443158821,-5.1570748505953734e-05,-0.0009605755310769195
36.791,-5.9694635510265155e-05,-0.0011159322840017289,1.1803449761103416e-07,5.84728224706988e-06
36.825,-5.969067776212781e-05,-0.001115736414630937,1.1640435698062874e-07,5.760863846818451e-06
36.857,-6.155192606539084e-05,-0.0011504012008668619,-5.816400947697608e-05,-0.0010832745698727722
36.89,-5.96828102743507e-05,-0.001115347639313271,5.663987245575964e-05,0.0010622291379875628
36.924,-5.9678841394959795e-05,-0.0011151518109872448,1.1673174679141528e-07,5.759656647829169e-06
36.957,-5.967486889346448e-05,-0.0011149559968614685,1.20378833191352e-07,5.933761387159431e-06
36.99,-5.967095206926617e-05,-0.0011147631182594896,1.1869164237312904e-07,5.844806120573069e-06
37.024,-5.966697217311912e-05,-0.001114567331824137,1.1705576903076798e-07,5.75842456919224e-06
37.051,-7.292143060371398e-05,-0.0013620096820647887,-0.0004909058677997912,-0.009164531490394158
37.089,-5.1809184560180735e-05,-0.0009675762581888753,0.0005555854221982916,0.010379826944103885
37.121,-6.338351203626759e-05,-0.0011836069113811752,-0.0003616977336276738,-0.006750957912258617
37.157,-5.468015264872786e-05,-0.0010209716407714325,0.00024175998298725342,0.004517646405826906
37.19,-5.964713713524135e-05,-0.0011135944472328706,-0.000150514681409494,-0.0028067517109525634
37.225,-5.793904576347787e-05,-0.0010815873509882857,4.880261062180853e-05,0.000914488464130901
37.257,-6.150285260809308e-05,-0.0011479906483426049,-0.00011136896389423752,-0.0020751030423227022
37.291,-5.788120462234524e-05,-0.00108027469993705,0.00010651905840435145,0.001991645541339914
37.325,-5.963116772444584e-05,-0.0011128146344954561,-5.14695030029497e-05,-0.000957056898776483
